
 /----------------------------------------------------------------------------\
 |                                                                            |
 |  yosys -- Yosys Open SYnthesis Suite                                       |
 |                                                                            |
 |  Copyright (C) 2012 - 2020  Claire Xenia Wolf <claire@yosyshq.com>         |
 |                                                                            |
 |  Permission to use, copy, modify, and/or distribute this software for any  |
 |  purpose with or without fee is hereby granted, provided that the above    |
 |  copyright notice and this permission notice appear in all copies.         |
 |                                                                            |
 |  THE SOFTWARE IS PROVIDED "AS IS" AND THE AUTHOR DISCLAIMS ALL WARRANTIES  |
 |  WITH REGARD TO THIS SOFTWARE INCLUDING ALL IMPLIED WARRANTIES OF          |
 |  MERCHANTABILITY AND FITNESS. IN NO EVENT SHALL THE AUTHOR BE LIABLE FOR   |
 |  ANY SPECIAL, DIRECT, INDIRECT, OR CONSEQUENTIAL DAMAGES OR ANY DAMAGES    |
 |  WHATSOEVER RESULTING FROM LOSS OF USE, DATA OR PROFITS, WHETHER IN AN     |
 |  ACTION OF CONTRACT, NEGLIGENCE OR OTHER TORTIOUS ACTION, ARISING OUT OF   |
 |  OR IN CONNECTION WITH THE USE OR PERFORMANCE OF THIS SOFTWARE.            |
 |                                                                            |
 \----------------------------------------------------------------------------/

 Yosys 0.30+48 (git sha1 14d50a176d5, gcc 8.3.1 -fPIC -Os)


-- Executing script file `scripts/synth.ys' --

1. Executing Verilog-2005 frontend: rtl/dma_pkg.sv
Parsing SystemVerilog input from `rtl/dma_pkg.sv' to AST representation.
Successfully finished Verilog frontend.

2. Executing Verilog-2005 frontend: rtl/dma_fifo.sv
Parsing SystemVerilog input from `rtl/dma_fifo.sv' to AST representation.
Generating RTLIL representation for module `\dma_fifo'.
Warning: Replacing memory \mem with list of registers. See rtl/dma_fifo.sv:96
Successfully finished Verilog frontend.

3. Executing Verilog-2005 frontend: rtl/dma_csr.sv
Parsing SystemVerilog input from `rtl/dma_csr.sv' to AST representation.
Generating RTLIL representation for module `\dma_csr'.
Successfully finished Verilog frontend.

4. Executing Verilog-2005 frontend: rtl/dma_fsm.sv
Parsing SystemVerilog input from `rtl/dma_fsm.sv' to AST representation.
Generating RTLIL representation for module `\dma_fsm'.
Successfully finished Verilog frontend.

5. Executing Verilog-2005 frontend: rtl/dma_axi_master_rd.sv
Parsing SystemVerilog input from `rtl/dma_axi_master_rd.sv' to AST representation.
Generating RTLIL representation for module `\dma_axi_master_rd'.
Successfully finished Verilog frontend.

6. Executing Verilog-2005 frontend: rtl/dma_axi_master_wr.sv
Parsing SystemVerilog input from `rtl/dma_axi_master_wr.sv' to AST representation.
Generating RTLIL representation for module `\dma_axi_master_wr'.
Successfully finished Verilog frontend.

7. Executing Verilog-2005 frontend: rtl/dma_axi_top.sv
Parsing SystemVerilog input from `rtl/dma_axi_top.sv' to AST representation.
Generating RTLIL representation for module `\dma_axi_top'.
Successfully finished Verilog frontend.

8. Executing HIERARCHY pass (managing design hierarchy).

8.1. Analyzing design hierarchy..
Top module:  \dma_axi_top
Used module:     \dma_axi_master_wr
Used module:     \dma_axi_master_rd
Used module:     \dma_fsm
Used module:     \dma_fifo
Used module:     \dma_csr
Parameter \ADDR_WIDTH = 32
Parameter \DATA_WIDTH = 32

8.2. Executing AST frontend in derive mode using pre-parsed AST for module `\dma_axi_master_wr'.
Parameter \ADDR_WIDTH = 32
Parameter \DATA_WIDTH = 32
Generating RTLIL representation for module `$paramod$c8bc0509aabc15b64a46d0e677e83bf79e882db8\dma_axi_master_wr'.
Parameter \ADDR_WIDTH = 32
Parameter \DATA_WIDTH = 32

8.3. Executing AST frontend in derive mode using pre-parsed AST for module `\dma_axi_master_rd'.
Parameter \ADDR_WIDTH = 32
Parameter \DATA_WIDTH = 32
Generating RTLIL representation for module `$paramod$c8bc0509aabc15b64a46d0e677e83bf79e882db8\dma_axi_master_rd'.
Parameter \ADDR_WIDTH = 32
Parameter \DATA_WIDTH = 32
Parameter \FIFO_DEPTH = 16

8.4. Executing AST frontend in derive mode using pre-parsed AST for module `\dma_fsm'.
Parameter \ADDR_WIDTH = 32
Parameter \DATA_WIDTH = 32
Parameter \FIFO_DEPTH = 16
Generating RTLIL representation for module `$paramod$009f3b7c956d56e1321a15cdc68bac150250ca09\dma_fsm'.
Parameter \WIDTH = 32
Parameter \DEPTH = 16

8.5. Executing AST frontend in derive mode using pre-parsed AST for module `\dma_fifo'.
Parameter \WIDTH = 32
Parameter \DEPTH = 16
Generating RTLIL representation for module `$paramod$47ec64fb5209bcfd12d6b2912fd6c2f990b84ee3\dma_fifo'.
Warning: Replacing memory \mem with list of registers. See rtl/dma_fifo.sv:96
Parameter \ADDR_WIDTH = 32
Parameter \AXIL_DATA_WIDTH = 32

8.6. Executing AST frontend in derive mode using pre-parsed AST for module `\dma_csr'.
Parameter \ADDR_WIDTH = 32
Parameter \AXIL_DATA_WIDTH = 32
Generating RTLIL representation for module `$paramod$70bf19c0e5ac86e1fb69f77454d9b20d8e513e14\dma_csr'.

8.7. Analyzing design hierarchy..
Top module:  \dma_axi_top
Used module:     $paramod$c8bc0509aabc15b64a46d0e677e83bf79e882db8\dma_axi_master_wr
Used module:     $paramod$c8bc0509aabc15b64a46d0e677e83bf79e882db8\dma_axi_master_rd
Used module:     $paramod$009f3b7c956d56e1321a15cdc68bac150250ca09\dma_fsm
Used module:     $paramod$47ec64fb5209bcfd12d6b2912fd6c2f990b84ee3\dma_fifo
Used module:     $paramod$70bf19c0e5ac86e1fb69f77454d9b20d8e513e14\dma_csr

8.8. Analyzing design hierarchy..
Top module:  \dma_axi_top
Used module:     $paramod$c8bc0509aabc15b64a46d0e677e83bf79e882db8\dma_axi_master_wr
Used module:     $paramod$c8bc0509aabc15b64a46d0e677e83bf79e882db8\dma_axi_master_rd
Used module:     $paramod$009f3b7c956d56e1321a15cdc68bac150250ca09\dma_fsm
Used module:     $paramod$47ec64fb5209bcfd12d6b2912fd6c2f990b84ee3\dma_fifo
Used module:     $paramod$70bf19c0e5ac86e1fb69f77454d9b20d8e513e14\dma_csr
Removing unused module `\dma_axi_master_wr'.
Removing unused module `\dma_axi_master_rd'.
Removing unused module `\dma_fsm'.
Removing unused module `\dma_csr'.
Removing unused module `\dma_fifo'.
Removed 5 unused modules.
Warning: Resizing cell port dma_axi_top.u_fsm.core_err_code from 4 bits to 3 bits.
Warning: Resizing cell port dma_axi_top.u_csr.core_err_code from 4 bits to 3 bits.

9. Executing PROC pass (convert processes to netlists).

9.1. Executing PROC_CLEAN pass (remove empty switches from decision trees).
Cleaned up 0 empty switches.

9.2. Executing PROC_RMDEAD pass (remove dead branches from decision trees).
Marked 24 switch rules as full_case in process $proc$rtl/dma_csr.sv:149$774 in module $paramod$70bf19c0e5ac86e1fb69f77454d9b20d8e513e14\dma_csr.
Removed 1 dead cases from process $proc$rtl/dma_fifo.sv:86$736 in module $paramod$47ec64fb5209bcfd12d6b2912fd6c2f990b84ee3\dma_fifo.
Marked 7 switch rules as full_case in process $proc$rtl/dma_fifo.sv:86$736 in module $paramod$47ec64fb5209bcfd12d6b2912fd6c2f990b84ee3\dma_fifo.
Marked 2 switch rules as full_case in process $proc$rtl/dma_fifo.sv:0$717 in module $paramod$47ec64fb5209bcfd12d6b2912fd6c2f990b84ee3\dma_fifo.
Marked 14 switch rules as full_case in process $proc$rtl/dma_fsm.sv:260$581 in module $paramod$009f3b7c956d56e1321a15cdc68bac150250ca09\dma_fsm.
Marked 20 switch rules as full_case in process $proc$rtl/dma_fsm.sv:0$573 in module $paramod$009f3b7c956d56e1321a15cdc68bac150250ca09\dma_fsm.
Marked 4 switch rules as full_case in process $proc$rtl/dma_fsm.sv:0$557 in module $paramod$009f3b7c956d56e1321a15cdc68bac150250ca09\dma_fsm.
Marked 1 switch rules as full_case in process $proc$rtl/dma_axi_master_rd.sv:118$520 in module $paramod$c8bc0509aabc15b64a46d0e677e83bf79e882db8\dma_axi_master_rd.
Marked 4 switch rules as full_case in process $proc$rtl/dma_axi_master_rd.sv:0$518 in module $paramod$c8bc0509aabc15b64a46d0e677e83bf79e882db8\dma_axi_master_rd.
Marked 1 switch rules as full_case in process $proc$rtl/dma_axi_master_wr.sv:152$494 in module $paramod$c8bc0509aabc15b64a46d0e677e83bf79e882db8\dma_axi_master_wr.
Removed 1 dead cases from process $proc$rtl/dma_axi_master_wr.sv:0$491 in module $paramod$c8bc0509aabc15b64a46d0e677e83bf79e882db8\dma_axi_master_wr.
Marked 5 switch rules as full_case in process $proc$rtl/dma_axi_master_wr.sv:0$491 in module $paramod$c8bc0509aabc15b64a46d0e677e83bf79e882db8\dma_axi_master_wr.
Removed a total of 2 dead cases.

9.3. Executing PROC_PRUNE pass (remove redundant assignments in processes).
Removed 12 redundant assignments.
Promoted 78 assignments to connections.

9.4. Executing PROC_INIT pass (extract init attributes).

9.5. Executing PROC_ARST pass (detect async resets in processes).
Found async reset \rst_n in `$paramod$70bf19c0e5ac86e1fb69f77454d9b20d8e513e14\dma_csr.$proc$rtl/dma_csr.sv:149$774'.
Found async reset \rst_n in `$paramod$47ec64fb5209bcfd12d6b2912fd6c2f990b84ee3\dma_fifo.$proc$rtl/dma_fifo.sv:86$736'.
Found async reset \rst_n in `$paramod$009f3b7c956d56e1321a15cdc68bac150250ca09\dma_fsm.$proc$rtl/dma_fsm.sv:260$581'.
Found async reset \rst_n in `$paramod$c8bc0509aabc15b64a46d0e677e83bf79e882db8\dma_axi_master_rd.$proc$rtl/dma_axi_master_rd.sv:118$520'.
Found async reset \rst_n in `$paramod$c8bc0509aabc15b64a46d0e677e83bf79e882db8\dma_axi_master_wr.$proc$rtl/dma_axi_master_wr.sv:152$494'.

9.6. Executing PROC_ROM pass (convert switches to ROMs).
Converted 0 switches.
<suppressed ~115 debug messages>

9.7. Executing PROC_MUX pass (convert decision trees to multiplexers).
Creating decoders for process `$paramod$70bf19c0e5ac86e1fb69f77454d9b20d8e513e14\dma_csr.$proc$rtl/dma_csr.sv:149$774'.
     1/167: $0\rdata_q[31:0] [31:8]
     2/167: $0\rdata_q[31:0] [0]
     3/167: $0\rdata_q[31:0] [7:3]
     4/167: $0\rdata_q[31:0] [2]
     5/167: $0\rdata_q[31:0] [1]
     6/167: $6\apply_wstrb$func$rtl/dma_csr.sv:275$764.tmp[23:16]$936
     7/167: $5\apply_wstrb$func$rtl/dma_csr.sv:275$764.tmp[15:8]$935
     8/167: $4\apply_wstrb$func$rtl/dma_csr.sv:275$764.tmp[7:0]$934
     9/167: $3\apply_wstrb$func$rtl/dma_csr.sv:275$764.tmp[31:0]$915 [7:0]
    10/167: $3\apply_wstrb$func$rtl/dma_csr.sv:268$763.tmp[31:0]$909 [31:24]
    11/167: $3\apply_wstrb$func$rtl/dma_csr.sv:268$763.tmp[31:0]$909 [23:16]
    12/167: $3\apply_wstrb$func$rtl/dma_csr.sv:268$763.tmp[31:0]$909 [15:8]
    13/167: $3$unnamed_block$56.ctrl_shadow[31:0]$883 [0]
    14/167: $6\apply_wstrb$func$rtl/dma_csr.sv:268$763.tmp[23:16]$932
    15/167: $5\apply_wstrb$func$rtl/dma_csr.sv:268$763.tmp[15:8]$931
    16/167: $4\apply_wstrb$func$rtl/dma_csr.sv:268$763.tmp[7:0]$930
    17/167: $3\apply_wstrb$func$rtl/dma_csr.sv:264$762.tmp[31:0]$903 [31:24]
    18/167: $3\apply_wstrb$func$rtl/dma_csr.sv:264$762.tmp[31:0]$903 [23:16]
    19/167: $3\apply_wstrb$func$rtl/dma_csr.sv:264$762.tmp[31:0]$903 [15:8]
    20/167: $3\apply_wstrb$func$rtl/dma_csr.sv:264$762.tmp[31:0]$903 [7:0]
    21/167: $6\apply_wstrb$func$rtl/dma_csr.sv:264$762.tmp[23:16]$928
    22/167: $5\apply_wstrb$func$rtl/dma_csr.sv:264$762.tmp[15:8]$927
    23/167: $4\apply_wstrb$func$rtl/dma_csr.sv:264$762.tmp[7:0]$926
    24/167: $3\apply_wstrb$func$rtl/dma_csr.sv:260$761.tmp[31:0]$897 [23:16]
    25/167: $3\apply_wstrb$func$rtl/dma_csr.sv:260$761.tmp[31:0]$897 [15:8]
    26/167: $3\apply_wstrb$func$rtl/dma_csr.sv:260$761.tmp[31:0]$897 [7:0]
    27/167: $3\apply_wstrb$func$rtl/dma_csr.sv:231$760.tmp[31:0]$891 [31:24]
    28/167: $6\apply_wstrb$func$rtl/dma_csr.sv:260$761.tmp[23:16]$924
    29/167: $5\apply_wstrb$func$rtl/dma_csr.sv:260$761.tmp[15:8]$923
    30/167: $4\apply_wstrb$func$rtl/dma_csr.sv:260$761.tmp[7:0]$922
    31/167: $3\apply_wstrb$func$rtl/dma_csr.sv:231$760.tmp[31:0]$891 [15:8]
    32/167: $3\apply_wstrb$func$rtl/dma_csr.sv:231$760.tmp[31:0]$891 [7:0]
    33/167: $3$unnamed_block$57.oldv[31:0]$885 [31:8]
    34/167: $3$unnamed_block$57.oldv[31:0]$885 [7:0]
    35/167: $7\apply_wstrb$func$rtl/dma_csr.sv:260$761.tmp[31:24]$925
    36/167: $6\apply_wstrb$func$rtl/dma_csr.sv:231$760.tmp[23:16]$919
    37/167: $5\apply_wstrb$func$rtl/dma_csr.sv:231$760.tmp[15:8]$918
    38/167: $4\apply_wstrb$func$rtl/dma_csr.sv:231$760.tmp[7:0]$917
    39/167: $3$unnamed_block$56.ctrl_merged[31:0]$884
    40/167: $3\apply_wstrb$func$rtl/dma_csr.sv:231$760.$result[31:0]$887
    41/167: $3\apply_wstrb$func$rtl/dma_csr.sv:231$760.i[31:0]$892
    42/167: $3\apply_wstrb$func$rtl/dma_csr.sv:275$764.tmp[31:0]$915 [23:16]
    43/167: $3\apply_wstrb$func$rtl/dma_csr.sv:275$764.tmp[31:0]$915 [15:8]
    44/167: $7\apply_wstrb$func$rtl/dma_csr.sv:275$764.tmp[31:24]$937
    45/167: $7\apply_wstrb$func$rtl/dma_csr.sv:268$763.tmp[31:24]$933
    46/167: $3\apply_wstrb$func$rtl/dma_csr.sv:231$760.strb[3:0]$890
    47/167: $3\apply_wstrb$func$rtl/dma_csr.sv:231$760.newv[31:0]$889
    48/167: $3\apply_wstrb$func$rtl/dma_csr.sv:231$760.oldv[31:0]$888
    49/167: $7\apply_wstrb$func$rtl/dma_csr.sv:264$762.tmp[31:24]$929
    50/167: $7\apply_wstrb$func$rtl/dma_csr.sv:231$760.tmp[31:24]$920
    51/167: $3\apply_wstrb$func$rtl/dma_csr.sv:275$764.i[31:0]$916
    52/167: $3$unnamed_block$56.ctrl_shadow[31:0]$883 [1]
    53/167: $3\apply_wstrb$func$rtl/dma_csr.sv:275$764.strb[3:0]$914
    54/167: $3\apply_wstrb$func$rtl/dma_csr.sv:275$764.newv[31:0]$913
    55/167: $3\apply_wstrb$func$rtl/dma_csr.sv:275$764.oldv[31:0]$912
    56/167: $3\apply_wstrb$func$rtl/dma_csr.sv:275$764.$result[31:0]$911
    57/167: $3\apply_wstrb$func$rtl/dma_csr.sv:268$763.i[31:0]$910
    58/167: $3\apply_wstrb$func$rtl/dma_csr.sv:260$761.tmp[31:0]$897 [31:24]
    59/167: $3\apply_wstrb$func$rtl/dma_csr.sv:268$763.strb[3:0]$908
    60/167: $3\apply_wstrb$func$rtl/dma_csr.sv:268$763.newv[31:0]$907
    61/167: $3\apply_wstrb$func$rtl/dma_csr.sv:268$763.oldv[31:0]$906
    62/167: $3\apply_wstrb$func$rtl/dma_csr.sv:268$763.$result[31:0]$905
    63/167: $3\apply_wstrb$func$rtl/dma_csr.sv:264$762.i[31:0]$904
    64/167: $3\apply_wstrb$func$rtl/dma_csr.sv:231$760.tmp[31:0]$891 [23:16]
    65/167: $3\apply_wstrb$func$rtl/dma_csr.sv:264$762.strb[3:0]$902
    66/167: $3\apply_wstrb$func$rtl/dma_csr.sv:264$762.newv[31:0]$901
    67/167: $3\apply_wstrb$func$rtl/dma_csr.sv:264$762.oldv[31:0]$900
    68/167: $3\apply_wstrb$func$rtl/dma_csr.sv:264$762.$result[31:0]$899
    69/167: $3\apply_wstrb$func$rtl/dma_csr.sv:260$761.i[31:0]$898
    70/167: $3$unnamed_block$56.ctrl_shadow[31:0]$883 [31:2]
    71/167: $3\apply_wstrb$func$rtl/dma_csr.sv:260$761.strb[3:0]$896
    72/167: $3\apply_wstrb$func$rtl/dma_csr.sv:260$761.newv[31:0]$895
    73/167: $3\apply_wstrb$func$rtl/dma_csr.sv:260$761.oldv[31:0]$894
    74/167: $3\apply_wstrb$func$rtl/dma_csr.sv:260$761.$result[31:0]$893
    75/167: $3$unnamed_block$57.merged[31:0]$886
    76/167: $3\apply_wstrb$func$rtl/dma_csr.sv:268$763.tmp[31:0]$909 [7:0]
    77/167: $2\apply_wstrb$func$rtl/dma_csr.sv:275$764.i[31:0]$882
    78/167: $2\apply_wstrb$func$rtl/dma_csr.sv:275$764.tmp[31:0]$881
    79/167: $2\apply_wstrb$func$rtl/dma_csr.sv:275$764.strb[3:0]$880
    80/167: $2\apply_wstrb$func$rtl/dma_csr.sv:275$764.newv[31:0]$879
    81/167: $2\apply_wstrb$func$rtl/dma_csr.sv:275$764.oldv[31:0]$878
    82/167: $2\apply_wstrb$func$rtl/dma_csr.sv:275$764.$result[31:0]$877
    83/167: $2\apply_wstrb$func$rtl/dma_csr.sv:268$763.i[31:0]$876
    84/167: $2\apply_wstrb$func$rtl/dma_csr.sv:268$763.tmp[31:0]$875
    85/167: $2\apply_wstrb$func$rtl/dma_csr.sv:268$763.strb[3:0]$874
    86/167: $2\apply_wstrb$func$rtl/dma_csr.sv:268$763.newv[31:0]$873
    87/167: $2\apply_wstrb$func$rtl/dma_csr.sv:268$763.oldv[31:0]$872
    88/167: $2\apply_wstrb$func$rtl/dma_csr.sv:268$763.$result[31:0]$871
    89/167: $2\apply_wstrb$func$rtl/dma_csr.sv:264$762.i[31:0]$870
    90/167: $2\apply_wstrb$func$rtl/dma_csr.sv:264$762.tmp[31:0]$869
    91/167: $2\apply_wstrb$func$rtl/dma_csr.sv:264$762.strb[3:0]$868
    92/167: $2\apply_wstrb$func$rtl/dma_csr.sv:264$762.newv[31:0]$867
    93/167: $2\apply_wstrb$func$rtl/dma_csr.sv:264$762.oldv[31:0]$866
    94/167: $2\apply_wstrb$func$rtl/dma_csr.sv:264$762.$result[31:0]$865
    95/167: $2\apply_wstrb$func$rtl/dma_csr.sv:260$761.i[31:0]$864
    96/167: $2\apply_wstrb$func$rtl/dma_csr.sv:260$761.tmp[31:0]$863
    97/167: $2\apply_wstrb$func$rtl/dma_csr.sv:260$761.strb[3:0]$862
    98/167: $2\apply_wstrb$func$rtl/dma_csr.sv:260$761.newv[31:0]$861
    99/167: $2\apply_wstrb$func$rtl/dma_csr.sv:260$761.oldv[31:0]$860
   100/167: $2\apply_wstrb$func$rtl/dma_csr.sv:260$761.$result[31:0]$859
   101/167: $2\apply_wstrb$func$rtl/dma_csr.sv:231$760.i[31:0]$858
   102/167: $2\apply_wstrb$func$rtl/dma_csr.sv:231$760.tmp[31:0]$857
   103/167: $2\apply_wstrb$func$rtl/dma_csr.sv:231$760.strb[3:0]$856
   104/167: $2\apply_wstrb$func$rtl/dma_csr.sv:231$760.newv[31:0]$855
   105/167: $2\apply_wstrb$func$rtl/dma_csr.sv:231$760.oldv[31:0]$854
   106/167: $2\apply_wstrb$func$rtl/dma_csr.sv:231$760.$result[31:0]$853
   107/167: $2$unnamed_block$57.merged[31:0]$852
   108/167: $2$unnamed_block$57.oldv[31:0]$851
   109/167: $2$unnamed_block$56.ctrl_merged[31:0]$850
   110/167: $2$unnamed_block$56.ctrl_shadow[31:0]$849
   111/167: $1\apply_wstrb$func$rtl/dma_csr.sv:275$764.i[31:0]$843
   112/167: $1\apply_wstrb$func$rtl/dma_csr.sv:275$764.tmp[31:0]$842
   113/167: $1\apply_wstrb$func$rtl/dma_csr.sv:275$764.strb[3:0]$841
   114/167: $1\apply_wstrb$func$rtl/dma_csr.sv:275$764.newv[31:0]$840
   115/167: $1\apply_wstrb$func$rtl/dma_csr.sv:275$764.oldv[31:0]$839
   116/167: $1\apply_wstrb$func$rtl/dma_csr.sv:275$764.$result[31:0]$838
   117/167: $1\apply_wstrb$func$rtl/dma_csr.sv:268$763.i[31:0]$837
   118/167: $1\apply_wstrb$func$rtl/dma_csr.sv:268$763.tmp[31:0]$836
   119/167: $1\apply_wstrb$func$rtl/dma_csr.sv:268$763.strb[3:0]$835
   120/167: $1\apply_wstrb$func$rtl/dma_csr.sv:268$763.newv[31:0]$834
   121/167: $1\apply_wstrb$func$rtl/dma_csr.sv:268$763.oldv[31:0]$833
   122/167: $1\apply_wstrb$func$rtl/dma_csr.sv:268$763.$result[31:0]$832
   123/167: $1\apply_wstrb$func$rtl/dma_csr.sv:264$762.i[31:0]$831
   124/167: $1\apply_wstrb$func$rtl/dma_csr.sv:264$762.tmp[31:0]$830
   125/167: $1\apply_wstrb$func$rtl/dma_csr.sv:264$762.strb[3:0]$829
   126/167: $1\apply_wstrb$func$rtl/dma_csr.sv:264$762.newv[31:0]$828
   127/167: $1\apply_wstrb$func$rtl/dma_csr.sv:264$762.oldv[31:0]$827
   128/167: $1\apply_wstrb$func$rtl/dma_csr.sv:264$762.$result[31:0]$826
   129/167: $1\apply_wstrb$func$rtl/dma_csr.sv:260$761.i[31:0]$825
   130/167: $1\apply_wstrb$func$rtl/dma_csr.sv:260$761.tmp[31:0]$824
   131/167: $1\apply_wstrb$func$rtl/dma_csr.sv:260$761.strb[3:0]$823
   132/167: $1\apply_wstrb$func$rtl/dma_csr.sv:260$761.newv[31:0]$822
   133/167: $1\apply_wstrb$func$rtl/dma_csr.sv:260$761.oldv[31:0]$821
   134/167: $1\apply_wstrb$func$rtl/dma_csr.sv:260$761.$result[31:0]$820
   135/167: $1\apply_wstrb$func$rtl/dma_csr.sv:231$760.i[31:0]$819
   136/167: $1\apply_wstrb$func$rtl/dma_csr.sv:231$760.tmp[31:0]$818
   137/167: $1\apply_wstrb$func$rtl/dma_csr.sv:231$760.strb[3:0]$817
   138/167: $1\apply_wstrb$func$rtl/dma_csr.sv:231$760.newv[31:0]$816
   139/167: $1\apply_wstrb$func$rtl/dma_csr.sv:231$760.oldv[31:0]$815
   140/167: $1\apply_wstrb$func$rtl/dma_csr.sv:231$760.$result[31:0]$814
   141/167: $1$unnamed_block$57.merged[31:0]$813
   142/167: $1$unnamed_block$57.oldv[31:0]$812
   143/167: $1$unnamed_block$56.ctrl_merged[31:0]$811
   144/167: $1$unnamed_block$56.ctrl_shadow[31:0]$810
   145/167: $0\status_ack[0:0]
   146/167: $0\soft_rst_pulse[0:0]
   147/167: $0\abort_pulse[0:0]
   148/167: $0\start_pulse[0:0]
   149/167: $0\ar_hold_addr[31:0]
   150/167: $3\apply_wstrb$func$rtl/dma_csr.sv:275$764.tmp[31:0]$915 [31:24]
   151/167: $0\rvalid_q[0:0]
   152/167: $0\bvalid_q[0:0]
   153/167: $0\w_hold_strb[3:0]
   154/167: $0\w_hold_data[31:0]
   155/167: $0\w_hold_valid[0:0]
   156/167: $0\aw_hold_addr[31:0]
   157/167: $0\aw_hold_valid[0:0]
   158/167: $0\irq_err_sticky[0:0]
   159/167: $0\irq_done_sticky[0:0]
   160/167: $0\err_code_reg[2:0]
   161/167: $0\err_sticky[0:0]
   162/167: $0\done_sticky[0:0]
   163/167: $0\irq_en_reg[0:0]
   164/167: $0\max_beats_reg[7:0]
   165/167: $0\len_reg[31:0]
   166/167: $0\dst_reg[31:0]
   167/167: $0\src_reg[31:0]
Creating decoders for process `$paramod$47ec64fb5209bcfd12d6b2912fd6c2f990b84ee3\dma_fifo.$proc$rtl/dma_fifo.sv:86$736'.
     1/34: $5$mem2reg_rd$\mem$rtl/dma_fifo.sv:115$711_DATA[31:0]$759
     2/34: $4$mem2reg_rd$\mem$rtl/dma_fifo.sv:115$711_DATA[31:0]$758
     3/34: $4$mem2reg_rd$\mem$rtl/dma_fifo.sv:115$711_ADDR[3:0]$757
     4/34: $3$mem2reg_rd$\mem$rtl/dma_fifo.sv:115$711_DATA[31:0]$752
     5/34: $3$mem2reg_rd$\mem$rtl/dma_fifo.sv:115$711_ADDR[3:0]$751
     6/34: $2$mem2reg_rd$\mem$rtl/dma_fifo.sv:115$711_DATA[31:0]$749
     7/34: $2$mem2reg_rd$\mem$rtl/dma_fifo.sv:115$711_ADDR[3:0]$748
     8/34: $2$mem2reg_wr$\mem$rtl/dma_fifo.sv:96$710_ADDR[3:0]$746
     9/34: $2$mem2reg_wr$\mem$rtl/dma_fifo.sv:96$710_DATA[31:0]$747
    10/34: $1$mem2reg_rd$\mem$rtl/dma_fifo.sv:115$711_DATA[31:0]$745
    11/34: $1$mem2reg_rd$\mem$rtl/dma_fifo.sv:115$711_ADDR[3:0]$744
    12/34: $0\count[4:0]
    13/34: $1$mem2reg_wr$\mem$rtl/dma_fifo.sv:96$710_DATA[31:0]$743
    14/34: $1$mem2reg_wr$\mem$rtl/dma_fifo.sv:96$710_ADDR[3:0]$742
    15/34: $0\mem[15][31:0]
    16/34: $0\mem[14][31:0]
    17/34: $0\mem[13][31:0]
    18/34: $0\mem[12][31:0]
    19/34: $0\mem[11][31:0]
    20/34: $0\mem[10][31:0]
    21/34: $0\mem[9][31:0]
    22/34: $0\mem[8][31:0]
    23/34: $0\mem[7][31:0]
    24/34: $0\mem[6][31:0]
    25/34: $0\mem[5][31:0]
    26/34: $0\mem[4][31:0]
    27/34: $0\mem[3][31:0]
    28/34: $0\mem[2][31:0]
    29/34: $0\mem[1][31:0]
    30/34: $0\mem[0][31:0]
    31/34: $0\out_valid_r[0:0]
    32/34: $0\out_data_r[31:0]
    33/34: $0\wr_ptr[3:0]
    34/34: $0\rd_ptr[3:0]
Creating decoders for process `$paramod$47ec64fb5209bcfd12d6b2912fd6c2f990b84ee3\dma_fifo.$proc$rtl/dma_fifo.sv:0$717'.
     1/7: $1\rd_ptr_next[3:0]
     2/7: $1\ptr_next$func$rtl/dma_fifo.sv:77$709.$result[3:0]$729
     3/7: $1\ptr_next$func$rtl/dma_fifo.sv:77$709.p[3:0]$730
     4/7: $1\wr_ptr_next[3:0]
     5/7: $1\ptr_next$func$rtl/dma_fifo.sv:76$708.$result[3:0]$724
     6/7: $1\ptr_next$func$rtl/dma_fifo.sv:76$708.p[3:0]$725
     7/7: $1\count_next[4:0]
Creating decoders for process `$paramod$009f3b7c956d56e1321a15cdc68bac150250ca09\dma_fsm.$proc$rtl/dma_fsm.sv:0$702'.
Creating decoders for process `$paramod$009f3b7c956d56e1321a15cdc68bac150250ca09\dma_fsm.$proc$rtl/dma_fsm.sv:0$696'.
Creating decoders for process `$paramod$009f3b7c956d56e1321a15cdc68bac150250ca09\dma_fsm.$proc$rtl/dma_fsm.sv:260$581'.
     1/60: $3\to_axlen$func$rtl/dma_fsm.sv:329$535.$result[7:0]$681
     2/60: $3\to_axlen$func$rtl/dma_fsm.sv:329$535.beats[8:0]$682
     3/60: $5\calc_beats$func$rtl/dma_fsm.sv:296$533.beats[31:0]$656
     4/60: $4\calc_beats$func$rtl/dma_fsm.sv:296$533.beats[31:0]$654
     5/60: $5\calc_beats$func$rtl/dma_fsm.sv:296$533.m[31:0]$651
     6/60: $4\calc_beats$func$rtl/dma_fsm.sv:296$533.m[31:0]$649
     7/60: $5\calc_beats$func$rtl/dma_fsm.sv:295$532.beats[31:0]$647
     8/60: $4\calc_beats$func$rtl/dma_fsm.sv:295$532.beats[31:0]$645
     9/60: $5\calc_beats$func$rtl/dma_fsm.sv:295$532.m[31:0]$642
    10/60: $4\calc_beats$func$rtl/dma_fsm.sv:295$532.m[31:0]$640
    11/60: $3\to_axlen$func$rtl/dma_fsm.sv:296$534.$result[7:0]$637
    12/60: $3\to_axlen$func$rtl/dma_fsm.sv:296$534.beats[8:0]$638
    13/60: $3\calc_beats$func$rtl/dma_fsm.sv:296$533.$result[8:0]$632
    14/60: $3\calc_beats$func$rtl/dma_fsm.sv:296$533.beats[31:0]$635
    15/60: $3\calc_beats$func$rtl/dma_fsm.sv:296$533.m[31:0]$636
    16/60: $3\calc_beats$func$rtl/dma_fsm.sv:296$533.max_b[7:0]$634
    17/60: $3\calc_beats$func$rtl/dma_fsm.sv:296$533.rem_b[31:0]$633
    18/60: $3\calc_beats$func$rtl/dma_fsm.sv:295$532.$result[8:0]$627
    19/60: $3\calc_beats$func$rtl/dma_fsm.sv:295$532.beats[31:0]$630
    20/60: $3\calc_beats$func$rtl/dma_fsm.sv:295$532.m[31:0]$631
    21/60: $3\calc_beats$func$rtl/dma_fsm.sv:295$532.max_b[7:0]$629
    22/60: $3\calc_beats$func$rtl/dma_fsm.sv:295$532.rem_b[31:0]$628
    23/60: $0\state[3:0]
    24/60: $2\to_axlen$func$rtl/dma_fsm.sv:329$535.beats[8:0]$624
    25/60: $2\to_axlen$func$rtl/dma_fsm.sv:329$535.$result[7:0]$623
    26/60: $2\to_axlen$func$rtl/dma_fsm.sv:296$534.beats[8:0]$622
    27/60: $2\to_axlen$func$rtl/dma_fsm.sv:296$534.$result[7:0]$621
    28/60: $2\calc_beats$func$rtl/dma_fsm.sv:296$533.m[31:0]$620
    29/60: $2\calc_beats$func$rtl/dma_fsm.sv:296$533.beats[31:0]$619
    30/60: $2\calc_beats$func$rtl/dma_fsm.sv:296$533.max_b[7:0]$618
    31/60: $2\calc_beats$func$rtl/dma_fsm.sv:296$533.rem_b[31:0]$617
    32/60: $2\calc_beats$func$rtl/dma_fsm.sv:296$533.$result[8:0]$616
    33/60: $2\calc_beats$func$rtl/dma_fsm.sv:295$532.m[31:0]$615
    34/60: $2\calc_beats$func$rtl/dma_fsm.sv:295$532.beats[31:0]$614
    35/60: $2\calc_beats$func$rtl/dma_fsm.sv:295$532.max_b[7:0]$613
    36/60: $2\calc_beats$func$rtl/dma_fsm.sv:295$532.rem_b[31:0]$612
    37/60: $2\calc_beats$func$rtl/dma_fsm.sv:295$532.$result[8:0]$611
    38/60: $1\to_axlen$func$rtl/dma_fsm.sv:329$535.beats[8:0]$610
    39/60: $1\to_axlen$func$rtl/dma_fsm.sv:329$535.$result[7:0]$609
    40/60: $1\to_axlen$func$rtl/dma_fsm.sv:296$534.beats[8:0]$608
    41/60: $1\to_axlen$func$rtl/dma_fsm.sv:296$534.$result[7:0]$607
    42/60: $1\calc_beats$func$rtl/dma_fsm.sv:296$533.m[31:0]$606
    43/60: $1\calc_beats$func$rtl/dma_fsm.sv:296$533.beats[31:0]$605
    44/60: $1\calc_beats$func$rtl/dma_fsm.sv:296$533.max_b[7:0]$604
    45/60: $1\calc_beats$func$rtl/dma_fsm.sv:296$533.rem_b[31:0]$603
    46/60: $1\calc_beats$func$rtl/dma_fsm.sv:296$533.$result[8:0]$602
    47/60: $1\calc_beats$func$rtl/dma_fsm.sv:295$532.m[31:0]$601
    48/60: $1\calc_beats$func$rtl/dma_fsm.sv:295$532.beats[31:0]$600
    49/60: $1\calc_beats$func$rtl/dma_fsm.sv:295$532.max_b[7:0]$599
    50/60: $1\calc_beats$func$rtl/dma_fsm.sv:295$532.rem_b[31:0]$598
    51/60: $1\calc_beats$func$rtl/dma_fsm.sv:295$532.$result[8:0]$597
    52/60: $0\core_err_pulse[0:0]
    53/60: $0\core_done_pulse[0:0]
    54/60: $0\wr_addr_issued_q[0:0]
    55/60: $0\err_code_q[3:0]
    56/60: $0\burst_len_q[7:0]
    57/60: $0\burst_beats_q[8:0]
    58/60: $0\rem_bytes_q[31:0]
    59/60: $0\cur_dst_q[31:0]
    60/60: $0\cur_src_q[31:0]
Creating decoders for process `$paramod$009f3b7c956d56e1321a15cdc68bac150250ca09\dma_fsm.$proc$rtl/dma_fsm.sv:0$573'.
     1/22: $20\state_n[3:0]
     2/22: $19\state_n[3:0]
     3/22: $18\state_n[3:0]
     4/22: $17\state_n[3:0]
     5/22: $16\state_n[3:0]
     6/22: $15\state_n[3:0]
     7/22: $14\state_n[3:0]
     8/22: $13\state_n[3:0]
     9/22: $12\state_n[3:0]
    10/22: $11\state_n[3:0]
    11/22: $10\state_n[3:0]
    12/22: $9\state_n[3:0]
    13/22: $8\state_n[3:0]
    14/22: $7\state_n[3:0]
    15/22: $6\state_n[3:0]
    16/22: $5\state_n[3:0]
    17/22: $4\state_n[3:0]
    18/22: $3\state_n[3:0]
    19/22: $2\state_n[3:0]
    20/22: $1\state_n[3:0]
    21/22: $1\wr_cmd_valid[0:0]
    22/22: $1\rd_cmd_valid[0:0]
Creating decoders for process `$paramod$009f3b7c956d56e1321a15cdc68bac150250ca09\dma_fsm.$proc$rtl/dma_fsm.sv:0$557'.
     1/4: $2\calc_beats$func$rtl/dma_fsm.sv:172$531.beats[31:0]$572
     2/4: $1\calc_beats$func$rtl/dma_fsm.sv:172$531.beats[31:0]$570
     3/4: $2\calc_beats$func$rtl/dma_fsm.sv:172$531.m[31:0]$567
     4/4: $1\calc_beats$func$rtl/dma_fsm.sv:172$531.m[31:0]$565
Creating decoders for process `$paramod$009f3b7c956d56e1321a15cdc68bac150250ca09\dma_fsm.$proc$rtl/dma_fsm.sv:0$551'.
Creating decoders for process `$paramod$c8bc0509aabc15b64a46d0e677e83bf79e882db8\dma_axi_master_rd.$proc$rtl/dma_axi_master_rd.sv:118$520'.
     1/6: $0\rd_done[0:0]
     2/6: $0\state[1:0]
     3/6: $0\err_q[0:0]
     4/6: $0\len_q[7:0]
     5/6: $0\addr_q[31:0]
     6/6: $0\rd_err[0:0]
Creating decoders for process `$paramod$c8bc0509aabc15b64a46d0e677e83bf79e882db8\dma_axi_master_rd.$proc$rtl/dma_axi_master_rd.sv:0$518'.
     1/4: $4\state_n[1:0]
     2/4: $3\state_n[1:0]
     3/4: $2\state_n[1:0]
     4/4: $1\state_n[1:0]
Creating decoders for process `$paramod$c8bc0509aabc15b64a46d0e677e83bf79e882db8\dma_axi_master_wr.$proc$rtl/dma_axi_master_wr.sv:152$494'.
     1/7: $0\wr_done[0:0]
     2/7: $0\state[1:0]
     3/7: $0\beats_left_q[8:0]
     4/7: $0\err_q[0:0]
     5/7: $0\len_q[7:0]
     6/7: $0\addr_q[31:0]
     7/7: $0\wr_err[0:0]
Creating decoders for process `$paramod$c8bc0509aabc15b64a46d0e677e83bf79e882db8\dma_axi_master_wr.$proc$rtl/dma_axi_master_wr.sv:0$491'.
     1/5: $5\state_n[1:0]
     2/5: $4\state_n[1:0]
     3/5: $3\state_n[1:0]
     4/5: $2\state_n[1:0]
     5/5: $1\state_n[1:0]

9.8. Executing PROC_DLATCH pass (convert process syncs to latches).
No latch inferred for signal `$paramod$47ec64fb5209bcfd12d6b2912fd6c2f990b84ee3\dma_fifo.\count_next' from process `$paramod$47ec64fb5209bcfd12d6b2912fd6c2f990b84ee3\dma_fifo.$proc$rtl/dma_fifo.sv:0$717'.
No latch inferred for signal `$paramod$47ec64fb5209bcfd12d6b2912fd6c2f990b84ee3\dma_fifo.\rd_ptr_next' from process `$paramod$47ec64fb5209bcfd12d6b2912fd6c2f990b84ee3\dma_fifo.$proc$rtl/dma_fifo.sv:0$717'.
No latch inferred for signal `$paramod$47ec64fb5209bcfd12d6b2912fd6c2f990b84ee3\dma_fifo.\wr_ptr_next' from process `$paramod$47ec64fb5209bcfd12d6b2912fd6c2f990b84ee3\dma_fifo.$proc$rtl/dma_fifo.sv:0$717'.
No latch inferred for signal `$paramod$47ec64fb5209bcfd12d6b2912fd6c2f990b84ee3\dma_fifo.\ptr_next$func$rtl/dma_fifo.sv:76$708.$result' from process `$paramod$47ec64fb5209bcfd12d6b2912fd6c2f990b84ee3\dma_fifo.$proc$rtl/dma_fifo.sv:0$717'.
No latch inferred for signal `$paramod$47ec64fb5209bcfd12d6b2912fd6c2f990b84ee3\dma_fifo.\ptr_next$func$rtl/dma_fifo.sv:76$708.p' from process `$paramod$47ec64fb5209bcfd12d6b2912fd6c2f990b84ee3\dma_fifo.$proc$rtl/dma_fifo.sv:0$717'.
No latch inferred for signal `$paramod$47ec64fb5209bcfd12d6b2912fd6c2f990b84ee3\dma_fifo.\ptr_next$func$rtl/dma_fifo.sv:77$709.$result' from process `$paramod$47ec64fb5209bcfd12d6b2912fd6c2f990b84ee3\dma_fifo.$proc$rtl/dma_fifo.sv:0$717'.
No latch inferred for signal `$paramod$47ec64fb5209bcfd12d6b2912fd6c2f990b84ee3\dma_fifo.\ptr_next$func$rtl/dma_fifo.sv:77$709.p' from process `$paramod$47ec64fb5209bcfd12d6b2912fd6c2f990b84ee3\dma_fifo.$proc$rtl/dma_fifo.sv:0$717'.
No latch inferred for signal `$paramod$009f3b7c956d56e1321a15cdc68bac150250ca09\dma_fsm.\loc_aligned$func$rtl/dma_fsm.sv:140$530.$result' from process `$paramod$009f3b7c956d56e1321a15cdc68bac150250ca09\dma_fsm.$proc$rtl/dma_fsm.sv:0$702'.
No latch inferred for signal `$paramod$009f3b7c956d56e1321a15cdc68bac150250ca09\dma_fsm.\loc_aligned$func$rtl/dma_fsm.sv:140$538.$result' from process `$paramod$009f3b7c956d56e1321a15cdc68bac150250ca09\dma_fsm.$proc$rtl/dma_fsm.sv:0$702'.
No latch inferred for signal `$paramod$009f3b7c956d56e1321a15cdc68bac150250ca09\dma_fsm.\loc_aligned$func$rtl/dma_fsm.sv:140$538.a' from process `$paramod$009f3b7c956d56e1321a15cdc68bac150250ca09\dma_fsm.$proc$rtl/dma_fsm.sv:0$702'.
No latch inferred for signal `$paramod$009f3b7c956d56e1321a15cdc68bac150250ca09\dma_fsm.\loc_aligned$func$rtl/dma_fsm.sv:140$529.$result' from process `$paramod$009f3b7c956d56e1321a15cdc68bac150250ca09\dma_fsm.$proc$rtl/dma_fsm.sv:0$696'.
No latch inferred for signal `$paramod$009f3b7c956d56e1321a15cdc68bac150250ca09\dma_fsm.\loc_aligned$func$rtl/dma_fsm.sv:140$536.$result' from process `$paramod$009f3b7c956d56e1321a15cdc68bac150250ca09\dma_fsm.$proc$rtl/dma_fsm.sv:0$696'.
No latch inferred for signal `$paramod$009f3b7c956d56e1321a15cdc68bac150250ca09\dma_fsm.\loc_aligned$func$rtl/dma_fsm.sv:140$536.a' from process `$paramod$009f3b7c956d56e1321a15cdc68bac150250ca09\dma_fsm.$proc$rtl/dma_fsm.sv:0$696'.
No latch inferred for signal `$paramod$009f3b7c956d56e1321a15cdc68bac150250ca09\dma_fsm.\rd_cmd_valid' from process `$paramod$009f3b7c956d56e1321a15cdc68bac150250ca09\dma_fsm.$proc$rtl/dma_fsm.sv:0$573'.
No latch inferred for signal `$paramod$009f3b7c956d56e1321a15cdc68bac150250ca09\dma_fsm.\wr_cmd_valid' from process `$paramod$009f3b7c956d56e1321a15cdc68bac150250ca09\dma_fsm.$proc$rtl/dma_fsm.sv:0$573'.
No latch inferred for signal `$paramod$009f3b7c956d56e1321a15cdc68bac150250ca09\dma_fsm.\state_n' from process `$paramod$009f3b7c956d56e1321a15cdc68bac150250ca09\dma_fsm.$proc$rtl/dma_fsm.sv:0$573'.
No latch inferred for signal `$paramod$009f3b7c956d56e1321a15cdc68bac150250ca09\dma_fsm.\rem_next' from process `$paramod$009f3b7c956d56e1321a15cdc68bac150250ca09\dma_fsm.$proc$rtl/dma_fsm.sv:0$557'.
No latch inferred for signal `$paramod$009f3b7c956d56e1321a15cdc68bac150250ca09\dma_fsm.\beats_next' from process `$paramod$009f3b7c956d56e1321a15cdc68bac150250ca09\dma_fsm.$proc$rtl/dma_fsm.sv:0$557'.
No latch inferred for signal `$paramod$009f3b7c956d56e1321a15cdc68bac150250ca09\dma_fsm.\calc_beats$func$rtl/dma_fsm.sv:172$531.$result' from process `$paramod$009f3b7c956d56e1321a15cdc68bac150250ca09\dma_fsm.$proc$rtl/dma_fsm.sv:0$557'.
No latch inferred for signal `$paramod$009f3b7c956d56e1321a15cdc68bac150250ca09\dma_fsm.\calc_beats$func$rtl/dma_fsm.sv:172$531.rem_b' from process `$paramod$009f3b7c956d56e1321a15cdc68bac150250ca09\dma_fsm.$proc$rtl/dma_fsm.sv:0$557'.
No latch inferred for signal `$paramod$009f3b7c956d56e1321a15cdc68bac150250ca09\dma_fsm.\calc_beats$func$rtl/dma_fsm.sv:172$531.max_b' from process `$paramod$009f3b7c956d56e1321a15cdc68bac150250ca09\dma_fsm.$proc$rtl/dma_fsm.sv:0$557'.
No latch inferred for signal `$paramod$009f3b7c956d56e1321a15cdc68bac150250ca09\dma_fsm.\calc_beats$func$rtl/dma_fsm.sv:172$531.beats' from process `$paramod$009f3b7c956d56e1321a15cdc68bac150250ca09\dma_fsm.$proc$rtl/dma_fsm.sv:0$557'.
No latch inferred for signal `$paramod$009f3b7c956d56e1321a15cdc68bac150250ca09\dma_fsm.\calc_beats$func$rtl/dma_fsm.sv:172$531.m' from process `$paramod$009f3b7c956d56e1321a15cdc68bac150250ca09\dma_fsm.$proc$rtl/dma_fsm.sv:0$557'.
No latch inferred for signal `$paramod$009f3b7c956d56e1321a15cdc68bac150250ca09\dma_fsm.\core_busy' from process `$paramod$009f3b7c956d56e1321a15cdc68bac150250ca09\dma_fsm.$proc$rtl/dma_fsm.sv:0$551'.
No latch inferred for signal `$paramod$c8bc0509aabc15b64a46d0e677e83bf79e882db8\dma_axi_master_rd.\state_n' from process `$paramod$c8bc0509aabc15b64a46d0e677e83bf79e882db8\dma_axi_master_rd.$proc$rtl/dma_axi_master_rd.sv:0$518'.
No latch inferred for signal `$paramod$c8bc0509aabc15b64a46d0e677e83bf79e882db8\dma_axi_master_wr.\state_n' from process `$paramod$c8bc0509aabc15b64a46d0e677e83bf79e882db8\dma_axi_master_wr.$proc$rtl/dma_axi_master_wr.sv:0$491'.

9.9. Executing PROC_DFF pass (convert process syncs to FFs).
Creating register for signal `$paramod$70bf19c0e5ac86e1fb69f77454d9b20d8e513e14\dma_csr.\start_pulse' using process `$paramod$70bf19c0e5ac86e1fb69f77454d9b20d8e513e14\dma_csr.$proc$rtl/dma_csr.sv:149$774'.
  created $adff cell `$procdff$3122' with positive edge clock and negative level reset.
Creating register for signal `$paramod$70bf19c0e5ac86e1fb69f77454d9b20d8e513e14\dma_csr.\abort_pulse' using process `$paramod$70bf19c0e5ac86e1fb69f77454d9b20d8e513e14\dma_csr.$proc$rtl/dma_csr.sv:149$774'.
  created $adff cell `$procdff$3123' with positive edge clock and negative level reset.
Creating register for signal `$paramod$70bf19c0e5ac86e1fb69f77454d9b20d8e513e14\dma_csr.\soft_rst_pulse' using process `$paramod$70bf19c0e5ac86e1fb69f77454d9b20d8e513e14\dma_csr.$proc$rtl/dma_csr.sv:149$774'.
  created $adff cell `$procdff$3124' with positive edge clock and negative level reset.
Creating register for signal `$paramod$70bf19c0e5ac86e1fb69f77454d9b20d8e513e14\dma_csr.\status_ack' using process `$paramod$70bf19c0e5ac86e1fb69f77454d9b20d8e513e14\dma_csr.$proc$rtl/dma_csr.sv:149$774'.
  created $adff cell `$procdff$3125' with positive edge clock and negative level reset.
Creating register for signal `$paramod$70bf19c0e5ac86e1fb69f77454d9b20d8e513e14\dma_csr.\src_reg' using process `$paramod$70bf19c0e5ac86e1fb69f77454d9b20d8e513e14\dma_csr.$proc$rtl/dma_csr.sv:149$774'.
  created $adff cell `$procdff$3126' with positive edge clock and negative level reset.
Creating register for signal `$paramod$70bf19c0e5ac86e1fb69f77454d9b20d8e513e14\dma_csr.\dst_reg' using process `$paramod$70bf19c0e5ac86e1fb69f77454d9b20d8e513e14\dma_csr.$proc$rtl/dma_csr.sv:149$774'.
  created $adff cell `$procdff$3127' with positive edge clock and negative level reset.
Creating register for signal `$paramod$70bf19c0e5ac86e1fb69f77454d9b20d8e513e14\dma_csr.\len_reg' using process `$paramod$70bf19c0e5ac86e1fb69f77454d9b20d8e513e14\dma_csr.$proc$rtl/dma_csr.sv:149$774'.
  created $adff cell `$procdff$3128' with positive edge clock and negative level reset.
Creating register for signal `$paramod$70bf19c0e5ac86e1fb69f77454d9b20d8e513e14\dma_csr.\max_beats_reg' using process `$paramod$70bf19c0e5ac86e1fb69f77454d9b20d8e513e14\dma_csr.$proc$rtl/dma_csr.sv:149$774'.
  created $adff cell `$procdff$3129' with positive edge clock and negative level reset.
Creating register for signal `$paramod$70bf19c0e5ac86e1fb69f77454d9b20d8e513e14\dma_csr.\irq_en_reg' using process `$paramod$70bf19c0e5ac86e1fb69f77454d9b20d8e513e14\dma_csr.$proc$rtl/dma_csr.sv:149$774'.
  created $adff cell `$procdff$3130' with positive edge clock and negative level reset.
Creating register for signal `$paramod$70bf19c0e5ac86e1fb69f77454d9b20d8e513e14\dma_csr.\done_sticky' using process `$paramod$70bf19c0e5ac86e1fb69f77454d9b20d8e513e14\dma_csr.$proc$rtl/dma_csr.sv:149$774'.
  created $adff cell `$procdff$3131' with positive edge clock and negative level reset.
Creating register for signal `$paramod$70bf19c0e5ac86e1fb69f77454d9b20d8e513e14\dma_csr.\err_sticky' using process `$paramod$70bf19c0e5ac86e1fb69f77454d9b20d8e513e14\dma_csr.$proc$rtl/dma_csr.sv:149$774'.
  created $adff cell `$procdff$3132' with positive edge clock and negative level reset.
Creating register for signal `$paramod$70bf19c0e5ac86e1fb69f77454d9b20d8e513e14\dma_csr.\err_code_reg' using process `$paramod$70bf19c0e5ac86e1fb69f77454d9b20d8e513e14\dma_csr.$proc$rtl/dma_csr.sv:149$774'.
  created $adff cell `$procdff$3133' with positive edge clock and negative level reset.
Creating register for signal `$paramod$70bf19c0e5ac86e1fb69f77454d9b20d8e513e14\dma_csr.\irq_done_sticky' using process `$paramod$70bf19c0e5ac86e1fb69f77454d9b20d8e513e14\dma_csr.$proc$rtl/dma_csr.sv:149$774'.
  created $adff cell `$procdff$3134' with positive edge clock and negative level reset.
Creating register for signal `$paramod$70bf19c0e5ac86e1fb69f77454d9b20d8e513e14\dma_csr.\irq_err_sticky' using process `$paramod$70bf19c0e5ac86e1fb69f77454d9b20d8e513e14\dma_csr.$proc$rtl/dma_csr.sv:149$774'.
  created $adff cell `$procdff$3135' with positive edge clock and negative level reset.
Creating register for signal `$paramod$70bf19c0e5ac86e1fb69f77454d9b20d8e513e14\dma_csr.\aw_hold_valid' using process `$paramod$70bf19c0e5ac86e1fb69f77454d9b20d8e513e14\dma_csr.$proc$rtl/dma_csr.sv:149$774'.
  created $adff cell `$procdff$3136' with positive edge clock and negative level reset.
Creating register for signal `$paramod$70bf19c0e5ac86e1fb69f77454d9b20d8e513e14\dma_csr.\aw_hold_addr' using process `$paramod$70bf19c0e5ac86e1fb69f77454d9b20d8e513e14\dma_csr.$proc$rtl/dma_csr.sv:149$774'.
  created $adff cell `$procdff$3137' with positive edge clock and negative level reset.
Creating register for signal `$paramod$70bf19c0e5ac86e1fb69f77454d9b20d8e513e14\dma_csr.\w_hold_valid' using process `$paramod$70bf19c0e5ac86e1fb69f77454d9b20d8e513e14\dma_csr.$proc$rtl/dma_csr.sv:149$774'.
  created $adff cell `$procdff$3138' with positive edge clock and negative level reset.
Creating register for signal `$paramod$70bf19c0e5ac86e1fb69f77454d9b20d8e513e14\dma_csr.\w_hold_data' using process `$paramod$70bf19c0e5ac86e1fb69f77454d9b20d8e513e14\dma_csr.$proc$rtl/dma_csr.sv:149$774'.
  created $adff cell `$procdff$3139' with positive edge clock and negative level reset.
Creating register for signal `$paramod$70bf19c0e5ac86e1fb69f77454d9b20d8e513e14\dma_csr.\w_hold_strb' using process `$paramod$70bf19c0e5ac86e1fb69f77454d9b20d8e513e14\dma_csr.$proc$rtl/dma_csr.sv:149$774'.
  created $adff cell `$procdff$3140' with positive edge clock and negative level reset.
Creating register for signal `$paramod$70bf19c0e5ac86e1fb69f77454d9b20d8e513e14\dma_csr.\bvalid_q' using process `$paramod$70bf19c0e5ac86e1fb69f77454d9b20d8e513e14\dma_csr.$proc$rtl/dma_csr.sv:149$774'.
  created $adff cell `$procdff$3141' with positive edge clock and negative level reset.
Creating register for signal `$paramod$70bf19c0e5ac86e1fb69f77454d9b20d8e513e14\dma_csr.\rvalid_q' using process `$paramod$70bf19c0e5ac86e1fb69f77454d9b20d8e513e14\dma_csr.$proc$rtl/dma_csr.sv:149$774'.
  created $adff cell `$procdff$3142' with positive edge clock and negative level reset.
Creating register for signal `$paramod$70bf19c0e5ac86e1fb69f77454d9b20d8e513e14\dma_csr.\rdata_q' using process `$paramod$70bf19c0e5ac86e1fb69f77454d9b20d8e513e14\dma_csr.$proc$rtl/dma_csr.sv:149$774'.
  created $adff cell `$procdff$3143' with positive edge clock and negative level reset.
Creating register for signal `$paramod$70bf19c0e5ac86e1fb69f77454d9b20d8e513e14\dma_csr.\ar_hold_addr' using process `$paramod$70bf19c0e5ac86e1fb69f77454d9b20d8e513e14\dma_csr.$proc$rtl/dma_csr.sv:149$774'.
  created $adff cell `$procdff$3144' with positive edge clock and negative level reset.
Creating register for signal `$paramod$70bf19c0e5ac86e1fb69f77454d9b20d8e513e14\dma_csr.$unnamed_block$56.ctrl_shadow' using process `$paramod$70bf19c0e5ac86e1fb69f77454d9b20d8e513e14\dma_csr.$proc$rtl/dma_csr.sv:149$774'.
  created $dff cell `$procdff$3147' with positive edge clock.
Creating register for signal `$paramod$70bf19c0e5ac86e1fb69f77454d9b20d8e513e14\dma_csr.$unnamed_block$56.ctrl_merged' using process `$paramod$70bf19c0e5ac86e1fb69f77454d9b20d8e513e14\dma_csr.$proc$rtl/dma_csr.sv:149$774'.
  created $dff cell `$procdff$3150' with positive edge clock.
Creating register for signal `$paramod$70bf19c0e5ac86e1fb69f77454d9b20d8e513e14\dma_csr.$unnamed_block$57.oldv' using process `$paramod$70bf19c0e5ac86e1fb69f77454d9b20d8e513e14\dma_csr.$proc$rtl/dma_csr.sv:149$774'.
  created $dff cell `$procdff$3153' with positive edge clock.
Creating register for signal `$paramod$70bf19c0e5ac86e1fb69f77454d9b20d8e513e14\dma_csr.$unnamed_block$57.merged' using process `$paramod$70bf19c0e5ac86e1fb69f77454d9b20d8e513e14\dma_csr.$proc$rtl/dma_csr.sv:149$774'.
  created $dff cell `$procdff$3156' with positive edge clock.
Creating register for signal `$paramod$70bf19c0e5ac86e1fb69f77454d9b20d8e513e14\dma_csr.\apply_wstrb$func$rtl/dma_csr.sv:231$760.$result' using process `$paramod$70bf19c0e5ac86e1fb69f77454d9b20d8e513e14\dma_csr.$proc$rtl/dma_csr.sv:149$774'.
  created $adff cell `$procdff$3157' with positive edge clock and negative level reset.
Creating register for signal `$paramod$70bf19c0e5ac86e1fb69f77454d9b20d8e513e14\dma_csr.\apply_wstrb$func$rtl/dma_csr.sv:231$760.oldv' using process `$paramod$70bf19c0e5ac86e1fb69f77454d9b20d8e513e14\dma_csr.$proc$rtl/dma_csr.sv:149$774'.
  created $adff cell `$procdff$3158' with positive edge clock and negative level reset.
Creating register for signal `$paramod$70bf19c0e5ac86e1fb69f77454d9b20d8e513e14\dma_csr.\apply_wstrb$func$rtl/dma_csr.sv:231$760.newv' using process `$paramod$70bf19c0e5ac86e1fb69f77454d9b20d8e513e14\dma_csr.$proc$rtl/dma_csr.sv:149$774'.
  created $adff cell `$procdff$3159' with positive edge clock and negative level reset.
Creating register for signal `$paramod$70bf19c0e5ac86e1fb69f77454d9b20d8e513e14\dma_csr.\apply_wstrb$func$rtl/dma_csr.sv:231$760.strb' using process `$paramod$70bf19c0e5ac86e1fb69f77454d9b20d8e513e14\dma_csr.$proc$rtl/dma_csr.sv:149$774'.
  created $adff cell `$procdff$3160' with positive edge clock and negative level reset.
Creating register for signal `$paramod$70bf19c0e5ac86e1fb69f77454d9b20d8e513e14\dma_csr.\apply_wstrb$func$rtl/dma_csr.sv:231$760.tmp' using process `$paramod$70bf19c0e5ac86e1fb69f77454d9b20d8e513e14\dma_csr.$proc$rtl/dma_csr.sv:149$774'.
  created $adff cell `$procdff$3161' with positive edge clock and negative level reset.
Creating register for signal `$paramod$70bf19c0e5ac86e1fb69f77454d9b20d8e513e14\dma_csr.\apply_wstrb$func$rtl/dma_csr.sv:231$760.i' using process `$paramod$70bf19c0e5ac86e1fb69f77454d9b20d8e513e14\dma_csr.$proc$rtl/dma_csr.sv:149$774'.
  created $adff cell `$procdff$3162' with positive edge clock and negative level reset.
Creating register for signal `$paramod$70bf19c0e5ac86e1fb69f77454d9b20d8e513e14\dma_csr.\apply_wstrb$func$rtl/dma_csr.sv:260$761.$result' using process `$paramod$70bf19c0e5ac86e1fb69f77454d9b20d8e513e14\dma_csr.$proc$rtl/dma_csr.sv:149$774'.
  created $adff cell `$procdff$3163' with positive edge clock and negative level reset.
Creating register for signal `$paramod$70bf19c0e5ac86e1fb69f77454d9b20d8e513e14\dma_csr.\apply_wstrb$func$rtl/dma_csr.sv:260$761.oldv' using process `$paramod$70bf19c0e5ac86e1fb69f77454d9b20d8e513e14\dma_csr.$proc$rtl/dma_csr.sv:149$774'.
  created $adff cell `$procdff$3164' with positive edge clock and negative level reset.
Creating register for signal `$paramod$70bf19c0e5ac86e1fb69f77454d9b20d8e513e14\dma_csr.\apply_wstrb$func$rtl/dma_csr.sv:260$761.newv' using process `$paramod$70bf19c0e5ac86e1fb69f77454d9b20d8e513e14\dma_csr.$proc$rtl/dma_csr.sv:149$774'.
  created $adff cell `$procdff$3165' with positive edge clock and negative level reset.
Creating register for signal `$paramod$70bf19c0e5ac86e1fb69f77454d9b20d8e513e14\dma_csr.\apply_wstrb$func$rtl/dma_csr.sv:260$761.strb' using process `$paramod$70bf19c0e5ac86e1fb69f77454d9b20d8e513e14\dma_csr.$proc$rtl/dma_csr.sv:149$774'.
  created $adff cell `$procdff$3166' with positive edge clock and negative level reset.
Creating register for signal `$paramod$70bf19c0e5ac86e1fb69f77454d9b20d8e513e14\dma_csr.\apply_wstrb$func$rtl/dma_csr.sv:260$761.tmp' using process `$paramod$70bf19c0e5ac86e1fb69f77454d9b20d8e513e14\dma_csr.$proc$rtl/dma_csr.sv:149$774'.
  created $adff cell `$procdff$3167' with positive edge clock and negative level reset.
Creating register for signal `$paramod$70bf19c0e5ac86e1fb69f77454d9b20d8e513e14\dma_csr.\apply_wstrb$func$rtl/dma_csr.sv:260$761.i' using process `$paramod$70bf19c0e5ac86e1fb69f77454d9b20d8e513e14\dma_csr.$proc$rtl/dma_csr.sv:149$774'.
  created $adff cell `$procdff$3168' with positive edge clock and negative level reset.
Creating register for signal `$paramod$70bf19c0e5ac86e1fb69f77454d9b20d8e513e14\dma_csr.\apply_wstrb$func$rtl/dma_csr.sv:264$762.$result' using process `$paramod$70bf19c0e5ac86e1fb69f77454d9b20d8e513e14\dma_csr.$proc$rtl/dma_csr.sv:149$774'.
  created $adff cell `$procdff$3169' with positive edge clock and negative level reset.
Creating register for signal `$paramod$70bf19c0e5ac86e1fb69f77454d9b20d8e513e14\dma_csr.\apply_wstrb$func$rtl/dma_csr.sv:264$762.oldv' using process `$paramod$70bf19c0e5ac86e1fb69f77454d9b20d8e513e14\dma_csr.$proc$rtl/dma_csr.sv:149$774'.
  created $adff cell `$procdff$3170' with positive edge clock and negative level reset.
Creating register for signal `$paramod$70bf19c0e5ac86e1fb69f77454d9b20d8e513e14\dma_csr.\apply_wstrb$func$rtl/dma_csr.sv:264$762.newv' using process `$paramod$70bf19c0e5ac86e1fb69f77454d9b20d8e513e14\dma_csr.$proc$rtl/dma_csr.sv:149$774'.
  created $adff cell `$procdff$3171' with positive edge clock and negative level reset.
Creating register for signal `$paramod$70bf19c0e5ac86e1fb69f77454d9b20d8e513e14\dma_csr.\apply_wstrb$func$rtl/dma_csr.sv:264$762.strb' using process `$paramod$70bf19c0e5ac86e1fb69f77454d9b20d8e513e14\dma_csr.$proc$rtl/dma_csr.sv:149$774'.
  created $adff cell `$procdff$3172' with positive edge clock and negative level reset.
Creating register for signal `$paramod$70bf19c0e5ac86e1fb69f77454d9b20d8e513e14\dma_csr.\apply_wstrb$func$rtl/dma_csr.sv:264$762.tmp' using process `$paramod$70bf19c0e5ac86e1fb69f77454d9b20d8e513e14\dma_csr.$proc$rtl/dma_csr.sv:149$774'.
  created $adff cell `$procdff$3173' with positive edge clock and negative level reset.
Creating register for signal `$paramod$70bf19c0e5ac86e1fb69f77454d9b20d8e513e14\dma_csr.\apply_wstrb$func$rtl/dma_csr.sv:264$762.i' using process `$paramod$70bf19c0e5ac86e1fb69f77454d9b20d8e513e14\dma_csr.$proc$rtl/dma_csr.sv:149$774'.
  created $adff cell `$procdff$3174' with positive edge clock and negative level reset.
Creating register for signal `$paramod$70bf19c0e5ac86e1fb69f77454d9b20d8e513e14\dma_csr.\apply_wstrb$func$rtl/dma_csr.sv:268$763.$result' using process `$paramod$70bf19c0e5ac86e1fb69f77454d9b20d8e513e14\dma_csr.$proc$rtl/dma_csr.sv:149$774'.
  created $adff cell `$procdff$3175' with positive edge clock and negative level reset.
Creating register for signal `$paramod$70bf19c0e5ac86e1fb69f77454d9b20d8e513e14\dma_csr.\apply_wstrb$func$rtl/dma_csr.sv:268$763.oldv' using process `$paramod$70bf19c0e5ac86e1fb69f77454d9b20d8e513e14\dma_csr.$proc$rtl/dma_csr.sv:149$774'.
  created $adff cell `$procdff$3176' with positive edge clock and negative level reset.
Creating register for signal `$paramod$70bf19c0e5ac86e1fb69f77454d9b20d8e513e14\dma_csr.\apply_wstrb$func$rtl/dma_csr.sv:268$763.newv' using process `$paramod$70bf19c0e5ac86e1fb69f77454d9b20d8e513e14\dma_csr.$proc$rtl/dma_csr.sv:149$774'.
  created $adff cell `$procdff$3177' with positive edge clock and negative level reset.
Creating register for signal `$paramod$70bf19c0e5ac86e1fb69f77454d9b20d8e513e14\dma_csr.\apply_wstrb$func$rtl/dma_csr.sv:268$763.strb' using process `$paramod$70bf19c0e5ac86e1fb69f77454d9b20d8e513e14\dma_csr.$proc$rtl/dma_csr.sv:149$774'.
  created $adff cell `$procdff$3178' with positive edge clock and negative level reset.
Creating register for signal `$paramod$70bf19c0e5ac86e1fb69f77454d9b20d8e513e14\dma_csr.\apply_wstrb$func$rtl/dma_csr.sv:268$763.tmp' using process `$paramod$70bf19c0e5ac86e1fb69f77454d9b20d8e513e14\dma_csr.$proc$rtl/dma_csr.sv:149$774'.
  created $adff cell `$procdff$3179' with positive edge clock and negative level reset.
Creating register for signal `$paramod$70bf19c0e5ac86e1fb69f77454d9b20d8e513e14\dma_csr.\apply_wstrb$func$rtl/dma_csr.sv:268$763.i' using process `$paramod$70bf19c0e5ac86e1fb69f77454d9b20d8e513e14\dma_csr.$proc$rtl/dma_csr.sv:149$774'.
  created $adff cell `$procdff$3180' with positive edge clock and negative level reset.
Creating register for signal `$paramod$70bf19c0e5ac86e1fb69f77454d9b20d8e513e14\dma_csr.\apply_wstrb$func$rtl/dma_csr.sv:275$764.$result' using process `$paramod$70bf19c0e5ac86e1fb69f77454d9b20d8e513e14\dma_csr.$proc$rtl/dma_csr.sv:149$774'.
  created $adff cell `$procdff$3181' with positive edge clock and negative level reset.
Creating register for signal `$paramod$70bf19c0e5ac86e1fb69f77454d9b20d8e513e14\dma_csr.\apply_wstrb$func$rtl/dma_csr.sv:275$764.oldv' using process `$paramod$70bf19c0e5ac86e1fb69f77454d9b20d8e513e14\dma_csr.$proc$rtl/dma_csr.sv:149$774'.
  created $adff cell `$procdff$3182' with positive edge clock and negative level reset.
Creating register for signal `$paramod$70bf19c0e5ac86e1fb69f77454d9b20d8e513e14\dma_csr.\apply_wstrb$func$rtl/dma_csr.sv:275$764.newv' using process `$paramod$70bf19c0e5ac86e1fb69f77454d9b20d8e513e14\dma_csr.$proc$rtl/dma_csr.sv:149$774'.
  created $adff cell `$procdff$3183' with positive edge clock and negative level reset.
Creating register for signal `$paramod$70bf19c0e5ac86e1fb69f77454d9b20d8e513e14\dma_csr.\apply_wstrb$func$rtl/dma_csr.sv:275$764.strb' using process `$paramod$70bf19c0e5ac86e1fb69f77454d9b20d8e513e14\dma_csr.$proc$rtl/dma_csr.sv:149$774'.
  created $adff cell `$procdff$3184' with positive edge clock and negative level reset.
Creating register for signal `$paramod$70bf19c0e5ac86e1fb69f77454d9b20d8e513e14\dma_csr.\apply_wstrb$func$rtl/dma_csr.sv:275$764.tmp' using process `$paramod$70bf19c0e5ac86e1fb69f77454d9b20d8e513e14\dma_csr.$proc$rtl/dma_csr.sv:149$774'.
  created $adff cell `$procdff$3185' with positive edge clock and negative level reset.
Creating register for signal `$paramod$70bf19c0e5ac86e1fb69f77454d9b20d8e513e14\dma_csr.\apply_wstrb$func$rtl/dma_csr.sv:275$764.i' using process `$paramod$70bf19c0e5ac86e1fb69f77454d9b20d8e513e14\dma_csr.$proc$rtl/dma_csr.sv:149$774'.
  created $adff cell `$procdff$3186' with positive edge clock and negative level reset.
Creating register for signal `$paramod$47ec64fb5209bcfd12d6b2912fd6c2f990b84ee3\dma_fifo.\rd_ptr' using process `$paramod$47ec64fb5209bcfd12d6b2912fd6c2f990b84ee3\dma_fifo.$proc$rtl/dma_fifo.sv:86$736'.
  created $adff cell `$procdff$3187' with positive edge clock and negative level reset.
Creating register for signal `$paramod$47ec64fb5209bcfd12d6b2912fd6c2f990b84ee3\dma_fifo.\wr_ptr' using process `$paramod$47ec64fb5209bcfd12d6b2912fd6c2f990b84ee3\dma_fifo.$proc$rtl/dma_fifo.sv:86$736'.
  created $adff cell `$procdff$3188' with positive edge clock and negative level reset.
Creating register for signal `$paramod$47ec64fb5209bcfd12d6b2912fd6c2f990b84ee3\dma_fifo.\count' using process `$paramod$47ec64fb5209bcfd12d6b2912fd6c2f990b84ee3\dma_fifo.$proc$rtl/dma_fifo.sv:86$736'.
  created $adff cell `$procdff$3189' with positive edge clock and negative level reset.
Creating register for signal `$paramod$47ec64fb5209bcfd12d6b2912fd6c2f990b84ee3\dma_fifo.\out_data_r' using process `$paramod$47ec64fb5209bcfd12d6b2912fd6c2f990b84ee3\dma_fifo.$proc$rtl/dma_fifo.sv:86$736'.
  created $adff cell `$procdff$3190' with positive edge clock and negative level reset.
Creating register for signal `$paramod$47ec64fb5209bcfd12d6b2912fd6c2f990b84ee3\dma_fifo.\out_valid_r' using process `$paramod$47ec64fb5209bcfd12d6b2912fd6c2f990b84ee3\dma_fifo.$proc$rtl/dma_fifo.sv:86$736'.
  created $adff cell `$procdff$3191' with positive edge clock and negative level reset.
Creating register for signal `$paramod$47ec64fb5209bcfd12d6b2912fd6c2f990b84ee3\dma_fifo.\mem[0]' using process `$paramod$47ec64fb5209bcfd12d6b2912fd6c2f990b84ee3\dma_fifo.$proc$rtl/dma_fifo.sv:86$736'.
  created $dff cell `$procdff$3194' with positive edge clock.
Creating register for signal `$paramod$47ec64fb5209bcfd12d6b2912fd6c2f990b84ee3\dma_fifo.\mem[1]' using process `$paramod$47ec64fb5209bcfd12d6b2912fd6c2f990b84ee3\dma_fifo.$proc$rtl/dma_fifo.sv:86$736'.
  created $dff cell `$procdff$3197' with positive edge clock.
Creating register for signal `$paramod$47ec64fb5209bcfd12d6b2912fd6c2f990b84ee3\dma_fifo.\mem[2]' using process `$paramod$47ec64fb5209bcfd12d6b2912fd6c2f990b84ee3\dma_fifo.$proc$rtl/dma_fifo.sv:86$736'.
  created $dff cell `$procdff$3200' with positive edge clock.
Creating register for signal `$paramod$47ec64fb5209bcfd12d6b2912fd6c2f990b84ee3\dma_fifo.\mem[3]' using process `$paramod$47ec64fb5209bcfd12d6b2912fd6c2f990b84ee3\dma_fifo.$proc$rtl/dma_fifo.sv:86$736'.
  created $dff cell `$procdff$3203' with positive edge clock.
Creating register for signal `$paramod$47ec64fb5209bcfd12d6b2912fd6c2f990b84ee3\dma_fifo.\mem[4]' using process `$paramod$47ec64fb5209bcfd12d6b2912fd6c2f990b84ee3\dma_fifo.$proc$rtl/dma_fifo.sv:86$736'.
  created $dff cell `$procdff$3206' with positive edge clock.
Creating register for signal `$paramod$47ec64fb5209bcfd12d6b2912fd6c2f990b84ee3\dma_fifo.\mem[5]' using process `$paramod$47ec64fb5209bcfd12d6b2912fd6c2f990b84ee3\dma_fifo.$proc$rtl/dma_fifo.sv:86$736'.
  created $dff cell `$procdff$3209' with positive edge clock.
Creating register for signal `$paramod$47ec64fb5209bcfd12d6b2912fd6c2f990b84ee3\dma_fifo.\mem[6]' using process `$paramod$47ec64fb5209bcfd12d6b2912fd6c2f990b84ee3\dma_fifo.$proc$rtl/dma_fifo.sv:86$736'.
  created $dff cell `$procdff$3212' with positive edge clock.
Creating register for signal `$paramod$47ec64fb5209bcfd12d6b2912fd6c2f990b84ee3\dma_fifo.\mem[7]' using process `$paramod$47ec64fb5209bcfd12d6b2912fd6c2f990b84ee3\dma_fifo.$proc$rtl/dma_fifo.sv:86$736'.
  created $dff cell `$procdff$3215' with positive edge clock.
Creating register for signal `$paramod$47ec64fb5209bcfd12d6b2912fd6c2f990b84ee3\dma_fifo.\mem[8]' using process `$paramod$47ec64fb5209bcfd12d6b2912fd6c2f990b84ee3\dma_fifo.$proc$rtl/dma_fifo.sv:86$736'.
  created $dff cell `$procdff$3218' with positive edge clock.
Creating register for signal `$paramod$47ec64fb5209bcfd12d6b2912fd6c2f990b84ee3\dma_fifo.\mem[9]' using process `$paramod$47ec64fb5209bcfd12d6b2912fd6c2f990b84ee3\dma_fifo.$proc$rtl/dma_fifo.sv:86$736'.
  created $dff cell `$procdff$3221' with positive edge clock.
Creating register for signal `$paramod$47ec64fb5209bcfd12d6b2912fd6c2f990b84ee3\dma_fifo.\mem[10]' using process `$paramod$47ec64fb5209bcfd12d6b2912fd6c2f990b84ee3\dma_fifo.$proc$rtl/dma_fifo.sv:86$736'.
  created $dff cell `$procdff$3224' with positive edge clock.
Creating register for signal `$paramod$47ec64fb5209bcfd12d6b2912fd6c2f990b84ee3\dma_fifo.\mem[11]' using process `$paramod$47ec64fb5209bcfd12d6b2912fd6c2f990b84ee3\dma_fifo.$proc$rtl/dma_fifo.sv:86$736'.
  created $dff cell `$procdff$3227' with positive edge clock.
Creating register for signal `$paramod$47ec64fb5209bcfd12d6b2912fd6c2f990b84ee3\dma_fifo.\mem[12]' using process `$paramod$47ec64fb5209bcfd12d6b2912fd6c2f990b84ee3\dma_fifo.$proc$rtl/dma_fifo.sv:86$736'.
  created $dff cell `$procdff$3230' with positive edge clock.
Creating register for signal `$paramod$47ec64fb5209bcfd12d6b2912fd6c2f990b84ee3\dma_fifo.\mem[13]' using process `$paramod$47ec64fb5209bcfd12d6b2912fd6c2f990b84ee3\dma_fifo.$proc$rtl/dma_fifo.sv:86$736'.
  created $dff cell `$procdff$3233' with positive edge clock.
Creating register for signal `$paramod$47ec64fb5209bcfd12d6b2912fd6c2f990b84ee3\dma_fifo.\mem[14]' using process `$paramod$47ec64fb5209bcfd12d6b2912fd6c2f990b84ee3\dma_fifo.$proc$rtl/dma_fifo.sv:86$736'.
  created $dff cell `$procdff$3236' with positive edge clock.
Creating register for signal `$paramod$47ec64fb5209bcfd12d6b2912fd6c2f990b84ee3\dma_fifo.\mem[15]' using process `$paramod$47ec64fb5209bcfd12d6b2912fd6c2f990b84ee3\dma_fifo.$proc$rtl/dma_fifo.sv:86$736'.
  created $dff cell `$procdff$3239' with positive edge clock.
Creating register for signal `$paramod$47ec64fb5209bcfd12d6b2912fd6c2f990b84ee3\dma_fifo.$mem2reg_wr$\mem$rtl/dma_fifo.sv:96$710_ADDR' using process `$paramod$47ec64fb5209bcfd12d6b2912fd6c2f990b84ee3\dma_fifo.$proc$rtl/dma_fifo.sv:86$736'.
  created $adff cell `$procdff$3240' with positive edge clock and negative level reset.
Creating register for signal `$paramod$47ec64fb5209bcfd12d6b2912fd6c2f990b84ee3\dma_fifo.$mem2reg_wr$\mem$rtl/dma_fifo.sv:96$710_DATA' using process `$paramod$47ec64fb5209bcfd12d6b2912fd6c2f990b84ee3\dma_fifo.$proc$rtl/dma_fifo.sv:86$736'.
  created $adff cell `$procdff$3241' with positive edge clock and negative level reset.
Creating register for signal `$paramod$47ec64fb5209bcfd12d6b2912fd6c2f990b84ee3\dma_fifo.$mem2reg_rd$\mem$rtl/dma_fifo.sv:115$711_ADDR' using process `$paramod$47ec64fb5209bcfd12d6b2912fd6c2f990b84ee3\dma_fifo.$proc$rtl/dma_fifo.sv:86$736'.
  created $adff cell `$procdff$3242' with positive edge clock and negative level reset.
Creating register for signal `$paramod$47ec64fb5209bcfd12d6b2912fd6c2f990b84ee3\dma_fifo.$mem2reg_rd$\mem$rtl/dma_fifo.sv:115$711_DATA' using process `$paramod$47ec64fb5209bcfd12d6b2912fd6c2f990b84ee3\dma_fifo.$proc$rtl/dma_fifo.sv:86$736'.
  created $adff cell `$procdff$3243' with positive edge clock and negative level reset.
Creating register for signal `$paramod$009f3b7c956d56e1321a15cdc68bac150250ca09\dma_fsm.\core_done_pulse' using process `$paramod$009f3b7c956d56e1321a15cdc68bac150250ca09\dma_fsm.$proc$rtl/dma_fsm.sv:260$581'.
  created $adff cell `$procdff$3244' with positive edge clock and negative level reset.
Creating register for signal `$paramod$009f3b7c956d56e1321a15cdc68bac150250ca09\dma_fsm.\core_err_pulse' using process `$paramod$009f3b7c956d56e1321a15cdc68bac150250ca09\dma_fsm.$proc$rtl/dma_fsm.sv:260$581'.
  created $adff cell `$procdff$3245' with positive edge clock and negative level reset.
Creating register for signal `$paramod$009f3b7c956d56e1321a15cdc68bac150250ca09\dma_fsm.\state' using process `$paramod$009f3b7c956d56e1321a15cdc68bac150250ca09\dma_fsm.$proc$rtl/dma_fsm.sv:260$581'.
  created $adff cell `$procdff$3246' with positive edge clock and negative level reset.
Creating register for signal `$paramod$009f3b7c956d56e1321a15cdc68bac150250ca09\dma_fsm.\cur_src_q' using process `$paramod$009f3b7c956d56e1321a15cdc68bac150250ca09\dma_fsm.$proc$rtl/dma_fsm.sv:260$581'.
  created $adff cell `$procdff$3247' with positive edge clock and negative level reset.
Creating register for signal `$paramod$009f3b7c956d56e1321a15cdc68bac150250ca09\dma_fsm.\cur_dst_q' using process `$paramod$009f3b7c956d56e1321a15cdc68bac150250ca09\dma_fsm.$proc$rtl/dma_fsm.sv:260$581'.
  created $adff cell `$procdff$3248' with positive edge clock and negative level reset.
Creating register for signal `$paramod$009f3b7c956d56e1321a15cdc68bac150250ca09\dma_fsm.\rem_bytes_q' using process `$paramod$009f3b7c956d56e1321a15cdc68bac150250ca09\dma_fsm.$proc$rtl/dma_fsm.sv:260$581'.
  created $adff cell `$procdff$3249' with positive edge clock and negative level reset.
Creating register for signal `$paramod$009f3b7c956d56e1321a15cdc68bac150250ca09\dma_fsm.\burst_beats_q' using process `$paramod$009f3b7c956d56e1321a15cdc68bac150250ca09\dma_fsm.$proc$rtl/dma_fsm.sv:260$581'.
  created $adff cell `$procdff$3250' with positive edge clock and negative level reset.
Creating register for signal `$paramod$009f3b7c956d56e1321a15cdc68bac150250ca09\dma_fsm.\burst_len_q' using process `$paramod$009f3b7c956d56e1321a15cdc68bac150250ca09\dma_fsm.$proc$rtl/dma_fsm.sv:260$581'.
  created $adff cell `$procdff$3251' with positive edge clock and negative level reset.
Creating register for signal `$paramod$009f3b7c956d56e1321a15cdc68bac150250ca09\dma_fsm.\err_code_q' using process `$paramod$009f3b7c956d56e1321a15cdc68bac150250ca09\dma_fsm.$proc$rtl/dma_fsm.sv:260$581'.
  created $adff cell `$procdff$3252' with positive edge clock and negative level reset.
Creating register for signal `$paramod$009f3b7c956d56e1321a15cdc68bac150250ca09\dma_fsm.\wr_addr_issued_q' using process `$paramod$009f3b7c956d56e1321a15cdc68bac150250ca09\dma_fsm.$proc$rtl/dma_fsm.sv:260$581'.
  created $adff cell `$procdff$3253' with positive edge clock and negative level reset.
Creating register for signal `$paramod$009f3b7c956d56e1321a15cdc68bac150250ca09\dma_fsm.\calc_beats$func$rtl/dma_fsm.sv:295$532.$result' using process `$paramod$009f3b7c956d56e1321a15cdc68bac150250ca09\dma_fsm.$proc$rtl/dma_fsm.sv:260$581'.
  created $adff cell `$procdff$3254' with positive edge clock and negative level reset.
Creating register for signal `$paramod$009f3b7c956d56e1321a15cdc68bac150250ca09\dma_fsm.\calc_beats$func$rtl/dma_fsm.sv:295$532.rem_b' using process `$paramod$009f3b7c956d56e1321a15cdc68bac150250ca09\dma_fsm.$proc$rtl/dma_fsm.sv:260$581'.
  created $adff cell `$procdff$3255' with positive edge clock and negative level reset.
Creating register for signal `$paramod$009f3b7c956d56e1321a15cdc68bac150250ca09\dma_fsm.\calc_beats$func$rtl/dma_fsm.sv:295$532.max_b' using process `$paramod$009f3b7c956d56e1321a15cdc68bac150250ca09\dma_fsm.$proc$rtl/dma_fsm.sv:260$581'.
  created $adff cell `$procdff$3256' with positive edge clock and negative level reset.
Creating register for signal `$paramod$009f3b7c956d56e1321a15cdc68bac150250ca09\dma_fsm.\calc_beats$func$rtl/dma_fsm.sv:295$532.beats' using process `$paramod$009f3b7c956d56e1321a15cdc68bac150250ca09\dma_fsm.$proc$rtl/dma_fsm.sv:260$581'.
  created $adff cell `$procdff$3257' with positive edge clock and negative level reset.
Creating register for signal `$paramod$009f3b7c956d56e1321a15cdc68bac150250ca09\dma_fsm.\calc_beats$func$rtl/dma_fsm.sv:295$532.m' using process `$paramod$009f3b7c956d56e1321a15cdc68bac150250ca09\dma_fsm.$proc$rtl/dma_fsm.sv:260$581'.
  created $adff cell `$procdff$3258' with positive edge clock and negative level reset.
Creating register for signal `$paramod$009f3b7c956d56e1321a15cdc68bac150250ca09\dma_fsm.\calc_beats$func$rtl/dma_fsm.sv:296$533.$result' using process `$paramod$009f3b7c956d56e1321a15cdc68bac150250ca09\dma_fsm.$proc$rtl/dma_fsm.sv:260$581'.
  created $adff cell `$procdff$3259' with positive edge clock and negative level reset.
Creating register for signal `$paramod$009f3b7c956d56e1321a15cdc68bac150250ca09\dma_fsm.\calc_beats$func$rtl/dma_fsm.sv:296$533.rem_b' using process `$paramod$009f3b7c956d56e1321a15cdc68bac150250ca09\dma_fsm.$proc$rtl/dma_fsm.sv:260$581'.
  created $adff cell `$procdff$3260' with positive edge clock and negative level reset.
Creating register for signal `$paramod$009f3b7c956d56e1321a15cdc68bac150250ca09\dma_fsm.\calc_beats$func$rtl/dma_fsm.sv:296$533.max_b' using process `$paramod$009f3b7c956d56e1321a15cdc68bac150250ca09\dma_fsm.$proc$rtl/dma_fsm.sv:260$581'.
  created $adff cell `$procdff$3261' with positive edge clock and negative level reset.
Creating register for signal `$paramod$009f3b7c956d56e1321a15cdc68bac150250ca09\dma_fsm.\calc_beats$func$rtl/dma_fsm.sv:296$533.beats' using process `$paramod$009f3b7c956d56e1321a15cdc68bac150250ca09\dma_fsm.$proc$rtl/dma_fsm.sv:260$581'.
  created $adff cell `$procdff$3262' with positive edge clock and negative level reset.
Creating register for signal `$paramod$009f3b7c956d56e1321a15cdc68bac150250ca09\dma_fsm.\calc_beats$func$rtl/dma_fsm.sv:296$533.m' using process `$paramod$009f3b7c956d56e1321a15cdc68bac150250ca09\dma_fsm.$proc$rtl/dma_fsm.sv:260$581'.
  created $adff cell `$procdff$3263' with positive edge clock and negative level reset.
Creating register for signal `$paramod$009f3b7c956d56e1321a15cdc68bac150250ca09\dma_fsm.\to_axlen$func$rtl/dma_fsm.sv:296$534.$result' using process `$paramod$009f3b7c956d56e1321a15cdc68bac150250ca09\dma_fsm.$proc$rtl/dma_fsm.sv:260$581'.
  created $adff cell `$procdff$3264' with positive edge clock and negative level reset.
Creating register for signal `$paramod$009f3b7c956d56e1321a15cdc68bac150250ca09\dma_fsm.\to_axlen$func$rtl/dma_fsm.sv:296$534.beats' using process `$paramod$009f3b7c956d56e1321a15cdc68bac150250ca09\dma_fsm.$proc$rtl/dma_fsm.sv:260$581'.
  created $adff cell `$procdff$3265' with positive edge clock and negative level reset.
Creating register for signal `$paramod$009f3b7c956d56e1321a15cdc68bac150250ca09\dma_fsm.\to_axlen$func$rtl/dma_fsm.sv:329$535.$result' using process `$paramod$009f3b7c956d56e1321a15cdc68bac150250ca09\dma_fsm.$proc$rtl/dma_fsm.sv:260$581'.
  created $adff cell `$procdff$3266' with positive edge clock and negative level reset.
Creating register for signal `$paramod$009f3b7c956d56e1321a15cdc68bac150250ca09\dma_fsm.\to_axlen$func$rtl/dma_fsm.sv:329$535.beats' using process `$paramod$009f3b7c956d56e1321a15cdc68bac150250ca09\dma_fsm.$proc$rtl/dma_fsm.sv:260$581'.
  created $adff cell `$procdff$3267' with positive edge clock and negative level reset.
Creating register for signal `$paramod$c8bc0509aabc15b64a46d0e677e83bf79e882db8\dma_axi_master_rd.\rd_done' using process `$paramod$c8bc0509aabc15b64a46d0e677e83bf79e882db8\dma_axi_master_rd.$proc$rtl/dma_axi_master_rd.sv:118$520'.
  created $adff cell `$procdff$3268' with positive edge clock and negative level reset.
Creating register for signal `$paramod$c8bc0509aabc15b64a46d0e677e83bf79e882db8\dma_axi_master_rd.\rd_err' using process `$paramod$c8bc0509aabc15b64a46d0e677e83bf79e882db8\dma_axi_master_rd.$proc$rtl/dma_axi_master_rd.sv:118$520'.
  created $adff cell `$procdff$3269' with positive edge clock and negative level reset.
Creating register for signal `$paramod$c8bc0509aabc15b64a46d0e677e83bf79e882db8\dma_axi_master_rd.\state' using process `$paramod$c8bc0509aabc15b64a46d0e677e83bf79e882db8\dma_axi_master_rd.$proc$rtl/dma_axi_master_rd.sv:118$520'.
  created $adff cell `$procdff$3270' with positive edge clock and negative level reset.
Creating register for signal `$paramod$c8bc0509aabc15b64a46d0e677e83bf79e882db8\dma_axi_master_rd.\addr_q' using process `$paramod$c8bc0509aabc15b64a46d0e677e83bf79e882db8\dma_axi_master_rd.$proc$rtl/dma_axi_master_rd.sv:118$520'.
  created $adff cell `$procdff$3271' with positive edge clock and negative level reset.
Creating register for signal `$paramod$c8bc0509aabc15b64a46d0e677e83bf79e882db8\dma_axi_master_rd.\len_q' using process `$paramod$c8bc0509aabc15b64a46d0e677e83bf79e882db8\dma_axi_master_rd.$proc$rtl/dma_axi_master_rd.sv:118$520'.
  created $adff cell `$procdff$3272' with positive edge clock and negative level reset.
Creating register for signal `$paramod$c8bc0509aabc15b64a46d0e677e83bf79e882db8\dma_axi_master_rd.\err_q' using process `$paramod$c8bc0509aabc15b64a46d0e677e83bf79e882db8\dma_axi_master_rd.$proc$rtl/dma_axi_master_rd.sv:118$520'.
  created $adff cell `$procdff$3273' with positive edge clock and negative level reset.
Creating register for signal `$paramod$c8bc0509aabc15b64a46d0e677e83bf79e882db8\dma_axi_master_wr.\wr_done' using process `$paramod$c8bc0509aabc15b64a46d0e677e83bf79e882db8\dma_axi_master_wr.$proc$rtl/dma_axi_master_wr.sv:152$494'.
  created $adff cell `$procdff$3274' with positive edge clock and negative level reset.
Creating register for signal `$paramod$c8bc0509aabc15b64a46d0e677e83bf79e882db8\dma_axi_master_wr.\wr_err' using process `$paramod$c8bc0509aabc15b64a46d0e677e83bf79e882db8\dma_axi_master_wr.$proc$rtl/dma_axi_master_wr.sv:152$494'.
  created $adff cell `$procdff$3275' with positive edge clock and negative level reset.
Creating register for signal `$paramod$c8bc0509aabc15b64a46d0e677e83bf79e882db8\dma_axi_master_wr.\state' using process `$paramod$c8bc0509aabc15b64a46d0e677e83bf79e882db8\dma_axi_master_wr.$proc$rtl/dma_axi_master_wr.sv:152$494'.
  created $adff cell `$procdff$3276' with positive edge clock and negative level reset.
Creating register for signal `$paramod$c8bc0509aabc15b64a46d0e677e83bf79e882db8\dma_axi_master_wr.\addr_q' using process `$paramod$c8bc0509aabc15b64a46d0e677e83bf79e882db8\dma_axi_master_wr.$proc$rtl/dma_axi_master_wr.sv:152$494'.
  created $adff cell `$procdff$3277' with positive edge clock and negative level reset.
Creating register for signal `$paramod$c8bc0509aabc15b64a46d0e677e83bf79e882db8\dma_axi_master_wr.\len_q' using process `$paramod$c8bc0509aabc15b64a46d0e677e83bf79e882db8\dma_axi_master_wr.$proc$rtl/dma_axi_master_wr.sv:152$494'.
  created $adff cell `$procdff$3278' with positive edge clock and negative level reset.
Creating register for signal `$paramod$c8bc0509aabc15b64a46d0e677e83bf79e882db8\dma_axi_master_wr.\err_q' using process `$paramod$c8bc0509aabc15b64a46d0e677e83bf79e882db8\dma_axi_master_wr.$proc$rtl/dma_axi_master_wr.sv:152$494'.
  created $adff cell `$procdff$3279' with positive edge clock and negative level reset.
Creating register for signal `$paramod$c8bc0509aabc15b64a46d0e677e83bf79e882db8\dma_axi_master_wr.\beats_left_q' using process `$paramod$c8bc0509aabc15b64a46d0e677e83bf79e882db8\dma_axi_master_wr.$proc$rtl/dma_axi_master_wr.sv:152$494'.
  created $adff cell `$procdff$3280' with positive edge clock and negative level reset.

9.10. Executing PROC_MEMWR pass (convert process memory writes to cells).

9.11. Executing PROC_CLEAN pass (remove empty switches from decision trees).
Found and cleaned up 42 empty switches in `$paramod$70bf19c0e5ac86e1fb69f77454d9b20d8e513e14\dma_csr.$proc$rtl/dma_csr.sv:149$774'.
Removing empty process `$paramod$70bf19c0e5ac86e1fb69f77454d9b20d8e513e14\dma_csr.$proc$rtl/dma_csr.sv:149$774'.
Found and cleaned up 7 empty switches in `$paramod$47ec64fb5209bcfd12d6b2912fd6c2f990b84ee3\dma_fifo.$proc$rtl/dma_fifo.sv:86$736'.
Removing empty process `$paramod$47ec64fb5209bcfd12d6b2912fd6c2f990b84ee3\dma_fifo.$proc$rtl/dma_fifo.sv:86$736'.
Found and cleaned up 3 empty switches in `$paramod$47ec64fb5209bcfd12d6b2912fd6c2f990b84ee3\dma_fifo.$proc$rtl/dma_fifo.sv:0$717'.
Removing empty process `$paramod$47ec64fb5209bcfd12d6b2912fd6c2f990b84ee3\dma_fifo.$proc$rtl/dma_fifo.sv:0$717'.
Removing empty process `$paramod$009f3b7c956d56e1321a15cdc68bac150250ca09\dma_fsm.$proc$rtl/dma_fsm.sv:0$702'.
Removing empty process `$paramod$009f3b7c956d56e1321a15cdc68bac150250ca09\dma_fsm.$proc$rtl/dma_fsm.sv:0$696'.
Found and cleaned up 21 empty switches in `$paramod$009f3b7c956d56e1321a15cdc68bac150250ca09\dma_fsm.$proc$rtl/dma_fsm.sv:260$581'.
Removing empty process `$paramod$009f3b7c956d56e1321a15cdc68bac150250ca09\dma_fsm.$proc$rtl/dma_fsm.sv:260$581'.
Found and cleaned up 20 empty switches in `$paramod$009f3b7c956d56e1321a15cdc68bac150250ca09\dma_fsm.$proc$rtl/dma_fsm.sv:0$573'.
Removing empty process `$paramod$009f3b7c956d56e1321a15cdc68bac150250ca09\dma_fsm.$proc$rtl/dma_fsm.sv:0$573'.
Found and cleaned up 4 empty switches in `$paramod$009f3b7c956d56e1321a15cdc68bac150250ca09\dma_fsm.$proc$rtl/dma_fsm.sv:0$557'.
Removing empty process `$paramod$009f3b7c956d56e1321a15cdc68bac150250ca09\dma_fsm.$proc$rtl/dma_fsm.sv:0$557'.
Removing empty process `$paramod$009f3b7c956d56e1321a15cdc68bac150250ca09\dma_fsm.$proc$rtl/dma_fsm.sv:0$551'.
Found and cleaned up 4 empty switches in `$paramod$c8bc0509aabc15b64a46d0e677e83bf79e882db8\dma_axi_master_rd.$proc$rtl/dma_axi_master_rd.sv:118$520'.
Removing empty process `$paramod$c8bc0509aabc15b64a46d0e677e83bf79e882db8\dma_axi_master_rd.$proc$rtl/dma_axi_master_rd.sv:118$520'.
Found and cleaned up 4 empty switches in `$paramod$c8bc0509aabc15b64a46d0e677e83bf79e882db8\dma_axi_master_rd.$proc$rtl/dma_axi_master_rd.sv:0$518'.
Removing empty process `$paramod$c8bc0509aabc15b64a46d0e677e83bf79e882db8\dma_axi_master_rd.$proc$rtl/dma_axi_master_rd.sv:0$518'.
Found and cleaned up 5 empty switches in `$paramod$c8bc0509aabc15b64a46d0e677e83bf79e882db8\dma_axi_master_wr.$proc$rtl/dma_axi_master_wr.sv:152$494'.
Removing empty process `$paramod$c8bc0509aabc15b64a46d0e677e83bf79e882db8\dma_axi_master_wr.$proc$rtl/dma_axi_master_wr.sv:152$494'.
Found and cleaned up 5 empty switches in `$paramod$c8bc0509aabc15b64a46d0e677e83bf79e882db8\dma_axi_master_wr.$proc$rtl/dma_axi_master_wr.sv:0$491'.
Removing empty process `$paramod$c8bc0509aabc15b64a46d0e677e83bf79e882db8\dma_axi_master_wr.$proc$rtl/dma_axi_master_wr.sv:0$491'.
Cleaned up 115 empty switches.

9.12. Executing OPT_EXPR pass (perform const folding).
Optimizing module dma_axi_top.
Optimizing module $paramod$70bf19c0e5ac86e1fb69f77454d9b20d8e513e14\dma_csr.
<suppressed ~31 debug messages>
Optimizing module $paramod$47ec64fb5209bcfd12d6b2912fd6c2f990b84ee3\dma_fifo.
<suppressed ~5 debug messages>
Optimizing module $paramod$009f3b7c956d56e1321a15cdc68bac150250ca09\dma_fsm.
<suppressed ~20 debug messages>
Optimizing module $paramod$c8bc0509aabc15b64a46d0e677e83bf79e882db8\dma_axi_master_rd.
<suppressed ~6 debug messages>
Optimizing module $paramod$c8bc0509aabc15b64a46d0e677e83bf79e882db8\dma_axi_master_wr.
<suppressed ~7 debug messages>

10. Executing OPT pass (performing simple optimizations).

10.1. Executing OPT_EXPR pass (perform const folding).
Optimizing module dma_axi_top.
Optimizing module $paramod$70bf19c0e5ac86e1fb69f77454d9b20d8e513e14\dma_csr.
Optimizing module $paramod$47ec64fb5209bcfd12d6b2912fd6c2f990b84ee3\dma_fifo.
Optimizing module $paramod$009f3b7c956d56e1321a15cdc68bac150250ca09\dma_fsm.
<suppressed ~10 debug messages>
Optimizing module $paramod$c8bc0509aabc15b64a46d0e677e83bf79e882db8\dma_axi_master_rd.
Optimizing module $paramod$c8bc0509aabc15b64a46d0e677e83bf79e882db8\dma_axi_master_wr.

10.2. Executing OPT_MERGE pass (detect identical cells).
Finding identical cells in module `\dma_axi_top'.
Finding identical cells in module `$paramod$70bf19c0e5ac86e1fb69f77454d9b20d8e513e14\dma_csr'.
<suppressed ~402 debug messages>
Finding identical cells in module `$paramod$47ec64fb5209bcfd12d6b2912fd6c2f990b84ee3\dma_fifo'.
<suppressed ~12 debug messages>
Finding identical cells in module `$paramod$009f3b7c956d56e1321a15cdc68bac150250ca09\dma_fsm'.
<suppressed ~150 debug messages>
Finding identical cells in module `$paramod$c8bc0509aabc15b64a46d0e677e83bf79e882db8\dma_axi_master_rd'.
<suppressed ~27 debug messages>
Finding identical cells in module `$paramod$c8bc0509aabc15b64a46d0e677e83bf79e882db8\dma_axi_master_wr'.
<suppressed ~42 debug messages>
Removed a total of 211 cells.

10.3. Executing OPT_MUXTREE pass (detect dead branches in mux trees).
Running muxtree optimizer on module \dma_axi_top..
  Creating internal representation of mux trees.
  No muxes found in this module.
Running muxtree optimizer on module $paramod$70bf19c0e5ac86e1fb69f77454d9b20d8e513e14\dma_csr..
  Creating internal representation of mux trees.
  Evaluating internal representation of mux trees.
  Analyzing evaluation results.
    dead port 1/2 on $mux $procmux$1951.
    dead port 2/2 on $mux $procmux$1951.
    dead port 1/2 on $mux $procmux$1949.
    dead port 2/2 on $mux $procmux$1949.
    dead port 1/2 on $mux $procmux$1858.
    dead port 2/2 on $mux $procmux$1858.
    dead port 1/2 on $mux $procmux$1855.
    dead port 2/2 on $mux $procmux$1855.
    dead port 1/2 on $mux $procmux$1852.
    dead port 2/2 on $mux $procmux$1852.
    dead port 1/2 on $mux $procmux$1849.
    dead port 2/2 on $mux $procmux$1849.
    dead port 1/2 on $mux $procmux$1846.
    dead port 2/2 on $mux $procmux$1846.
    dead port 1/2 on $mux $procmux$1843.
    dead port 2/2 on $mux $procmux$1843.
    dead port 1/2 on $mux $procmux$1840.
    dead port 2/2 on $mux $procmux$1840.
    dead port 1/2 on $mux $procmux$1837.
    dead port 2/2 on $mux $procmux$1837.
    dead port 1/2 on $mux $procmux$1834.
    dead port 2/2 on $mux $procmux$1834.
    dead port 1/2 on $mux $procmux$1831.
    dead port 2/2 on $mux $procmux$1831.
    dead port 1/2 on $mux $procmux$1828.
    dead port 2/2 on $mux $procmux$1828.
    dead port 1/2 on $mux $procmux$1825.
    dead port 2/2 on $mux $procmux$1825.
    dead port 1/2 on $mux $procmux$1822.
    dead port 2/2 on $mux $procmux$1822.
    dead port 1/2 on $mux $procmux$1819.
    dead port 2/2 on $mux $procmux$1819.
    dead port 1/2 on $mux $procmux$1816.
    dead port 2/2 on $mux $procmux$1816.
    dead port 1/2 on $mux $procmux$1813.
    dead port 2/2 on $mux $procmux$1813.
    dead port 1/2 on $mux $procmux$1810.
    dead port 2/2 on $mux $procmux$1810.
    dead port 1/2 on $mux $procmux$1807.
    dead port 2/2 on $mux $procmux$1807.
    dead port 1/2 on $mux $procmux$1804.
    dead port 2/2 on $mux $procmux$1804.
    dead port 1/2 on $mux $procmux$1801.
    dead port 2/2 on $mux $procmux$1801.
    dead port 1/2 on $mux $procmux$1798.
    dead port 2/2 on $mux $procmux$1798.
    dead port 1/2 on $mux $procmux$1795.
    dead port 2/2 on $mux $procmux$1795.
    dead port 1/2 on $mux $procmux$1792.
    dead port 2/2 on $mux $procmux$1792.
    dead port 1/2 on $mux $procmux$1789.
    dead port 2/2 on $mux $procmux$1789.
    dead port 1/2 on $mux $procmux$1786.
    dead port 2/2 on $mux $procmux$1786.
    dead port 1/2 on $mux $procmux$1783.
    dead port 2/2 on $mux $procmux$1783.
    dead port 1/2 on $mux $procmux$1780.
    dead port 2/2 on $mux $procmux$1780.
    dead port 1/2 on $mux $procmux$1777.
    dead port 2/2 on $mux $procmux$1777.
    dead port 1/2 on $mux $procmux$1774.
    dead port 2/2 on $mux $procmux$1774.
    dead port 1/2 on $mux $procmux$1771.
    dead port 2/2 on $mux $procmux$1771.
    dead port 1/2 on $mux $procmux$1768.
    dead port 2/2 on $mux $procmux$1768.
    dead port 1/2 on $mux $procmux$1766.
    dead port 2/2 on $mux $procmux$1766.
    dead port 2/2 on $mux $procmux$1759.
    dead port 1/2 on $mux $procmux$1751.
    dead port 2/2 on $mux $procmux$1751.
    dead port 1/2 on $mux $procmux$1749.
    dead port 2/2 on $mux $procmux$1749.
    dead port 1/2 on $mux $procmux$1740.
    dead port 2/2 on $mux $procmux$1740.
    dead port 1/2 on $mux $procmux$1738.
    dead port 2/2 on $mux $procmux$1738.
    dead port 1/2 on $mux $procmux$1729.
    dead port 2/2 on $mux $procmux$1729.
    dead port 1/2 on $mux $procmux$1727.
    dead port 2/2 on $mux $procmux$1727.
    dead port 1/2 on $mux $procmux$1718.
    dead port 2/2 on $mux $procmux$1718.
    dead port 1/2 on $mux $procmux$1716.
    dead port 2/2 on $mux $procmux$1716.
    dead port 2/2 on $mux $procmux$1707.
    dead port 1/2 on $mux $procmux$1695.
    dead port 2/2 on $mux $procmux$1695.
    dead port 1/2 on $mux $procmux$1693.
    dead port 2/2 on $mux $procmux$1693.
    dead port 1/2 on $mux $procmux$1684.
    dead port 2/2 on $mux $procmux$1684.
    dead port 1/2 on $mux $procmux$1682.
    dead port 2/2 on $mux $procmux$1682.
    dead port 1/2 on $mux $procmux$1674.
    dead port 2/2 on $mux $procmux$1674.
    dead port 1/2 on $mux $procmux$1672.
    dead port 2/2 on $mux $procmux$1672.
    dead port 1/2 on $mux $procmux$1664.
    dead port 2/2 on $mux $procmux$1664.
    dead port 1/2 on $mux $procmux$1662.
    dead port 2/2 on $mux $procmux$1662.
    dead port 1/2 on $mux $procmux$1654.
    dead port 2/2 on $mux $procmux$1654.
    dead port 1/2 on $mux $procmux$1652.
    dead port 2/2 on $mux $procmux$1652.
    dead port 1/2 on $mux $procmux$1644.
    dead port 2/2 on $mux $procmux$1644.
    dead port 1/2 on $mux $procmux$1642.
    dead port 2/2 on $mux $procmux$1642.
    dead port 1/2 on $mux $procmux$1632.
    dead port 2/2 on $mux $procmux$1632.
    dead port 1/2 on $mux $procmux$1630.
    dead port 2/2 on $mux $procmux$1630.
    dead port 1/2 on $mux $procmux$1622.
    dead port 2/2 on $mux $procmux$1622.
    dead port 1/2 on $mux $procmux$1620.
    dead port 2/2 on $mux $procmux$1620.
    dead port 1/2 on $mux $procmux$1613.
    dead port 2/2 on $mux $procmux$1613.
    dead port 1/2 on $mux $procmux$1611.
    dead port 2/2 on $mux $procmux$1611.
    dead port 1/2 on $mux $procmux$1604.
    dead port 2/2 on $mux $procmux$1604.
    dead port 1/2 on $mux $procmux$1602.
    dead port 2/2 on $mux $procmux$1602.
    dead port 1/2 on $mux $procmux$1595.
    dead port 2/2 on $mux $procmux$1595.
    dead port 1/2 on $mux $procmux$1593.
    dead port 2/2 on $mux $procmux$1593.
    dead port 1/2 on $mux $procmux$1586.
    dead port 2/2 on $mux $procmux$1586.
    dead port 1/2 on $mux $procmux$1584.
    dead port 2/2 on $mux $procmux$1584.
    dead port 1/2 on $mux $procmux$1575.
    dead port 2/2 on $mux $procmux$1575.
    dead port 1/2 on $mux $procmux$1573.
    dead port 2/2 on $mux $procmux$1573.
    dead port 1/2 on $mux $procmux$1566.
    dead port 2/2 on $mux $procmux$1566.
    dead port 1/2 on $mux $procmux$1564.
    dead port 2/2 on $mux $procmux$1564.
    dead port 1/2 on $mux $procmux$1558.
    dead port 2/2 on $mux $procmux$1558.
    dead port 1/2 on $mux $procmux$1556.
    dead port 2/2 on $mux $procmux$1556.
    dead port 1/2 on $mux $procmux$1550.
    dead port 2/2 on $mux $procmux$1550.
    dead port 1/2 on $mux $procmux$1548.
    dead port 2/2 on $mux $procmux$1548.
    dead port 1/2 on $mux $procmux$1542.
    dead port 2/2 on $mux $procmux$1542.
    dead port 1/2 on $mux $procmux$1540.
    dead port 2/2 on $mux $procmux$1540.
    dead port 2/2 on $mux $procmux$1534.
    dead port 1/2 on $mux $procmux$1522.
    dead port 2/2 on $mux $procmux$1522.
    dead port 1/2 on $mux $procmux$1520.
    dead port 2/2 on $mux $procmux$1520.
    dead port 2/2 on $mux $procmux$1514.
    dead port 2/2 on $mux $procmux$1512.
    dead port 2/2 on $mux $procmux$1499.
    dead port 2/2 on $mux $procmux$1497.
    dead port 1/2 on $mux $procmux$1486.
    dead port 2/2 on $mux $procmux$1486.
    dead port 1/2 on $mux $procmux$1484.
    dead port 2/2 on $mux $procmux$1484.
    dead port 1/2 on $mux $procmux$1474.
    dead port 2/2 on $mux $procmux$1474.
    dead port 1/2 on $mux $procmux$1472.
    dead port 2/2 on $mux $procmux$1472.
    dead port 1/2 on $mux $procmux$1462.
    dead port 2/2 on $mux $procmux$1462.
    dead port 1/2 on $mux $procmux$1460.
    dead port 2/2 on $mux $procmux$1460.
    dead port 2/2 on $mux $procmux$1450.
    dead port 2/2 on $mux $procmux$1448.
    dead port 2/2 on $mux $procmux$1438.
    dead port 2/2 on $mux $procmux$1436.
    dead port 1/2 on $mux $procmux$1427.
    dead port 2/2 on $mux $procmux$1427.
    dead port 1/2 on $mux $procmux$1425.
    dead port 2/2 on $mux $procmux$1425.
    dead port 1/2 on $mux $procmux$1419.
    dead port 2/2 on $mux $procmux$1419.
    dead port 1/2 on $mux $procmux$1417.
    dead port 2/2 on $mux $procmux$1417.
    dead port 1/2 on $mux $procmux$1411.
    dead port 2/2 on $mux $procmux$1411.
    dead port 1/2 on $mux $procmux$1409.
    dead port 2/2 on $mux $procmux$1409.
    dead port 1/2 on $mux $procmux$1399.
    dead port 2/2 on $mux $procmux$1399.
    dead port 1/2 on $mux $procmux$1397.
    dead port 2/2 on $mux $procmux$1397.
    dead port 2/2 on $mux $procmux$1387.
    dead port 2/2 on $mux $procmux$1360.
    dead port 2/2 on $mux $procmux$1358.
    dead port 2/2 on $mux $procmux$1345.
    dead port 2/2 on $mux $procmux$1343.
    dead port 2/2 on $mux $procmux$1330.
    dead port 2/2 on $mux $procmux$1328.
    dead port 2/2 on $mux $procmux$1316.
    dead port 2/2 on $mux $procmux$1308.
    dead port 1/2 on $mux $procmux$1300.
    dead port 2/2 on $mux $procmux$1300.
    dead port 1/2 on $mux $procmux$1298.
    dead port 2/2 on $mux $procmux$1298.
    dead port 1/2 on $mux $procmux$1288.
    dead port 2/2 on $mux $procmux$1288.
    dead port 1/2 on $mux $procmux$1286.
    dead port 2/2 on $mux $procmux$1286.
    dead port 2/2 on $mux $procmux$1276.
    dead port 2/2 on $mux $procmux$1274.
    dead port 2/2 on $mux $procmux$1262.
    dead port 2/2 on $mux $procmux$1260.
    dead port 2/2 on $mux $procmux$1248.
    dead port 2/2 on $mux $procmux$1246.
    dead port 1/2 on $mux $procmux$1234.
    dead port 2/2 on $mux $procmux$1234.
    dead port 1/2 on $mux $procmux$1232.
    dead port 2/2 on $mux $procmux$1232.
    dead port 1/2 on $mux $procmux$1222.
    dead port 2/2 on $mux $procmux$1222.
    dead port 1/2 on $mux $procmux$1220.
    dead port 2/2 on $mux $procmux$1220.
    dead port 1/2 on $mux $procmux$1211.
    dead port 2/2 on $mux $procmux$1211.
    dead port 1/2 on $mux $procmux$1209.
    dead port 2/2 on $mux $procmux$1209.
    dead port 1/2 on $mux $procmux$1200.
    dead port 2/2 on $mux $procmux$1200.
    dead port 1/2 on $mux $procmux$1198.
    dead port 2/2 on $mux $procmux$1198.
    dead port 2/2 on $mux $procmux$1189.
    dead port 2/2 on $mux $procmux$1187.
    dead port 2/2 on $mux $procmux$1176.
    dead port 2/2 on $mux $procmux$1174.
    dead port 2/2 on $mux $procmux$1163.
    dead port 2/2 on $mux $procmux$1161.
    dead port 1/2 on $mux $procmux$1150.
    dead port 2/2 on $mux $procmux$1150.
    dead port 1/2 on $mux $procmux$1148.
    dead port 2/2 on $mux $procmux$1148.
    dead port 1/2 on $mux $procmux$1140.
    dead port 2/2 on $mux $procmux$1140.
    dead port 1/2 on $mux $procmux$1138.
    dead port 2/2 on $mux $procmux$1138.
    dead port 1/2 on $mux $procmux$1130.
    dead port 2/2 on $mux $procmux$1130.
    dead port 1/2 on $mux $procmux$1128.
    dead port 2/2 on $mux $procmux$1128.
    dead port 1/2 on $mux $procmux$1120.
    dead port 2/2 on $mux $procmux$1120.
    dead port 1/2 on $mux $procmux$1118.
    dead port 2/2 on $mux $procmux$1118.
    dead port 2/2 on $mux $procmux$1110.
    dead port 2/2 on $mux $procmux$1108.
    dead port 2/2 on $mux $procmux$1098.
    dead port 2/2 on $mux $procmux$1096.
    dead port 2/2 on $mux $procmux$1086.
    dead port 2/2 on $mux $procmux$1084.
    dead port 2/2 on $mux $procmux$1074.
    dead port 1/2 on $mux $procmux$1062.
    dead port 2/2 on $mux $procmux$1062.
    dead port 1/2 on $mux $procmux$1060.
    dead port 2/2 on $mux $procmux$1060.
    dead port 1/2 on $mux $procmux$1053.
    dead port 2/2 on $mux $procmux$1053.
    dead port 1/2 on $mux $procmux$1051.
    dead port 2/2 on $mux $procmux$1051.
    dead port 1/2 on $mux $procmux$1044.
    dead port 2/2 on $mux $procmux$1044.
    dead port 1/2 on $mux $procmux$1042.
    dead port 2/2 on $mux $procmux$1042.
    dead port 1/2 on $mux $procmux$1035.
    dead port 2/2 on $mux $procmux$1035.
    dead port 1/2 on $mux $procmux$1033.
    dead port 2/2 on $mux $procmux$1033.
    dead port 2/2 on $mux $procmux$1027.
    dead port 2/2 on $mux $procmux$1025.
    dead port 2/2 on $mux $procmux$1016.
    dead port 2/2 on $mux $procmux$1014.
    dead port 2/2 on $mux $procmux$1005.
    dead port 2/2 on $mux $procmux$1003.
Running muxtree optimizer on module $paramod$47ec64fb5209bcfd12d6b2912fd6c2f990b84ee3\dma_fifo..
  Creating internal representation of mux trees.
  Evaluating internal representation of mux trees.
  Analyzing evaluation results.
    dead port 1/2 on $mux $procmux$2447.
    dead port 2/2 on $mux $procmux$2447.
    dead port 1/2 on $mux $procmux$2444.
    dead port 2/2 on $mux $procmux$2444.
    dead port 2/2 on $mux $procmux$2441.
    dead port 1/2 on $mux $procmux$2438.
    dead port 2/2 on $mux $procmux$2438.
    dead port 1/2 on $mux $procmux$2435.
    dead port 2/2 on $mux $procmux$2435.
    dead port 1/2 on $mux $procmux$2209.
    dead port 2/2 on $mux $procmux$2209.
    dead port 1/2 on $mux $procmux$2206.
    dead port 2/2 on $mux $procmux$2206.
    dead port 1/2 on $mux $procmux$2203.
    dead port 2/2 on $mux $procmux$2203.
    dead port 1/2 on $mux $procmux$2200.
    dead port 2/2 on $mux $procmux$2200.
    dead port 1/2 on $mux $procmux$2197.
    dead port 2/2 on $mux $procmux$2197.
    dead port 1/2 on $mux $procmux$2195.
    dead port 2/2 on $mux $procmux$2195.
    dead port 1/2 on $mux $procmux$2191.
    dead port 2/2 on $mux $procmux$2191.
    dead port 1/2 on $mux $procmux$2189.
    dead port 2/2 on $mux $procmux$2189.
    dead port 1/2 on $mux $procmux$2185.
    dead port 2/2 on $mux $procmux$2185.
    dead port 1/2 on $mux $procmux$2183.
    dead port 2/2 on $mux $procmux$2183.
    dead port 1/2 on $mux $procmux$2181.
    dead port 2/2 on $mux $procmux$2181.
    dead port 1/2 on $mux $procmux$2176.
    dead port 2/2 on $mux $procmux$2176.
    dead port 1/2 on $mux $procmux$2174.
    dead port 2/2 on $mux $procmux$2174.
    dead port 1/2 on $mux $procmux$2172.
    dead port 2/2 on $mux $procmux$2172.
    dead port 2/2 on $mux $procmux$2167.
    dead port 2/2 on $mux $procmux$2165.
    dead port 1/2 on $mux $procmux$2163.
Running muxtree optimizer on module $paramod$009f3b7c956d56e1321a15cdc68bac150250ca09\dma_fsm..
  Creating internal representation of mux trees.
  Evaluating internal representation of mux trees.
  Analyzing evaluation results.
    dead port 2/2 on $mux $procmux$2915.
    dead port 1/2 on $mux $procmux$2913.
    dead port 2/2 on $mux $procmux$2901.
    dead port 1/2 on $mux $procmux$2899.
    dead port 2/2 on $mux $procmux$2896.
    dead port 2/2 on $mux $procmux$2884.
    dead port 1/2 on $mux $procmux$2882.
    dead port 2/2 on $mux $procmux$2879.
    dead port 1/2 on $mux $procmux$2877.
    dead port 2/2 on $mux $procmux$2864.
    dead port 1/2 on $mux $procmux$2862.
    dead port 1/2 on $mux $procmux$2859.
    dead port 2/2 on $mux $procmux$2847.
    dead port 2/2 on $mux $procmux$2837.
    dead port 1/2 on $mux $procmux$2835.
    dead port 2/2 on $mux $procmux$2824.
    dead port 2/2 on $mux $procmux$2815.
    dead port 1/2 on $mux $procmux$2813.
    dead port 2/2 on $mux $procmux$2803.
    dead port 2/2 on $mux $procmux$2795.
    dead port 1/2 on $mux $procmux$2793.
    dead port 2/2 on $mux $procmux$2784.
    dead port 1/2 on $mux $procmux$2782.
    dead port 2/2 on $mux $procmux$2779.
    dead port 2/2 on $mux $procmux$2770.
    dead port 1/2 on $mux $procmux$2768.
    dead port 2/2 on $mux $procmux$2765.
    dead port 1/2 on $mux $procmux$2763.
    dead port 2/2 on $mux $procmux$2753.
    dead port 2/2 on $mux $procmux$2746.
    dead port 1/2 on $mux $procmux$2652.
    dead port 2/2 on $mux $procmux$2652.
    dead port 1/2 on $mux $procmux$2649.
    dead port 2/2 on $mux $procmux$2649.
    dead port 1/2 on $mux $procmux$2646.
    dead port 2/2 on $mux $procmux$2646.
    dead port 1/2 on $mux $procmux$2643.
    dead port 2/2 on $mux $procmux$2643.
    dead port 1/2 on $mux $procmux$2640.
    dead port 2/2 on $mux $procmux$2640.
    dead port 1/2 on $mux $procmux$2637.
    dead port 2/2 on $mux $procmux$2637.
    dead port 1/2 on $mux $procmux$2634.
    dead port 2/2 on $mux $procmux$2634.
    dead port 1/2 on $mux $procmux$2631.
    dead port 2/2 on $mux $procmux$2631.
    dead port 1/2 on $mux $procmux$2628.
    dead port 2/2 on $mux $procmux$2628.
    dead port 1/2 on $mux $procmux$2625.
    dead port 2/2 on $mux $procmux$2625.
    dead port 1/2 on $mux $procmux$2622.
    dead port 2/2 on $mux $procmux$2622.
    dead port 1/2 on $mux $procmux$2619.
    dead port 2/2 on $mux $procmux$2619.
    dead port 1/2 on $mux $procmux$2616.
    dead port 2/2 on $mux $procmux$2616.
    dead port 1/2 on $mux $procmux$2613.
    dead port 2/2 on $mux $procmux$2613.
    dead port 1/2 on $mux $procmux$2607.
    dead port 2/2 on $mux $procmux$2607.
    dead port 1/2 on $mux $procmux$2604.
    dead port 2/2 on $mux $procmux$2604.
    dead port 1/2 on $mux $procmux$2601.
    dead port 2/2 on $mux $procmux$2601.
    dead port 1/2 on $mux $procmux$2598.
    dead port 2/2 on $mux $procmux$2598.
    dead port 1/2 on $mux $procmux$2595.
    dead port 2/2 on $mux $procmux$2595.
    dead port 1/2 on $mux $procmux$2592.
    dead port 2/2 on $mux $procmux$2592.
    dead port 1/2 on $mux $procmux$2589.
    dead port 2/2 on $mux $procmux$2589.
    dead port 1/2 on $mux $procmux$2586.
    dead port 2/2 on $mux $procmux$2586.
    dead port 1/2 on $mux $procmux$2583.
    dead port 2/2 on $mux $procmux$2583.
    dead port 1/2 on $mux $procmux$2580.
    dead port 2/2 on $mux $procmux$2580.
    dead port 1/2 on $mux $procmux$2577.
    dead port 2/2 on $mux $procmux$2577.
    dead port 1/2 on $mux $procmux$2574.
    dead port 2/2 on $mux $procmux$2574.
    dead port 1/2 on $mux $procmux$2571.
    dead port 2/2 on $mux $procmux$2571.
    dead port 1/2 on $mux $procmux$2568.
    dead port 2/2 on $mux $procmux$2568.
    dead port 1/2 on $mux $procmux$2565.
    dead port 2/2 on $mux $procmux$2565.
    dead port 1/2 on $mux $procmux$2562.
    dead port 2/2 on $mux $procmux$2562.
    dead port 1/2 on $mux $procmux$2559.
    dead port 2/2 on $mux $procmux$2559.
    dead port 1/2 on $mux $procmux$2556.
    dead port 2/2 on $mux $procmux$2556.
    dead port 1/2 on $mux $procmux$2553.
    dead port 2/2 on $mux $procmux$2553.
    dead port 1/2 on $mux $procmux$2550.
    dead port 2/2 on $mux $procmux$2550.
    dead port 1/2 on $mux $procmux$2547.
    dead port 2/2 on $mux $procmux$2547.
    dead port 1/2 on $mux $procmux$2544.
    dead port 2/2 on $mux $procmux$2544.
    dead port 1/2 on $mux $procmux$2541.
    dead port 2/2 on $mux $procmux$2541.
    dead port 1/2 on $mux $procmux$2538.
    dead port 2/2 on $mux $procmux$2538.
    dead port 1/2 on $mux $procmux$2508.
    dead port 2/2 on $mux $procmux$2505.
    dead port 1/2 on $mux $procmux$2463.
    dead port 2/2 on $mux $procmux$2463.
    dead port 1/2 on $mux $procmux$2460.
    dead port 2/2 on $mux $procmux$2460.
    dead port 1/2 on $mux $procmux$2457.
    dead port 2/2 on $mux $procmux$2457.
    dead port 1/2 on $mux $procmux$2454.
    dead port 2/2 on $mux $procmux$2454.
    dead port 2/2 on $mux $procmux$2926.
    dead port 2/2 on $mux $procmux$2980.
    dead port 2/2 on $mux $procmux$2966.
    dead port 2/2 on $mux $procmux$2953.
    dead port 2/2 on $mux $procmux$2941.
    dead port 1/2 on $mux $procmux$2939.
Running muxtree optimizer on module $paramod$c8bc0509aabc15b64a46d0e677e83bf79e882db8\dma_axi_master_rd..
  Creating internal representation of mux trees.
  Evaluating internal representation of mux trees.
  Analyzing evaluation results.
    dead port 2/2 on $mux $procmux$3060.
    dead port 2/2 on $mux $procmux$3052.
    dead port 2/2 on $mux $procmux$3045.
Running muxtree optimizer on module $paramod$c8bc0509aabc15b64a46d0e677e83bf79e882db8\dma_axi_master_wr..
  Creating internal representation of mux trees.
  Evaluating internal representation of mux trees.
  Analyzing evaluation results.
    dead port 2/2 on $mux $procmux$3107.
    dead port 2/2 on $mux $procmux$3100.
    dead port 2/2 on $mux $procmux$3094.
    dead port 2/2 on $mux $procmux$3115.
Removed 454 multiplexer ports.
<suppressed ~128 debug messages>

10.4. Executing OPT_REDUCE pass (consolidate $*mux and $reduce_* inputs).
  Optimizing cells in module \dma_axi_top.
  Optimizing cells in module $paramod$70bf19c0e5ac86e1fb69f77454d9b20d8e513e14\dma_csr.
  Optimizing cells in module $paramod$47ec64fb5209bcfd12d6b2912fd6c2f990b84ee3\dma_fifo.
  Optimizing cells in module $paramod$009f3b7c956d56e1321a15cdc68bac150250ca09\dma_fsm.
    New ctrl vector for $pmux cell $procmux$2997: $auto$opt_reduce.cc:134:opt_pmux$3282
  Optimizing cells in module $paramod$009f3b7c956d56e1321a15cdc68bac150250ca09\dma_fsm.
  Optimizing cells in module $paramod$c8bc0509aabc15b64a46d0e677e83bf79e882db8\dma_axi_master_rd.
  Optimizing cells in module $paramod$c8bc0509aabc15b64a46d0e677e83bf79e882db8\dma_axi_master_wr.
Performed a total of 1 changes.

10.5. Executing OPT_MERGE pass (detect identical cells).
Finding identical cells in module `\dma_axi_top'.
Finding identical cells in module `$paramod$70bf19c0e5ac86e1fb69f77454d9b20d8e513e14\dma_csr'.
<suppressed ~9 debug messages>
Finding identical cells in module `$paramod$47ec64fb5209bcfd12d6b2912fd6c2f990b84ee3\dma_fifo'.
Finding identical cells in module `$paramod$009f3b7c956d56e1321a15cdc68bac150250ca09\dma_fsm'.
<suppressed ~45 debug messages>
Finding identical cells in module `$paramod$c8bc0509aabc15b64a46d0e677e83bf79e882db8\dma_axi_master_rd'.
Finding identical cells in module `$paramod$c8bc0509aabc15b64a46d0e677e83bf79e882db8\dma_axi_master_wr'.
Removed a total of 18 cells.

10.6. Executing OPT_DFF pass (perform DFF optimizations).
Adding EN signal on $procdff$3150 ($dff) from module $paramod$70bf19c0e5ac86e1fb69f77454d9b20d8e513e14\dma_csr (D = $3$unnamed_block$56.ctrl_merged[31:0]$884, Q = $unnamed_block$56.ctrl_merged).
Adding EN signal on $procdff$3153 ($dff) from module $paramod$70bf19c0e5ac86e1fb69f77454d9b20d8e513e14\dma_csr (D = $3$unnamed_block$57.oldv[31:0]$885, Q = $unnamed_block$57.oldv).
Adding EN signal on $procdff$3136 ($adff) from module $paramod$70bf19c0e5ac86e1fb69f77454d9b20d8e513e14\dma_csr (D = $procmux$1976_Y, Q = \aw_hold_valid).
Adding EN signal on $procdff$3137 ($adff) from module $paramod$70bf19c0e5ac86e1fb69f77454d9b20d8e513e14\dma_csr (D = \S_AXI_AWADDR, Q = \aw_hold_addr).
Adding EN signal on $procdff$3138 ($adff) from module $paramod$70bf19c0e5ac86e1fb69f77454d9b20d8e513e14\dma_csr (D = $procmux$1969_Y, Q = \w_hold_valid).
Adding EN signal on $procdff$3139 ($adff) from module $paramod$70bf19c0e5ac86e1fb69f77454d9b20d8e513e14\dma_csr (D = \S_AXI_WDATA, Q = \w_hold_data).
Adding EN signal on $procdff$3156 ($dff) from module $paramod$70bf19c0e5ac86e1fb69f77454d9b20d8e513e14\dma_csr (D = $3$unnamed_block$57.merged[31:0]$886, Q = $unnamed_block$57.merged).
Adding EN signal on $procdff$3140 ($adff) from module $paramod$70bf19c0e5ac86e1fb69f77454d9b20d8e513e14\dma_csr (D = \S_AXI_WSTRB, Q = \w_hold_strb).
Adding EN signal on $procdff$3141 ($adff) from module $paramod$70bf19c0e5ac86e1fb69f77454d9b20d8e513e14\dma_csr (D = $procmux$1960_Y, Q = \bvalid_q).
Adding EN signal on $procdff$3142 ($adff) from module $paramod$70bf19c0e5ac86e1fb69f77454d9b20d8e513e14\dma_csr (D = $procmux$1955_Y, Q = \rvalid_q).
Adding EN signal on $procdff$3143 ($adff) from module $paramod$70bf19c0e5ac86e1fb69f77454d9b20d8e513e14\dma_csr (D = $procmux$985_Y, Q = \rdata_q [1]).
Adding EN signal on $procdff$3143 ($adff) from module $paramod$70bf19c0e5ac86e1fb69f77454d9b20d8e513e14\dma_csr (D = $procmux$975_Y, Q = \rdata_q [2]).
Adding EN signal on $procdff$3143 ($adff) from module $paramod$70bf19c0e5ac86e1fb69f77454d9b20d8e513e14\dma_csr (D = $procmux$966_Y, Q = \rdata_q [7:3]).
Adding EN signal on $procdff$3143 ($adff) from module $paramod$70bf19c0e5ac86e1fb69f77454d9b20d8e513e14\dma_csr (D = $procmux$953_Y, Q = \rdata_q [0]).
Adding EN signal on $procdff$3143 ($adff) from module $paramod$70bf19c0e5ac86e1fb69f77454d9b20d8e513e14\dma_csr (D = $procmux$946_Y, Q = \rdata_q [31:8]).
Adding EN signal on $procdff$3126 ($adff) from module $paramod$70bf19c0e5ac86e1fb69f77454d9b20d8e513e14\dma_csr (D = { $7\apply_wstrb$func$rtl/dma_csr.sv:260$761.tmp[31:24]$925 $6\apply_wstrb$func$rtl/dma_csr.sv:260$761.tmp[23:16]$924 $5\apply_wstrb$func$rtl/dma_csr.sv:260$761.tmp[15:8]$923 $4\apply_wstrb$func$rtl/dma_csr.sv:260$761.tmp[7:0]$922 }, Q = \src_reg).
Adding EN signal on $procdff$3144 ($adff) from module $paramod$70bf19c0e5ac86e1fb69f77454d9b20d8e513e14\dma_csr (D = \S_AXI_ARADDR, Q = \ar_hold_addr).
Adding EN signal on $procdff$3127 ($adff) from module $paramod$70bf19c0e5ac86e1fb69f77454d9b20d8e513e14\dma_csr (D = { $7\apply_wstrb$func$rtl/dma_csr.sv:264$762.tmp[31:24]$929 $6\apply_wstrb$func$rtl/dma_csr.sv:264$762.tmp[23:16]$928 $5\apply_wstrb$func$rtl/dma_csr.sv:264$762.tmp[15:8]$927 $4\apply_wstrb$func$rtl/dma_csr.sv:264$762.tmp[7:0]$926 }, Q = \dst_reg).
Adding EN signal on $procdff$3128 ($adff) from module $paramod$70bf19c0e5ac86e1fb69f77454d9b20d8e513e14\dma_csr (D = { $7\apply_wstrb$func$rtl/dma_csr.sv:268$763.tmp[31:24]$933 $6\apply_wstrb$func$rtl/dma_csr.sv:268$763.tmp[23:16]$932 $5\apply_wstrb$func$rtl/dma_csr.sv:268$763.tmp[15:8]$931 $4\apply_wstrb$func$rtl/dma_csr.sv:268$763.tmp[7:0]$930 }, Q = \len_reg).
Adding EN signal on $procdff$3129 ($adff) from module $paramod$70bf19c0e5ac86e1fb69f77454d9b20d8e513e14\dma_csr (D = $4\apply_wstrb$func$rtl/dma_csr.sv:275$764.tmp[7:0]$934, Q = \max_beats_reg).
Adding EN signal on $procdff$3130 ($adff) from module $paramod$70bf19c0e5ac86e1fb69f77454d9b20d8e513e14\dma_csr (D = $4\apply_wstrb$func$rtl/dma_csr.sv:231$760.tmp[7:0]$917 [1], Q = \irq_en_reg).
Adding EN signal on $procdff$3147 ($dff) from module $paramod$70bf19c0e5ac86e1fb69f77454d9b20d8e513e14\dma_csr (D = $3$unnamed_block$56.ctrl_shadow[31:0]$883, Q = $unnamed_block$56.ctrl_shadow).
Setting constant 1-bit at position 0 on $procdff$3184 ($adff) from module $paramod$70bf19c0e5ac86e1fb69f77454d9b20d8e513e14\dma_csr.
Setting constant 1-bit at position 1 on $procdff$3184 ($adff) from module $paramod$70bf19c0e5ac86e1fb69f77454d9b20d8e513e14\dma_csr.
Setting constant 1-bit at position 2 on $procdff$3184 ($adff) from module $paramod$70bf19c0e5ac86e1fb69f77454d9b20d8e513e14\dma_csr.
Setting constant 1-bit at position 3 on $procdff$3184 ($adff) from module $paramod$70bf19c0e5ac86e1fb69f77454d9b20d8e513e14\dma_csr.
Setting constant 1-bit at position 0 on $procdff$3186 ($adff) from module $paramod$70bf19c0e5ac86e1fb69f77454d9b20d8e513e14\dma_csr.
Setting constant 1-bit at position 1 on $procdff$3186 ($adff) from module $paramod$70bf19c0e5ac86e1fb69f77454d9b20d8e513e14\dma_csr.
Setting constant 1-bit at position 2 on $procdff$3186 ($adff) from module $paramod$70bf19c0e5ac86e1fb69f77454d9b20d8e513e14\dma_csr.
Setting constant 1-bit at position 3 on $procdff$3186 ($adff) from module $paramod$70bf19c0e5ac86e1fb69f77454d9b20d8e513e14\dma_csr.
Setting constant 1-bit at position 4 on $procdff$3186 ($adff) from module $paramod$70bf19c0e5ac86e1fb69f77454d9b20d8e513e14\dma_csr.
Setting constant 1-bit at position 5 on $procdff$3186 ($adff) from module $paramod$70bf19c0e5ac86e1fb69f77454d9b20d8e513e14\dma_csr.
Setting constant 1-bit at position 6 on $procdff$3186 ($adff) from module $paramod$70bf19c0e5ac86e1fb69f77454d9b20d8e513e14\dma_csr.
Setting constant 1-bit at position 7 on $procdff$3186 ($adff) from module $paramod$70bf19c0e5ac86e1fb69f77454d9b20d8e513e14\dma_csr.
Setting constant 1-bit at position 8 on $procdff$3186 ($adff) from module $paramod$70bf19c0e5ac86e1fb69f77454d9b20d8e513e14\dma_csr.
Setting constant 1-bit at position 9 on $procdff$3186 ($adff) from module $paramod$70bf19c0e5ac86e1fb69f77454d9b20d8e513e14\dma_csr.
Setting constant 1-bit at position 10 on $procdff$3186 ($adff) from module $paramod$70bf19c0e5ac86e1fb69f77454d9b20d8e513e14\dma_csr.
Setting constant 1-bit at position 11 on $procdff$3186 ($adff) from module $paramod$70bf19c0e5ac86e1fb69f77454d9b20d8e513e14\dma_csr.
Setting constant 1-bit at position 12 on $procdff$3186 ($adff) from module $paramod$70bf19c0e5ac86e1fb69f77454d9b20d8e513e14\dma_csr.
Setting constant 1-bit at position 13 on $procdff$3186 ($adff) from module $paramod$70bf19c0e5ac86e1fb69f77454d9b20d8e513e14\dma_csr.
Setting constant 1-bit at position 14 on $procdff$3186 ($adff) from module $paramod$70bf19c0e5ac86e1fb69f77454d9b20d8e513e14\dma_csr.
Setting constant 1-bit at position 15 on $procdff$3186 ($adff) from module $paramod$70bf19c0e5ac86e1fb69f77454d9b20d8e513e14\dma_csr.
Setting constant 1-bit at position 16 on $procdff$3186 ($adff) from module $paramod$70bf19c0e5ac86e1fb69f77454d9b20d8e513e14\dma_csr.
Setting constant 1-bit at position 17 on $procdff$3186 ($adff) from module $paramod$70bf19c0e5ac86e1fb69f77454d9b20d8e513e14\dma_csr.
Setting constant 1-bit at position 18 on $procdff$3186 ($adff) from module $paramod$70bf19c0e5ac86e1fb69f77454d9b20d8e513e14\dma_csr.
Setting constant 1-bit at position 19 on $procdff$3186 ($adff) from module $paramod$70bf19c0e5ac86e1fb69f77454d9b20d8e513e14\dma_csr.
Setting constant 1-bit at position 20 on $procdff$3186 ($adff) from module $paramod$70bf19c0e5ac86e1fb69f77454d9b20d8e513e14\dma_csr.
Setting constant 1-bit at position 21 on $procdff$3186 ($adff) from module $paramod$70bf19c0e5ac86e1fb69f77454d9b20d8e513e14\dma_csr.
Setting constant 1-bit at position 22 on $procdff$3186 ($adff) from module $paramod$70bf19c0e5ac86e1fb69f77454d9b20d8e513e14\dma_csr.
Setting constant 1-bit at position 23 on $procdff$3186 ($adff) from module $paramod$70bf19c0e5ac86e1fb69f77454d9b20d8e513e14\dma_csr.
Setting constant 1-bit at position 24 on $procdff$3186 ($adff) from module $paramod$70bf19c0e5ac86e1fb69f77454d9b20d8e513e14\dma_csr.
Setting constant 1-bit at position 25 on $procdff$3186 ($adff) from module $paramod$70bf19c0e5ac86e1fb69f77454d9b20d8e513e14\dma_csr.
Setting constant 1-bit at position 26 on $procdff$3186 ($adff) from module $paramod$70bf19c0e5ac86e1fb69f77454d9b20d8e513e14\dma_csr.
Setting constant 1-bit at position 27 on $procdff$3186 ($adff) from module $paramod$70bf19c0e5ac86e1fb69f77454d9b20d8e513e14\dma_csr.
Setting constant 1-bit at position 28 on $procdff$3186 ($adff) from module $paramod$70bf19c0e5ac86e1fb69f77454d9b20d8e513e14\dma_csr.
Setting constant 1-bit at position 29 on $procdff$3186 ($adff) from module $paramod$70bf19c0e5ac86e1fb69f77454d9b20d8e513e14\dma_csr.
Setting constant 1-bit at position 30 on $procdff$3186 ($adff) from module $paramod$70bf19c0e5ac86e1fb69f77454d9b20d8e513e14\dma_csr.
Setting constant 1-bit at position 31 on $procdff$3186 ($adff) from module $paramod$70bf19c0e5ac86e1fb69f77454d9b20d8e513e14\dma_csr.
Adding EN signal on $procdff$3209 ($dff) from module $paramod$47ec64fb5209bcfd12d6b2912fd6c2f990b84ee3\dma_fifo (D = \in_data, Q = \mem[5]).
Adding EN signal on $procdff$3212 ($dff) from module $paramod$47ec64fb5209bcfd12d6b2912fd6c2f990b84ee3\dma_fifo (D = \in_data, Q = \mem[6]).
Adding EN signal on $procdff$3215 ($dff) from module $paramod$47ec64fb5209bcfd12d6b2912fd6c2f990b84ee3\dma_fifo (D = \in_data, Q = \mem[7]).
Adding EN signal on $procdff$3218 ($dff) from module $paramod$47ec64fb5209bcfd12d6b2912fd6c2f990b84ee3\dma_fifo (D = \in_data, Q = \mem[8]).
Adding EN signal on $procdff$3221 ($dff) from module $paramod$47ec64fb5209bcfd12d6b2912fd6c2f990b84ee3\dma_fifo (D = \in_data, Q = \mem[9]).
Adding EN signal on $procdff$3224 ($dff) from module $paramod$47ec64fb5209bcfd12d6b2912fd6c2f990b84ee3\dma_fifo (D = \in_data, Q = \mem[10]).
Adding EN signal on $procdff$3227 ($dff) from module $paramod$47ec64fb5209bcfd12d6b2912fd6c2f990b84ee3\dma_fifo (D = \in_data, Q = \mem[11]).
Adding EN signal on $procdff$3230 ($dff) from module $paramod$47ec64fb5209bcfd12d6b2912fd6c2f990b84ee3\dma_fifo (D = \in_data, Q = \mem[12]).
Adding EN signal on $procdff$3233 ($dff) from module $paramod$47ec64fb5209bcfd12d6b2912fd6c2f990b84ee3\dma_fifo (D = \in_data, Q = \mem[13]).
Adding EN signal on $procdff$3236 ($dff) from module $paramod$47ec64fb5209bcfd12d6b2912fd6c2f990b84ee3\dma_fifo (D = \in_data, Q = \mem[14]).
Adding EN signal on $procdff$3239 ($dff) from module $paramod$47ec64fb5209bcfd12d6b2912fd6c2f990b84ee3\dma_fifo (D = \in_data, Q = \mem[15]).
Adding EN signal on $procdff$3187 ($adff) from module $paramod$47ec64fb5209bcfd12d6b2912fd6c2f990b84ee3\dma_fifo (D = \rd_ptr_next, Q = \rd_ptr).
Adding EN signal on $procdff$3188 ($adff) from module $paramod$47ec64fb5209bcfd12d6b2912fd6c2f990b84ee3\dma_fifo (D = \wr_ptr_next, Q = \wr_ptr).
Adding EN signal on $procdff$3190 ($adff) from module $paramod$47ec64fb5209bcfd12d6b2912fd6c2f990b84ee3\dma_fifo (D = $procmux$2420_Y, Q = \out_data_r).
Adding EN signal on $procdff$3191 ($adff) from module $paramod$47ec64fb5209bcfd12d6b2912fd6c2f990b84ee3\dma_fifo (D = $procmux$2413_Y, Q = \out_valid_r).
Adding EN signal on $procdff$3194 ($dff) from module $paramod$47ec64fb5209bcfd12d6b2912fd6c2f990b84ee3\dma_fifo (D = \in_data, Q = \mem[0]).
Adding EN signal on $procdff$3197 ($dff) from module $paramod$47ec64fb5209bcfd12d6b2912fd6c2f990b84ee3\dma_fifo (D = \in_data, Q = \mem[1]).
Adding EN signal on $procdff$3200 ($dff) from module $paramod$47ec64fb5209bcfd12d6b2912fd6c2f990b84ee3\dma_fifo (D = \in_data, Q = \mem[2]).
Adding EN signal on $procdff$3203 ($dff) from module $paramod$47ec64fb5209bcfd12d6b2912fd6c2f990b84ee3\dma_fifo (D = \in_data, Q = \mem[3]).
Adding EN signal on $procdff$3206 ($dff) from module $paramod$47ec64fb5209bcfd12d6b2912fd6c2f990b84ee3\dma_fifo (D = \in_data, Q = \mem[4]).
Setting constant 1-bit at position 0 on $procdff$3243 ($adff) from module $paramod$47ec64fb5209bcfd12d6b2912fd6c2f990b84ee3\dma_fifo.
Setting constant 1-bit at position 1 on $procdff$3243 ($adff) from module $paramod$47ec64fb5209bcfd12d6b2912fd6c2f990b84ee3\dma_fifo.
Setting constant 1-bit at position 2 on $procdff$3243 ($adff) from module $paramod$47ec64fb5209bcfd12d6b2912fd6c2f990b84ee3\dma_fifo.
Setting constant 1-bit at position 3 on $procdff$3243 ($adff) from module $paramod$47ec64fb5209bcfd12d6b2912fd6c2f990b84ee3\dma_fifo.
Setting constant 1-bit at position 4 on $procdff$3243 ($adff) from module $paramod$47ec64fb5209bcfd12d6b2912fd6c2f990b84ee3\dma_fifo.
Setting constant 1-bit at position 5 on $procdff$3243 ($adff) from module $paramod$47ec64fb5209bcfd12d6b2912fd6c2f990b84ee3\dma_fifo.
Setting constant 1-bit at position 6 on $procdff$3243 ($adff) from module $paramod$47ec64fb5209bcfd12d6b2912fd6c2f990b84ee3\dma_fifo.
Setting constant 1-bit at position 7 on $procdff$3243 ($adff) from module $paramod$47ec64fb5209bcfd12d6b2912fd6c2f990b84ee3\dma_fifo.
Setting constant 1-bit at position 8 on $procdff$3243 ($adff) from module $paramod$47ec64fb5209bcfd12d6b2912fd6c2f990b84ee3\dma_fifo.
Setting constant 1-bit at position 9 on $procdff$3243 ($adff) from module $paramod$47ec64fb5209bcfd12d6b2912fd6c2f990b84ee3\dma_fifo.
Setting constant 1-bit at position 10 on $procdff$3243 ($adff) from module $paramod$47ec64fb5209bcfd12d6b2912fd6c2f990b84ee3\dma_fifo.
Setting constant 1-bit at position 11 on $procdff$3243 ($adff) from module $paramod$47ec64fb5209bcfd12d6b2912fd6c2f990b84ee3\dma_fifo.
Setting constant 1-bit at position 12 on $procdff$3243 ($adff) from module $paramod$47ec64fb5209bcfd12d6b2912fd6c2f990b84ee3\dma_fifo.
Setting constant 1-bit at position 13 on $procdff$3243 ($adff) from module $paramod$47ec64fb5209bcfd12d6b2912fd6c2f990b84ee3\dma_fifo.
Setting constant 1-bit at position 14 on $procdff$3243 ($adff) from module $paramod$47ec64fb5209bcfd12d6b2912fd6c2f990b84ee3\dma_fifo.
Setting constant 1-bit at position 15 on $procdff$3243 ($adff) from module $paramod$47ec64fb5209bcfd12d6b2912fd6c2f990b84ee3\dma_fifo.
Setting constant 1-bit at position 16 on $procdff$3243 ($adff) from module $paramod$47ec64fb5209bcfd12d6b2912fd6c2f990b84ee3\dma_fifo.
Setting constant 1-bit at position 17 on $procdff$3243 ($adff) from module $paramod$47ec64fb5209bcfd12d6b2912fd6c2f990b84ee3\dma_fifo.
Setting constant 1-bit at position 18 on $procdff$3243 ($adff) from module $paramod$47ec64fb5209bcfd12d6b2912fd6c2f990b84ee3\dma_fifo.
Setting constant 1-bit at position 19 on $procdff$3243 ($adff) from module $paramod$47ec64fb5209bcfd12d6b2912fd6c2f990b84ee3\dma_fifo.
Setting constant 1-bit at position 20 on $procdff$3243 ($adff) from module $paramod$47ec64fb5209bcfd12d6b2912fd6c2f990b84ee3\dma_fifo.
Setting constant 1-bit at position 21 on $procdff$3243 ($adff) from module $paramod$47ec64fb5209bcfd12d6b2912fd6c2f990b84ee3\dma_fifo.
Setting constant 1-bit at position 22 on $procdff$3243 ($adff) from module $paramod$47ec64fb5209bcfd12d6b2912fd6c2f990b84ee3\dma_fifo.
Setting constant 1-bit at position 23 on $procdff$3243 ($adff) from module $paramod$47ec64fb5209bcfd12d6b2912fd6c2f990b84ee3\dma_fifo.
Setting constant 1-bit at position 24 on $procdff$3243 ($adff) from module $paramod$47ec64fb5209bcfd12d6b2912fd6c2f990b84ee3\dma_fifo.
Setting constant 1-bit at position 25 on $procdff$3243 ($adff) from module $paramod$47ec64fb5209bcfd12d6b2912fd6c2f990b84ee3\dma_fifo.
Setting constant 1-bit at position 26 on $procdff$3243 ($adff) from module $paramod$47ec64fb5209bcfd12d6b2912fd6c2f990b84ee3\dma_fifo.
Setting constant 1-bit at position 27 on $procdff$3243 ($adff) from module $paramod$47ec64fb5209bcfd12d6b2912fd6c2f990b84ee3\dma_fifo.
Setting constant 1-bit at position 28 on $procdff$3243 ($adff) from module $paramod$47ec64fb5209bcfd12d6b2912fd6c2f990b84ee3\dma_fifo.
Setting constant 1-bit at position 29 on $procdff$3243 ($adff) from module $paramod$47ec64fb5209bcfd12d6b2912fd6c2f990b84ee3\dma_fifo.
Setting constant 1-bit at position 30 on $procdff$3243 ($adff) from module $paramod$47ec64fb5209bcfd12d6b2912fd6c2f990b84ee3\dma_fifo.
Setting constant 1-bit at position 31 on $procdff$3243 ($adff) from module $paramod$47ec64fb5209bcfd12d6b2912fd6c2f990b84ee3\dma_fifo.
Setting constant 1-bit at position 0 on $procdff$3242 ($adff) from module $paramod$47ec64fb5209bcfd12d6b2912fd6c2f990b84ee3\dma_fifo.
Setting constant 1-bit at position 1 on $procdff$3242 ($adff) from module $paramod$47ec64fb5209bcfd12d6b2912fd6c2f990b84ee3\dma_fifo.
Setting constant 1-bit at position 2 on $procdff$3242 ($adff) from module $paramod$47ec64fb5209bcfd12d6b2912fd6c2f990b84ee3\dma_fifo.
Setting constant 1-bit at position 3 on $procdff$3242 ($adff) from module $paramod$47ec64fb5209bcfd12d6b2912fd6c2f990b84ee3\dma_fifo.
Adding EN signal on $procdff$3250 ($adff) from module $paramod$009f3b7c956d56e1321a15cdc68bac150250ca09\dma_fsm (D = $procmux$2713_Y, Q = \burst_beats_q).
Adding EN signal on $procdff$3251 ($adff) from module $paramod$009f3b7c956d56e1321a15cdc68bac150250ca09\dma_fsm (D = $procmux$2704_Y, Q = \burst_len_q).
Adding EN signal on $procdff$3252 ($adff) from module $paramod$009f3b7c956d56e1321a15cdc68bac150250ca09\dma_fsm (D = $procmux$2695_Y, Q = \err_code_q).
Adding EN signal on $procdff$3253 ($adff) from module $paramod$009f3b7c956d56e1321a15cdc68bac150250ca09\dma_fsm (D = $procmux$2673_Y, Q = \wr_addr_issued_q).
Adding EN signal on $procdff$3248 ($adff) from module $paramod$009f3b7c956d56e1321a15cdc68bac150250ca09\dma_fsm (D = $procmux$2731_Y, Q = \cur_dst_q).
Adding EN signal on $procdff$3247 ($adff) from module $paramod$009f3b7c956d56e1321a15cdc68bac150250ca09\dma_fsm (D = $procmux$2740_Y, Q = \cur_src_q).
Adding EN signal on $procdff$3249 ($adff) from module $paramod$009f3b7c956d56e1321a15cdc68bac150250ca09\dma_fsm (D = $procmux$2722_Y, Q = \rem_bytes_q).
Setting constant 1-bit at position 0 on $procdff$3256 ($adff) from module $paramod$009f3b7c956d56e1321a15cdc68bac150250ca09\dma_fsm.
Setting constant 1-bit at position 1 on $procdff$3256 ($adff) from module $paramod$009f3b7c956d56e1321a15cdc68bac150250ca09\dma_fsm.
Setting constant 1-bit at position 2 on $procdff$3256 ($adff) from module $paramod$009f3b7c956d56e1321a15cdc68bac150250ca09\dma_fsm.
Setting constant 1-bit at position 3 on $procdff$3256 ($adff) from module $paramod$009f3b7c956d56e1321a15cdc68bac150250ca09\dma_fsm.
Setting constant 1-bit at position 4 on $procdff$3256 ($adff) from module $paramod$009f3b7c956d56e1321a15cdc68bac150250ca09\dma_fsm.
Setting constant 1-bit at position 5 on $procdff$3256 ($adff) from module $paramod$009f3b7c956d56e1321a15cdc68bac150250ca09\dma_fsm.
Setting constant 1-bit at position 6 on $procdff$3256 ($adff) from module $paramod$009f3b7c956d56e1321a15cdc68bac150250ca09\dma_fsm.
Setting constant 1-bit at position 7 on $procdff$3256 ($adff) from module $paramod$009f3b7c956d56e1321a15cdc68bac150250ca09\dma_fsm.
Setting constant 1-bit at position 0 on $procdff$3260 ($adff) from module $paramod$009f3b7c956d56e1321a15cdc68bac150250ca09\dma_fsm.
Setting constant 1-bit at position 1 on $procdff$3260 ($adff) from module $paramod$009f3b7c956d56e1321a15cdc68bac150250ca09\dma_fsm.
Setting constant 1-bit at position 2 on $procdff$3260 ($adff) from module $paramod$009f3b7c956d56e1321a15cdc68bac150250ca09\dma_fsm.
Setting constant 1-bit at position 3 on $procdff$3260 ($adff) from module $paramod$009f3b7c956d56e1321a15cdc68bac150250ca09\dma_fsm.
Setting constant 1-bit at position 4 on $procdff$3260 ($adff) from module $paramod$009f3b7c956d56e1321a15cdc68bac150250ca09\dma_fsm.
Setting constant 1-bit at position 5 on $procdff$3260 ($adff) from module $paramod$009f3b7c956d56e1321a15cdc68bac150250ca09\dma_fsm.
Setting constant 1-bit at position 6 on $procdff$3260 ($adff) from module $paramod$009f3b7c956d56e1321a15cdc68bac150250ca09\dma_fsm.
Setting constant 1-bit at position 7 on $procdff$3260 ($adff) from module $paramod$009f3b7c956d56e1321a15cdc68bac150250ca09\dma_fsm.
Setting constant 1-bit at position 8 on $procdff$3260 ($adff) from module $paramod$009f3b7c956d56e1321a15cdc68bac150250ca09\dma_fsm.
Setting constant 1-bit at position 9 on $procdff$3260 ($adff) from module $paramod$009f3b7c956d56e1321a15cdc68bac150250ca09\dma_fsm.
Setting constant 1-bit at position 10 on $procdff$3260 ($adff) from module $paramod$009f3b7c956d56e1321a15cdc68bac150250ca09\dma_fsm.
Setting constant 1-bit at position 11 on $procdff$3260 ($adff) from module $paramod$009f3b7c956d56e1321a15cdc68bac150250ca09\dma_fsm.
Setting constant 1-bit at position 12 on $procdff$3260 ($adff) from module $paramod$009f3b7c956d56e1321a15cdc68bac150250ca09\dma_fsm.
Setting constant 1-bit at position 13 on $procdff$3260 ($adff) from module $paramod$009f3b7c956d56e1321a15cdc68bac150250ca09\dma_fsm.
Setting constant 1-bit at position 14 on $procdff$3260 ($adff) from module $paramod$009f3b7c956d56e1321a15cdc68bac150250ca09\dma_fsm.
Setting constant 1-bit at position 15 on $procdff$3260 ($adff) from module $paramod$009f3b7c956d56e1321a15cdc68bac150250ca09\dma_fsm.
Setting constant 1-bit at position 16 on $procdff$3260 ($adff) from module $paramod$009f3b7c956d56e1321a15cdc68bac150250ca09\dma_fsm.
Setting constant 1-bit at position 17 on $procdff$3260 ($adff) from module $paramod$009f3b7c956d56e1321a15cdc68bac150250ca09\dma_fsm.
Setting constant 1-bit at position 18 on $procdff$3260 ($adff) from module $paramod$009f3b7c956d56e1321a15cdc68bac150250ca09\dma_fsm.
Setting constant 1-bit at position 19 on $procdff$3260 ($adff) from module $paramod$009f3b7c956d56e1321a15cdc68bac150250ca09\dma_fsm.
Setting constant 1-bit at position 20 on $procdff$3260 ($adff) from module $paramod$009f3b7c956d56e1321a15cdc68bac150250ca09\dma_fsm.
Setting constant 1-bit at position 21 on $procdff$3260 ($adff) from module $paramod$009f3b7c956d56e1321a15cdc68bac150250ca09\dma_fsm.
Setting constant 1-bit at position 22 on $procdff$3260 ($adff) from module $paramod$009f3b7c956d56e1321a15cdc68bac150250ca09\dma_fsm.
Setting constant 1-bit at position 23 on $procdff$3260 ($adff) from module $paramod$009f3b7c956d56e1321a15cdc68bac150250ca09\dma_fsm.
Setting constant 1-bit at position 24 on $procdff$3260 ($adff) from module $paramod$009f3b7c956d56e1321a15cdc68bac150250ca09\dma_fsm.
Setting constant 1-bit at position 25 on $procdff$3260 ($adff) from module $paramod$009f3b7c956d56e1321a15cdc68bac150250ca09\dma_fsm.
Setting constant 1-bit at position 26 on $procdff$3260 ($adff) from module $paramod$009f3b7c956d56e1321a15cdc68bac150250ca09\dma_fsm.
Setting constant 1-bit at position 27 on $procdff$3260 ($adff) from module $paramod$009f3b7c956d56e1321a15cdc68bac150250ca09\dma_fsm.
Setting constant 1-bit at position 28 on $procdff$3260 ($adff) from module $paramod$009f3b7c956d56e1321a15cdc68bac150250ca09\dma_fsm.
Setting constant 1-bit at position 29 on $procdff$3260 ($adff) from module $paramod$009f3b7c956d56e1321a15cdc68bac150250ca09\dma_fsm.
Setting constant 1-bit at position 30 on $procdff$3260 ($adff) from module $paramod$009f3b7c956d56e1321a15cdc68bac150250ca09\dma_fsm.
Setting constant 1-bit at position 31 on $procdff$3260 ($adff) from module $paramod$009f3b7c956d56e1321a15cdc68bac150250ca09\dma_fsm.
Setting constant 1-bit at position 0 on $procdff$3259 ($adff) from module $paramod$009f3b7c956d56e1321a15cdc68bac150250ca09\dma_fsm.
Setting constant 1-bit at position 1 on $procdff$3259 ($adff) from module $paramod$009f3b7c956d56e1321a15cdc68bac150250ca09\dma_fsm.
Setting constant 1-bit at position 2 on $procdff$3259 ($adff) from module $paramod$009f3b7c956d56e1321a15cdc68bac150250ca09\dma_fsm.
Setting constant 1-bit at position 3 on $procdff$3259 ($adff) from module $paramod$009f3b7c956d56e1321a15cdc68bac150250ca09\dma_fsm.
Setting constant 1-bit at position 4 on $procdff$3259 ($adff) from module $paramod$009f3b7c956d56e1321a15cdc68bac150250ca09\dma_fsm.
Setting constant 1-bit at position 5 on $procdff$3259 ($adff) from module $paramod$009f3b7c956d56e1321a15cdc68bac150250ca09\dma_fsm.
Setting constant 1-bit at position 6 on $procdff$3259 ($adff) from module $paramod$009f3b7c956d56e1321a15cdc68bac150250ca09\dma_fsm.
Setting constant 1-bit at position 7 on $procdff$3259 ($adff) from module $paramod$009f3b7c956d56e1321a15cdc68bac150250ca09\dma_fsm.
Setting constant 1-bit at position 8 on $procdff$3259 ($adff) from module $paramod$009f3b7c956d56e1321a15cdc68bac150250ca09\dma_fsm.
Adding EN signal on $procdff$3270 ($adff) from module $paramod$c8bc0509aabc15b64a46d0e677e83bf79e882db8\dma_axi_master_rd (D = $procmux$3063_Y, Q = \state).
Adding EN signal on $procdff$3271 ($adff) from module $paramod$c8bc0509aabc15b64a46d0e677e83bf79e882db8\dma_axi_master_rd (D = \cmd_addr, Q = \addr_q).
Adding EN signal on $procdff$3272 ($adff) from module $paramod$c8bc0509aabc15b64a46d0e677e83bf79e882db8\dma_axi_master_rd (D = \cmd_len, Q = \len_q).
Adding EN signal on $procdff$3276 ($adff) from module $paramod$c8bc0509aabc15b64a46d0e677e83bf79e882db8\dma_axi_master_wr (D = $procmux$3117_Y, Q = \state).
Adding EN signal on $procdff$3277 ($adff) from module $paramod$c8bc0509aabc15b64a46d0e677e83bf79e882db8\dma_axi_master_wr (D = \cmd_addr, Q = \addr_q).
Adding EN signal on $procdff$3278 ($adff) from module $paramod$c8bc0509aabc15b64a46d0e677e83bf79e882db8\dma_axi_master_wr (D = \cmd_len, Q = \len_q).

10.7. Executing OPT_CLEAN pass (remove unused cells and wires).
Finding unused cells or wires in module \dma_axi_top..
Finding unused cells or wires in module $paramod$70bf19c0e5ac86e1fb69f77454d9b20d8e513e14\dma_csr..
Finding unused cells or wires in module $paramod$47ec64fb5209bcfd12d6b2912fd6c2f990b84ee3\dma_fifo..
Finding unused cells or wires in module $paramod$009f3b7c956d56e1321a15cdc68bac150250ca09\dma_fsm..
Finding unused cells or wires in module $paramod$c8bc0509aabc15b64a46d0e677e83bf79e882db8\dma_axi_master_rd..
Finding unused cells or wires in module $paramod$c8bc0509aabc15b64a46d0e677e83bf79e882db8\dma_axi_master_wr..
Removed 120 unused cells and 1442 unused wires.
<suppressed ~128 debug messages>

10.8. Executing OPT_EXPR pass (perform const folding).
Optimizing module $paramod$009f3b7c956d56e1321a15cdc68bac150250ca09\dma_fsm.
<suppressed ~7 debug messages>
Optimizing module $paramod$47ec64fb5209bcfd12d6b2912fd6c2f990b84ee3\dma_fifo.
Optimizing module $paramod$70bf19c0e5ac86e1fb69f77454d9b20d8e513e14\dma_csr.
<suppressed ~4 debug messages>
Optimizing module $paramod$c8bc0509aabc15b64a46d0e677e83bf79e882db8\dma_axi_master_rd.
Optimizing module $paramod$c8bc0509aabc15b64a46d0e677e83bf79e882db8\dma_axi_master_wr.
Optimizing module dma_axi_top.

10.9. Rerunning OPT passes. (Maybe there is more to do..)

10.10. Executing OPT_MUXTREE pass (detect dead branches in mux trees).
Running muxtree optimizer on module $paramod$009f3b7c956d56e1321a15cdc68bac150250ca09\dma_fsm..
  Creating internal representation of mux trees.
  Evaluating internal representation of mux trees.
  Analyzing evaluation results.
Running muxtree optimizer on module $paramod$47ec64fb5209bcfd12d6b2912fd6c2f990b84ee3\dma_fifo..
  Creating internal representation of mux trees.
  Evaluating internal representation of mux trees.
  Analyzing evaluation results.
Running muxtree optimizer on module $paramod$70bf19c0e5ac86e1fb69f77454d9b20d8e513e14\dma_csr..
  Creating internal representation of mux trees.
  Evaluating internal representation of mux trees.
  Analyzing evaluation results.
Running muxtree optimizer on module $paramod$c8bc0509aabc15b64a46d0e677e83bf79e882db8\dma_axi_master_rd..
  Creating internal representation of mux trees.
  Evaluating internal representation of mux trees.
  Analyzing evaluation results.
Running muxtree optimizer on module $paramod$c8bc0509aabc15b64a46d0e677e83bf79e882db8\dma_axi_master_wr..
  Creating internal representation of mux trees.
  Evaluating internal representation of mux trees.
  Analyzing evaluation results.
Running muxtree optimizer on module \dma_axi_top..
  Creating internal representation of mux trees.
  No muxes found in this module.
Removed 0 multiplexer ports.
<suppressed ~78 debug messages>

10.11. Executing OPT_REDUCE pass (consolidate $*mux and $reduce_* inputs).
  Optimizing cells in module $paramod$009f3b7c956d56e1321a15cdc68bac150250ca09\dma_fsm.
    New ctrl vector for $pmux cell $procmux$2983: { $eq$rtl/dma_fsm.sv:291$625_Y $eq$rtl/dma_fsm.sv:306$660_Y $procmux$2942_CMP $eq$rtl/dma_fsm.sv:313$665_Y $eq$rtl/dma_fsm.sv:302$658_Y $procmux$2816_CMP $eq$rtl/dma_fsm.sv:315$668_Y $auto$opt_reduce.cc:134:opt_pmux$3431 }
  Optimizing cells in module $paramod$009f3b7c956d56e1321a15cdc68bac150250ca09\dma_fsm.
  Optimizing cells in module $paramod$47ec64fb5209bcfd12d6b2912fd6c2f990b84ee3\dma_fifo.
  Optimizing cells in module $paramod$70bf19c0e5ac86e1fb69f77454d9b20d8e513e14\dma_csr.
  Optimizing cells in module $paramod$c8bc0509aabc15b64a46d0e677e83bf79e882db8\dma_axi_master_rd.
  Optimizing cells in module $paramod$c8bc0509aabc15b64a46d0e677e83bf79e882db8\dma_axi_master_wr.
  Optimizing cells in module \dma_axi_top.
Performed a total of 1 changes.

10.12. Executing OPT_MERGE pass (detect identical cells).
Finding identical cells in module `$paramod$009f3b7c956d56e1321a15cdc68bac150250ca09\dma_fsm'.
<suppressed ~12 debug messages>
Finding identical cells in module `$paramod$47ec64fb5209bcfd12d6b2912fd6c2f990b84ee3\dma_fifo'.
Finding identical cells in module `$paramod$70bf19c0e5ac86e1fb69f77454d9b20d8e513e14\dma_csr'.
Finding identical cells in module `$paramod$c8bc0509aabc15b64a46d0e677e83bf79e882db8\dma_axi_master_rd'.
Finding identical cells in module `$paramod$c8bc0509aabc15b64a46d0e677e83bf79e882db8\dma_axi_master_wr'.
Finding identical cells in module `\dma_axi_top'.
Removed a total of 4 cells.

10.13. Executing OPT_DFF pass (perform DFF optimizations).
Adding EN signal on $auto$ff.cc:266:slice$3325 ($adffe) from module $paramod$70bf19c0e5ac86e1fb69f77454d9b20d8e513e14\dma_csr (D = $4\apply_wstrb$func$rtl/dma_csr.sv:231$760.tmp[7:0]$917 [1], Q = \irq_en_reg).
Adding EN signal on $auto$ff.cc:266:slice$3322 ($adffe) from module $paramod$70bf19c0e5ac86e1fb69f77454d9b20d8e513e14\dma_csr (D = \w_hold_data [7:0], Q = \max_beats_reg).
Adding EN signal on $auto$ff.cc:266:slice$3319 ($adffe) from module $paramod$70bf19c0e5ac86e1fb69f77454d9b20d8e513e14\dma_csr (D = \w_hold_data [7:0], Q = \len_reg [7:0]).
Adding EN signal on $auto$ff.cc:266:slice$3319 ($adffe) from module $paramod$70bf19c0e5ac86e1fb69f77454d9b20d8e513e14\dma_csr (D = \w_hold_data [15:8], Q = \len_reg [15:8]).
Adding EN signal on $auto$ff.cc:266:slice$3319 ($adffe) from module $paramod$70bf19c0e5ac86e1fb69f77454d9b20d8e513e14\dma_csr (D = \w_hold_data [23:16], Q = \len_reg [23:16]).
Adding EN signal on $auto$ff.cc:266:slice$3319 ($adffe) from module $paramod$70bf19c0e5ac86e1fb69f77454d9b20d8e513e14\dma_csr (D = \w_hold_data [31:24], Q = \len_reg [31:24]).
Adding EN signal on $auto$ff.cc:266:slice$3316 ($adffe) from module $paramod$70bf19c0e5ac86e1fb69f77454d9b20d8e513e14\dma_csr (D = \w_hold_data [7:0], Q = \dst_reg [7:0]).
Adding EN signal on $auto$ff.cc:266:slice$3316 ($adffe) from module $paramod$70bf19c0e5ac86e1fb69f77454d9b20d8e513e14\dma_csr (D = \w_hold_data [15:8], Q = \dst_reg [15:8]).
Adding EN signal on $auto$ff.cc:266:slice$3316 ($adffe) from module $paramod$70bf19c0e5ac86e1fb69f77454d9b20d8e513e14\dma_csr (D = \w_hold_data [23:16], Q = \dst_reg [23:16]).
Adding EN signal on $auto$ff.cc:266:slice$3316 ($adffe) from module $paramod$70bf19c0e5ac86e1fb69f77454d9b20d8e513e14\dma_csr (D = \w_hold_data [31:24], Q = \dst_reg [31:24]).
Adding EN signal on $auto$ff.cc:266:slice$3312 ($adffe) from module $paramod$70bf19c0e5ac86e1fb69f77454d9b20d8e513e14\dma_csr (D = \w_hold_data [7:0], Q = \src_reg [7:0]).
Adding EN signal on $auto$ff.cc:266:slice$3312 ($adffe) from module $paramod$70bf19c0e5ac86e1fb69f77454d9b20d8e513e14\dma_csr (D = \w_hold_data [15:8], Q = \src_reg [15:8]).
Adding EN signal on $auto$ff.cc:266:slice$3312 ($adffe) from module $paramod$70bf19c0e5ac86e1fb69f77454d9b20d8e513e14\dma_csr (D = \w_hold_data [23:16], Q = \src_reg [23:16]).
Adding EN signal on $auto$ff.cc:266:slice$3312 ($adffe) from module $paramod$70bf19c0e5ac86e1fb69f77454d9b20d8e513e14\dma_csr (D = \w_hold_data [31:24], Q = \src_reg [31:24]).

10.14. Executing OPT_CLEAN pass (remove unused cells and wires).
Finding unused cells or wires in module $paramod$009f3b7c956d56e1321a15cdc68bac150250ca09\dma_fsm..
Finding unused cells or wires in module $paramod$47ec64fb5209bcfd12d6b2912fd6c2f990b84ee3\dma_fifo..
Finding unused cells or wires in module $paramod$70bf19c0e5ac86e1fb69f77454d9b20d8e513e14\dma_csr..
Finding unused cells or wires in module $paramod$c8bc0509aabc15b64a46d0e677e83bf79e882db8\dma_axi_master_rd..
Finding unused cells or wires in module $paramod$c8bc0509aabc15b64a46d0e677e83bf79e882db8\dma_axi_master_wr..
Finding unused cells or wires in module \dma_axi_top..
Removed 13 unused cells and 17 unused wires.
<suppressed ~15 debug messages>

10.15. Executing OPT_EXPR pass (perform const folding).
Optimizing module $paramod$009f3b7c956d56e1321a15cdc68bac150250ca09\dma_fsm.
Optimizing module $paramod$47ec64fb5209bcfd12d6b2912fd6c2f990b84ee3\dma_fifo.
Optimizing module $paramod$70bf19c0e5ac86e1fb69f77454d9b20d8e513e14\dma_csr.
Optimizing module $paramod$c8bc0509aabc15b64a46d0e677e83bf79e882db8\dma_axi_master_rd.
Optimizing module $paramod$c8bc0509aabc15b64a46d0e677e83bf79e882db8\dma_axi_master_wr.
Optimizing module dma_axi_top.

10.16. Rerunning OPT passes. (Maybe there is more to do..)

10.17. Executing OPT_MUXTREE pass (detect dead branches in mux trees).
Running muxtree optimizer on module $paramod$009f3b7c956d56e1321a15cdc68bac150250ca09\dma_fsm..
  Creating internal representation of mux trees.
  Evaluating internal representation of mux trees.
  Analyzing evaluation results.
Running muxtree optimizer on module $paramod$47ec64fb5209bcfd12d6b2912fd6c2f990b84ee3\dma_fifo..
  Creating internal representation of mux trees.
  Evaluating internal representation of mux trees.
  Analyzing evaluation results.
Running muxtree optimizer on module $paramod$70bf19c0e5ac86e1fb69f77454d9b20d8e513e14\dma_csr..
  Creating internal representation of mux trees.
  Evaluating internal representation of mux trees.
  Analyzing evaluation results.
Running muxtree optimizer on module $paramod$c8bc0509aabc15b64a46d0e677e83bf79e882db8\dma_axi_master_rd..
  Creating internal representation of mux trees.
  Evaluating internal representation of mux trees.
  Analyzing evaluation results.
Running muxtree optimizer on module $paramod$c8bc0509aabc15b64a46d0e677e83bf79e882db8\dma_axi_master_wr..
  Creating internal representation of mux trees.
  Evaluating internal representation of mux trees.
  Analyzing evaluation results.
Running muxtree optimizer on module \dma_axi_top..
  Creating internal representation of mux trees.
  No muxes found in this module.
Removed 0 multiplexer ports.
<suppressed ~65 debug messages>

10.18. Executing OPT_REDUCE pass (consolidate $*mux and $reduce_* inputs).
  Optimizing cells in module $paramod$009f3b7c956d56e1321a15cdc68bac150250ca09\dma_fsm.
  Optimizing cells in module $paramod$47ec64fb5209bcfd12d6b2912fd6c2f990b84ee3\dma_fifo.
  Optimizing cells in module $paramod$70bf19c0e5ac86e1fb69f77454d9b20d8e513e14\dma_csr.
    New input vector for $reduce_and cell $auto$opt_dff.cc:220:make_patterns_logic$3475: { $logic_and$rtl/dma_csr.sv:221$848_Y $procmux$1199_CMP \w_hold_strb [3] }
    New input vector for $reduce_and cell $auto$opt_dff.cc:220:make_patterns_logic$3469: { $logic_and$rtl/dma_csr.sv:221$848_Y $procmux$1199_CMP \w_hold_strb [1] }
    New input vector for $reduce_and cell $auto$opt_dff.cc:220:make_patterns_logic$3466: { $logic_and$rtl/dma_csr.sv:221$848_Y $procmux$1199_CMP \w_hold_strb [0] }
    New input vector for $reduce_and cell $auto$opt_dff.cc:220:make_patterns_logic$3463: { $logic_and$rtl/dma_csr.sv:221$848_Y \w_hold_strb [3] $procmux$1119_CMP }
    New input vector for $reduce_and cell $auto$opt_dff.cc:220:make_patterns_logic$3457: { $logic_and$rtl/dma_csr.sv:221$848_Y \w_hold_strb [1] $procmux$1119_CMP }
    New input vector for $reduce_and cell $auto$opt_dff.cc:220:make_patterns_logic$3454: { $logic_and$rtl/dma_csr.sv:221$848_Y \w_hold_strb [0] $procmux$1119_CMP }
    New input vector for $reduce_and cell $auto$opt_dff.cc:220:make_patterns_logic$3451: { $logic_and$rtl/dma_csr.sv:221$848_Y \w_hold_strb [3] $procmux$1043_CMP }
    New input vector for $reduce_and cell $auto$opt_dff.cc:220:make_patterns_logic$3445: { $logic_and$rtl/dma_csr.sv:221$848_Y \w_hold_strb [1] $procmux$1043_CMP }
    New input vector for $reduce_and cell $auto$opt_dff.cc:220:make_patterns_logic$3442: { $logic_and$rtl/dma_csr.sv:221$848_Y \w_hold_strb [0] $procmux$1043_CMP }
    New input vector for $reduce_and cell $auto$opt_dff.cc:220:make_patterns_logic$3439: { $logic_and$rtl/dma_csr.sv:221$848_Y \w_hold_strb [0] $procmux$1004_CMP }
    New input vector for $reduce_and cell $auto$opt_dff.cc:220:make_patterns_logic$3436: { $auto$opt_dff.cc:194:make_patterns_logic$3433 $logic_and$rtl/dma_csr.sv:221$848_Y \w_hold_strb [0] $procmux$1073_CMP }
    New input vector for $reduce_and cell $auto$opt_dff.cc:220:make_patterns_logic$3448: { $logic_and$rtl/dma_csr.sv:221$848_Y \w_hold_strb [2] $procmux$1043_CMP }
    New input vector for $reduce_and cell $auto$opt_dff.cc:220:make_patterns_logic$3460: { $logic_and$rtl/dma_csr.sv:221$848_Y \w_hold_strb [2] $procmux$1119_CMP }
    New input vector for $reduce_and cell $auto$opt_dff.cc:220:make_patterns_logic$3472: { $logic_and$rtl/dma_csr.sv:221$848_Y $procmux$1199_CMP \w_hold_strb [2] }
  Optimizing cells in module $paramod$70bf19c0e5ac86e1fb69f77454d9b20d8e513e14\dma_csr.
  Optimizing cells in module $paramod$c8bc0509aabc15b64a46d0e677e83bf79e882db8\dma_axi_master_rd.
  Optimizing cells in module $paramod$c8bc0509aabc15b64a46d0e677e83bf79e882db8\dma_axi_master_wr.
  Optimizing cells in module \dma_axi_top.
Performed a total of 14 changes.

10.19. Executing OPT_MERGE pass (detect identical cells).
Finding identical cells in module `$paramod$009f3b7c956d56e1321a15cdc68bac150250ca09\dma_fsm'.
Finding identical cells in module `$paramod$47ec64fb5209bcfd12d6b2912fd6c2f990b84ee3\dma_fifo'.
Finding identical cells in module `$paramod$70bf19c0e5ac86e1fb69f77454d9b20d8e513e14\dma_csr'.
Finding identical cells in module `$paramod$c8bc0509aabc15b64a46d0e677e83bf79e882db8\dma_axi_master_rd'.
Finding identical cells in module `$paramod$c8bc0509aabc15b64a46d0e677e83bf79e882db8\dma_axi_master_wr'.
Finding identical cells in module `\dma_axi_top'.
Removed a total of 0 cells.

10.20. Executing OPT_DFF pass (perform DFF optimizations).

10.21. Executing OPT_CLEAN pass (remove unused cells and wires).
Finding unused cells or wires in module $paramod$009f3b7c956d56e1321a15cdc68bac150250ca09\dma_fsm..
Finding unused cells or wires in module $paramod$47ec64fb5209bcfd12d6b2912fd6c2f990b84ee3\dma_fifo..
Finding unused cells or wires in module $paramod$70bf19c0e5ac86e1fb69f77454d9b20d8e513e14\dma_csr..
Finding unused cells or wires in module $paramod$c8bc0509aabc15b64a46d0e677e83bf79e882db8\dma_axi_master_rd..
Finding unused cells or wires in module $paramod$c8bc0509aabc15b64a46d0e677e83bf79e882db8\dma_axi_master_wr..
Finding unused cells or wires in module \dma_axi_top..
Removed 5 unused cells and 5 unused wires.
<suppressed ~6 debug messages>

10.22. Executing OPT_EXPR pass (perform const folding).
Optimizing module $paramod$009f3b7c956d56e1321a15cdc68bac150250ca09\dma_fsm.
Optimizing module $paramod$47ec64fb5209bcfd12d6b2912fd6c2f990b84ee3\dma_fifo.
Optimizing module $paramod$70bf19c0e5ac86e1fb69f77454d9b20d8e513e14\dma_csr.
Optimizing module $paramod$c8bc0509aabc15b64a46d0e677e83bf79e882db8\dma_axi_master_rd.
Optimizing module $paramod$c8bc0509aabc15b64a46d0e677e83bf79e882db8\dma_axi_master_wr.
Optimizing module dma_axi_top.

10.23. Rerunning OPT passes. (Maybe there is more to do..)

10.24. Executing OPT_MUXTREE pass (detect dead branches in mux trees).
Running muxtree optimizer on module $paramod$009f3b7c956d56e1321a15cdc68bac150250ca09\dma_fsm..
  Creating internal representation of mux trees.
  Evaluating internal representation of mux trees.
  Analyzing evaluation results.
Running muxtree optimizer on module $paramod$47ec64fb5209bcfd12d6b2912fd6c2f990b84ee3\dma_fifo..
  Creating internal representation of mux trees.
  Evaluating internal representation of mux trees.
  Analyzing evaluation results.
Running muxtree optimizer on module $paramod$70bf19c0e5ac86e1fb69f77454d9b20d8e513e14\dma_csr..
  Creating internal representation of mux trees.
  Evaluating internal representation of mux trees.
  Analyzing evaluation results.
Running muxtree optimizer on module $paramod$c8bc0509aabc15b64a46d0e677e83bf79e882db8\dma_axi_master_rd..
  Creating internal representation of mux trees.
  Evaluating internal representation of mux trees.
  Analyzing evaluation results.
Running muxtree optimizer on module $paramod$c8bc0509aabc15b64a46d0e677e83bf79e882db8\dma_axi_master_wr..
  Creating internal representation of mux trees.
  Evaluating internal representation of mux trees.
  Analyzing evaluation results.
Running muxtree optimizer on module \dma_axi_top..
  Creating internal representation of mux trees.
  No muxes found in this module.
Removed 0 multiplexer ports.
<suppressed ~65 debug messages>

10.25. Executing OPT_REDUCE pass (consolidate $*mux and $reduce_* inputs).
  Optimizing cells in module $paramod$009f3b7c956d56e1321a15cdc68bac150250ca09\dma_fsm.
  Optimizing cells in module $paramod$47ec64fb5209bcfd12d6b2912fd6c2f990b84ee3\dma_fifo.
  Optimizing cells in module $paramod$70bf19c0e5ac86e1fb69f77454d9b20d8e513e14\dma_csr.
  Optimizing cells in module $paramod$c8bc0509aabc15b64a46d0e677e83bf79e882db8\dma_axi_master_rd.
  Optimizing cells in module $paramod$c8bc0509aabc15b64a46d0e677e83bf79e882db8\dma_axi_master_wr.
  Optimizing cells in module \dma_axi_top.
Performed a total of 0 changes.

10.26. Executing OPT_MERGE pass (detect identical cells).
Finding identical cells in module `$paramod$009f3b7c956d56e1321a15cdc68bac150250ca09\dma_fsm'.
Finding identical cells in module `$paramod$47ec64fb5209bcfd12d6b2912fd6c2f990b84ee3\dma_fifo'.
Finding identical cells in module `$paramod$70bf19c0e5ac86e1fb69f77454d9b20d8e513e14\dma_csr'.
Finding identical cells in module `$paramod$c8bc0509aabc15b64a46d0e677e83bf79e882db8\dma_axi_master_rd'.
Finding identical cells in module `$paramod$c8bc0509aabc15b64a46d0e677e83bf79e882db8\dma_axi_master_wr'.
Finding identical cells in module `\dma_axi_top'.
Removed a total of 0 cells.

10.27. Executing OPT_DFF pass (perform DFF optimizations).

10.28. Executing OPT_CLEAN pass (remove unused cells and wires).
Finding unused cells or wires in module $paramod$009f3b7c956d56e1321a15cdc68bac150250ca09\dma_fsm..
Finding unused cells or wires in module $paramod$47ec64fb5209bcfd12d6b2912fd6c2f990b84ee3\dma_fifo..
Finding unused cells or wires in module $paramod$70bf19c0e5ac86e1fb69f77454d9b20d8e513e14\dma_csr..
Finding unused cells or wires in module $paramod$c8bc0509aabc15b64a46d0e677e83bf79e882db8\dma_axi_master_rd..
Finding unused cells or wires in module $paramod$c8bc0509aabc15b64a46d0e677e83bf79e882db8\dma_axi_master_wr..
Finding unused cells or wires in module \dma_axi_top..

10.29. Executing OPT_EXPR pass (perform const folding).
Optimizing module $paramod$009f3b7c956d56e1321a15cdc68bac150250ca09\dma_fsm.
Optimizing module $paramod$47ec64fb5209bcfd12d6b2912fd6c2f990b84ee3\dma_fifo.
Optimizing module $paramod$70bf19c0e5ac86e1fb69f77454d9b20d8e513e14\dma_csr.
Optimizing module $paramod$c8bc0509aabc15b64a46d0e677e83bf79e882db8\dma_axi_master_rd.
Optimizing module $paramod$c8bc0509aabc15b64a46d0e677e83bf79e882db8\dma_axi_master_wr.
Optimizing module dma_axi_top.

10.30. Finished OPT passes. (There is nothing left to do.)

11. Executing FSM pass (extract and optimize FSM).

11.1. Executing FSM_DETECT pass (finding FSMs in design).
Not marking $paramod$009f3b7c956d56e1321a15cdc68bac150250ca09\dma_fsm.state as FSM state register:
    Users of register don't seem to benefit from recoding.

11.2. Executing FSM_EXTRACT pass (extracting FSM from design).

11.3. Executing FSM_OPT pass (simple optimizations of FSMs).

11.4. Executing OPT_CLEAN pass (remove unused cells and wires).
Finding unused cells or wires in module $paramod$009f3b7c956d56e1321a15cdc68bac150250ca09\dma_fsm..
Finding unused cells or wires in module $paramod$47ec64fb5209bcfd12d6b2912fd6c2f990b84ee3\dma_fifo..
Finding unused cells or wires in module $paramod$70bf19c0e5ac86e1fb69f77454d9b20d8e513e14\dma_csr..
Finding unused cells or wires in module $paramod$c8bc0509aabc15b64a46d0e677e83bf79e882db8\dma_axi_master_rd..
Finding unused cells or wires in module $paramod$c8bc0509aabc15b64a46d0e677e83bf79e882db8\dma_axi_master_wr..
Finding unused cells or wires in module \dma_axi_top..

11.5. Executing FSM_OPT pass (simple optimizations of FSMs).

11.6. Executing FSM_RECODE pass (re-assigning FSM state encoding).

11.7. Executing FSM_INFO pass (dumping all available information on FSM cells).

11.8. Executing FSM_MAP pass (mapping FSMs to basic logic).

12. Executing OPT pass (performing simple optimizations).

12.1. Executing OPT_EXPR pass (perform const folding).
Optimizing module $paramod$009f3b7c956d56e1321a15cdc68bac150250ca09\dma_fsm.
Optimizing module $paramod$47ec64fb5209bcfd12d6b2912fd6c2f990b84ee3\dma_fifo.
Optimizing module $paramod$70bf19c0e5ac86e1fb69f77454d9b20d8e513e14\dma_csr.
Optimizing module $paramod$c8bc0509aabc15b64a46d0e677e83bf79e882db8\dma_axi_master_rd.
Optimizing module $paramod$c8bc0509aabc15b64a46d0e677e83bf79e882db8\dma_axi_master_wr.
Optimizing module dma_axi_top.

12.2. Executing OPT_MERGE pass (detect identical cells).
Finding identical cells in module `$paramod$009f3b7c956d56e1321a15cdc68bac150250ca09\dma_fsm'.
Finding identical cells in module `$paramod$47ec64fb5209bcfd12d6b2912fd6c2f990b84ee3\dma_fifo'.
Finding identical cells in module `$paramod$70bf19c0e5ac86e1fb69f77454d9b20d8e513e14\dma_csr'.
Finding identical cells in module `$paramod$c8bc0509aabc15b64a46d0e677e83bf79e882db8\dma_axi_master_rd'.
Finding identical cells in module `$paramod$c8bc0509aabc15b64a46d0e677e83bf79e882db8\dma_axi_master_wr'.
Finding identical cells in module `\dma_axi_top'.
Removed a total of 0 cells.

12.3. Executing OPT_MUXTREE pass (detect dead branches in mux trees).
Running muxtree optimizer on module $paramod$009f3b7c956d56e1321a15cdc68bac150250ca09\dma_fsm..
  Creating internal representation of mux trees.
  Evaluating internal representation of mux trees.
  Analyzing evaluation results.
Running muxtree optimizer on module $paramod$47ec64fb5209bcfd12d6b2912fd6c2f990b84ee3\dma_fifo..
  Creating internal representation of mux trees.
  Evaluating internal representation of mux trees.
  Analyzing evaluation results.
Running muxtree optimizer on module $paramod$70bf19c0e5ac86e1fb69f77454d9b20d8e513e14\dma_csr..
  Creating internal representation of mux trees.
  Evaluating internal representation of mux trees.
  Analyzing evaluation results.
Running muxtree optimizer on module $paramod$c8bc0509aabc15b64a46d0e677e83bf79e882db8\dma_axi_master_rd..
  Creating internal representation of mux trees.
  Evaluating internal representation of mux trees.
  Analyzing evaluation results.
Running muxtree optimizer on module $paramod$c8bc0509aabc15b64a46d0e677e83bf79e882db8\dma_axi_master_wr..
  Creating internal representation of mux trees.
  Evaluating internal representation of mux trees.
  Analyzing evaluation results.
Running muxtree optimizer on module \dma_axi_top..
  Creating internal representation of mux trees.
  No muxes found in this module.
Removed 0 multiplexer ports.
<suppressed ~65 debug messages>

12.4. Executing OPT_REDUCE pass (consolidate $*mux and $reduce_* inputs).
  Optimizing cells in module $paramod$009f3b7c956d56e1321a15cdc68bac150250ca09\dma_fsm.
  Optimizing cells in module $paramod$47ec64fb5209bcfd12d6b2912fd6c2f990b84ee3\dma_fifo.
  Optimizing cells in module $paramod$70bf19c0e5ac86e1fb69f77454d9b20d8e513e14\dma_csr.
  Optimizing cells in module $paramod$c8bc0509aabc15b64a46d0e677e83bf79e882db8\dma_axi_master_rd.
  Optimizing cells in module $paramod$c8bc0509aabc15b64a46d0e677e83bf79e882db8\dma_axi_master_wr.
  Optimizing cells in module \dma_axi_top.
Performed a total of 0 changes.

12.5. Executing OPT_MERGE pass (detect identical cells).
Finding identical cells in module `$paramod$009f3b7c956d56e1321a15cdc68bac150250ca09\dma_fsm'.
Finding identical cells in module `$paramod$47ec64fb5209bcfd12d6b2912fd6c2f990b84ee3\dma_fifo'.
Finding identical cells in module `$paramod$70bf19c0e5ac86e1fb69f77454d9b20d8e513e14\dma_csr'.
Finding identical cells in module `$paramod$c8bc0509aabc15b64a46d0e677e83bf79e882db8\dma_axi_master_rd'.
Finding identical cells in module `$paramod$c8bc0509aabc15b64a46d0e677e83bf79e882db8\dma_axi_master_wr'.
Finding identical cells in module `\dma_axi_top'.
Removed a total of 0 cells.

12.6. Executing OPT_DFF pass (perform DFF optimizations).

12.7. Executing OPT_CLEAN pass (remove unused cells and wires).
Finding unused cells or wires in module $paramod$009f3b7c956d56e1321a15cdc68bac150250ca09\dma_fsm..
Finding unused cells or wires in module $paramod$47ec64fb5209bcfd12d6b2912fd6c2f990b84ee3\dma_fifo..
Finding unused cells or wires in module $paramod$70bf19c0e5ac86e1fb69f77454d9b20d8e513e14\dma_csr..
Finding unused cells or wires in module $paramod$c8bc0509aabc15b64a46d0e677e83bf79e882db8\dma_axi_master_rd..
Finding unused cells or wires in module $paramod$c8bc0509aabc15b64a46d0e677e83bf79e882db8\dma_axi_master_wr..
Finding unused cells or wires in module \dma_axi_top..

12.8. Executing OPT_EXPR pass (perform const folding).
Optimizing module $paramod$009f3b7c956d56e1321a15cdc68bac150250ca09\dma_fsm.
Optimizing module $paramod$47ec64fb5209bcfd12d6b2912fd6c2f990b84ee3\dma_fifo.
Optimizing module $paramod$70bf19c0e5ac86e1fb69f77454d9b20d8e513e14\dma_csr.
Optimizing module $paramod$c8bc0509aabc15b64a46d0e677e83bf79e882db8\dma_axi_master_rd.
Optimizing module $paramod$c8bc0509aabc15b64a46d0e677e83bf79e882db8\dma_axi_master_wr.
Optimizing module dma_axi_top.

12.9. Finished OPT passes. (There is nothing left to do.)

13. Executing MEMORY pass.

13.1. Executing OPT_MEM pass (optimize memories).
Performed a total of 0 transformations.

13.2. Executing OPT_MEM_PRIORITY pass (removing unnecessary memory write priority relations).
Performed a total of 0 transformations.

13.3. Executing OPT_MEM_FEEDBACK pass (finding memory read-to-write feedback paths).

13.4. Executing MEMORY_BMUX2ROM pass (converting muxes to ROMs).

13.5. Executing MEMORY_DFF pass (merging $dff cells to $memrd).

13.6. Executing OPT_CLEAN pass (remove unused cells and wires).
Finding unused cells or wires in module $paramod$009f3b7c956d56e1321a15cdc68bac150250ca09\dma_fsm..
Finding unused cells or wires in module $paramod$47ec64fb5209bcfd12d6b2912fd6c2f990b84ee3\dma_fifo..
Finding unused cells or wires in module $paramod$70bf19c0e5ac86e1fb69f77454d9b20d8e513e14\dma_csr..
Finding unused cells or wires in module $paramod$c8bc0509aabc15b64a46d0e677e83bf79e882db8\dma_axi_master_rd..
Finding unused cells or wires in module $paramod$c8bc0509aabc15b64a46d0e677e83bf79e882db8\dma_axi_master_wr..
Finding unused cells or wires in module \dma_axi_top..

13.7. Executing MEMORY_SHARE pass (consolidating $memrd/$memwr cells).

13.8. Executing OPT_MEM_WIDEN pass (optimize memories where all ports are wide).
Performed a total of 0 transformations.

13.9. Executing OPT_CLEAN pass (remove unused cells and wires).
Finding unused cells or wires in module $paramod$009f3b7c956d56e1321a15cdc68bac150250ca09\dma_fsm..
Finding unused cells or wires in module $paramod$47ec64fb5209bcfd12d6b2912fd6c2f990b84ee3\dma_fifo..
Finding unused cells or wires in module $paramod$70bf19c0e5ac86e1fb69f77454d9b20d8e513e14\dma_csr..
Finding unused cells or wires in module $paramod$c8bc0509aabc15b64a46d0e677e83bf79e882db8\dma_axi_master_rd..
Finding unused cells or wires in module $paramod$c8bc0509aabc15b64a46d0e677e83bf79e882db8\dma_axi_master_wr..
Finding unused cells or wires in module \dma_axi_top..

13.10. Executing MEMORY_COLLECT pass (generating $mem cells).

13.11. Executing MEMORY_MAP pass (converting memories to logic and flip-flops).

14. Executing OPT pass (performing simple optimizations).

14.1. Executing OPT_EXPR pass (perform const folding).
Optimizing module $paramod$009f3b7c956d56e1321a15cdc68bac150250ca09\dma_fsm.
Optimizing module $paramod$47ec64fb5209bcfd12d6b2912fd6c2f990b84ee3\dma_fifo.
Optimizing module $paramod$70bf19c0e5ac86e1fb69f77454d9b20d8e513e14\dma_csr.
Optimizing module $paramod$c8bc0509aabc15b64a46d0e677e83bf79e882db8\dma_axi_master_rd.
Optimizing module $paramod$c8bc0509aabc15b64a46d0e677e83bf79e882db8\dma_axi_master_wr.
Optimizing module dma_axi_top.

14.2. Executing OPT_MERGE pass (detect identical cells).
Finding identical cells in module `$paramod$009f3b7c956d56e1321a15cdc68bac150250ca09\dma_fsm'.
Finding identical cells in module `$paramod$47ec64fb5209bcfd12d6b2912fd6c2f990b84ee3\dma_fifo'.
Finding identical cells in module `$paramod$70bf19c0e5ac86e1fb69f77454d9b20d8e513e14\dma_csr'.
Finding identical cells in module `$paramod$c8bc0509aabc15b64a46d0e677e83bf79e882db8\dma_axi_master_rd'.
Finding identical cells in module `$paramod$c8bc0509aabc15b64a46d0e677e83bf79e882db8\dma_axi_master_wr'.
Finding identical cells in module `\dma_axi_top'.
Removed a total of 0 cells.

14.3. Executing OPT_MUXTREE pass (detect dead branches in mux trees).
Running muxtree optimizer on module $paramod$009f3b7c956d56e1321a15cdc68bac150250ca09\dma_fsm..
  Creating internal representation of mux trees.
  Evaluating internal representation of mux trees.
  Analyzing evaluation results.
Running muxtree optimizer on module $paramod$47ec64fb5209bcfd12d6b2912fd6c2f990b84ee3\dma_fifo..
  Creating internal representation of mux trees.
  Evaluating internal representation of mux trees.
  Analyzing evaluation results.
Running muxtree optimizer on module $paramod$70bf19c0e5ac86e1fb69f77454d9b20d8e513e14\dma_csr..
  Creating internal representation of mux trees.
  Evaluating internal representation of mux trees.
  Analyzing evaluation results.
Running muxtree optimizer on module $paramod$c8bc0509aabc15b64a46d0e677e83bf79e882db8\dma_axi_master_rd..
  Creating internal representation of mux trees.
  Evaluating internal representation of mux trees.
  Analyzing evaluation results.
Running muxtree optimizer on module $paramod$c8bc0509aabc15b64a46d0e677e83bf79e882db8\dma_axi_master_wr..
  Creating internal representation of mux trees.
  Evaluating internal representation of mux trees.
  Analyzing evaluation results.
Running muxtree optimizer on module \dma_axi_top..
  Creating internal representation of mux trees.
  No muxes found in this module.
Removed 0 multiplexer ports.
<suppressed ~65 debug messages>

14.4. Executing OPT_REDUCE pass (consolidate $*mux and $reduce_* inputs).
  Optimizing cells in module $paramod$009f3b7c956d56e1321a15cdc68bac150250ca09\dma_fsm.
  Optimizing cells in module $paramod$47ec64fb5209bcfd12d6b2912fd6c2f990b84ee3\dma_fifo.
  Optimizing cells in module $paramod$70bf19c0e5ac86e1fb69f77454d9b20d8e513e14\dma_csr.
  Optimizing cells in module $paramod$c8bc0509aabc15b64a46d0e677e83bf79e882db8\dma_axi_master_rd.
  Optimizing cells in module $paramod$c8bc0509aabc15b64a46d0e677e83bf79e882db8\dma_axi_master_wr.
  Optimizing cells in module \dma_axi_top.
Performed a total of 0 changes.

14.5. Executing OPT_MERGE pass (detect identical cells).
Finding identical cells in module `$paramod$009f3b7c956d56e1321a15cdc68bac150250ca09\dma_fsm'.
Finding identical cells in module `$paramod$47ec64fb5209bcfd12d6b2912fd6c2f990b84ee3\dma_fifo'.
Finding identical cells in module `$paramod$70bf19c0e5ac86e1fb69f77454d9b20d8e513e14\dma_csr'.
Finding identical cells in module `$paramod$c8bc0509aabc15b64a46d0e677e83bf79e882db8\dma_axi_master_rd'.
Finding identical cells in module `$paramod$c8bc0509aabc15b64a46d0e677e83bf79e882db8\dma_axi_master_wr'.
Finding identical cells in module `\dma_axi_top'.
Removed a total of 0 cells.

14.6. Executing OPT_DFF pass (perform DFF optimizations).

14.7. Executing OPT_CLEAN pass (remove unused cells and wires).
Finding unused cells or wires in module $paramod$009f3b7c956d56e1321a15cdc68bac150250ca09\dma_fsm..
Finding unused cells or wires in module $paramod$47ec64fb5209bcfd12d6b2912fd6c2f990b84ee3\dma_fifo..
Finding unused cells or wires in module $paramod$70bf19c0e5ac86e1fb69f77454d9b20d8e513e14\dma_csr..
Finding unused cells or wires in module $paramod$c8bc0509aabc15b64a46d0e677e83bf79e882db8\dma_axi_master_rd..
Finding unused cells or wires in module $paramod$c8bc0509aabc15b64a46d0e677e83bf79e882db8\dma_axi_master_wr..
Finding unused cells or wires in module \dma_axi_top..

14.8. Executing OPT_EXPR pass (perform const folding).
Optimizing module $paramod$009f3b7c956d56e1321a15cdc68bac150250ca09\dma_fsm.
Optimizing module $paramod$47ec64fb5209bcfd12d6b2912fd6c2f990b84ee3\dma_fifo.
Optimizing module $paramod$70bf19c0e5ac86e1fb69f77454d9b20d8e513e14\dma_csr.
Optimizing module $paramod$c8bc0509aabc15b64a46d0e677e83bf79e882db8\dma_axi_master_rd.
Optimizing module $paramod$c8bc0509aabc15b64a46d0e677e83bf79e882db8\dma_axi_master_wr.
Optimizing module dma_axi_top.

14.9. Finished OPT passes. (There is nothing left to do.)

15. Executing TECHMAP pass (map to technology primitives).

15.1. Executing Verilog-2005 frontend: /build/bin/../share/yosys/techmap.v
Parsing Verilog input from `/build/bin/../share/yosys/techmap.v' to AST representation.
Generating RTLIL representation for module `\_90_simplemap_bool_ops'.
Generating RTLIL representation for module `\_90_simplemap_reduce_ops'.
Generating RTLIL representation for module `\_90_simplemap_logic_ops'.
Generating RTLIL representation for module `\_90_simplemap_compare_ops'.
Generating RTLIL representation for module `\_90_simplemap_various'.
Generating RTLIL representation for module `\_90_simplemap_registers'.
Generating RTLIL representation for module `\_90_shift_ops_shr_shl_sshl_sshr'.
Generating RTLIL representation for module `\_90_shift_shiftx'.
Generating RTLIL representation for module `\_90_fa'.
Generating RTLIL representation for module `\_90_lcu'.
Generating RTLIL representation for module `\_90_alu'.
Generating RTLIL representation for module `\_90_macc'.
Generating RTLIL representation for module `\_90_alumacc'.
Generating RTLIL representation for module `\$__div_mod_u'.
Generating RTLIL representation for module `\$__div_mod_trunc'.
Generating RTLIL representation for module `\_90_div'.
Generating RTLIL representation for module `\_90_mod'.
Generating RTLIL representation for module `\$__div_mod_floor'.
Generating RTLIL representation for module `\_90_divfloor'.
Generating RTLIL representation for module `\_90_modfloor'.
Generating RTLIL representation for module `\_90_pow'.
Generating RTLIL representation for module `\_90_pmux'.
Generating RTLIL representation for module `\_90_demux'.
Generating RTLIL representation for module `\_90_lut'.
Successfully finished Verilog frontend.

15.2. Continuing TECHMAP pass.
Using extmapper simplemap for cells of type $reduce_bool.
Using extmapper simplemap for cells of type $logic_and.
Using extmapper simplemap for cells of type $mux.
Using extmapper simplemap for cells of type $eq.
Running "alumacc" on wrapper $extern:wrap:$add:A_SIGNED=0:A_WIDTH=9:B_SIGNED=0:B_WIDTH=9:Y_WIDTH=9:394426c56d1a028ba8fdd5469b163e04011def47.
Using template $extern:wrap:$add:A_SIGNED=0:A_WIDTH=9:B_SIGNED=0:B_WIDTH=9:Y_WIDTH=9:394426c56d1a028ba8fdd5469b163e04011def47 for cells of type $extern:wrap:$add:A_SIGNED=0:A_WIDTH=9:B_SIGNED=0:B_WIDTH=9:Y_WIDTH=9:394426c56d1a028ba8fdd5469b163e04011def47.
Running "alumacc" on wrapper $extern:wrap:$sub:A_SIGNED=0:A_WIDTH=9:B_SIGNED=0:B_WIDTH=9:Y_WIDTH=9:394426c56d1a028ba8fdd5469b163e04011def47.
Using template $extern:wrap:$sub:A_SIGNED=0:A_WIDTH=9:B_SIGNED=0:B_WIDTH=9:Y_WIDTH=9:394426c56d1a028ba8fdd5469b163e04011def47 for cells of type $extern:wrap:$sub:A_SIGNED=0:A_WIDTH=9:B_SIGNED=0:B_WIDTH=9:Y_WIDTH=9:394426c56d1a028ba8fdd5469b163e04011def47.
Using extmapper simplemap for cells of type $ne.
Using extmapper simplemap for cells of type $reduce_and.
Using template $paramod$068ad458e7761d78e5eed8238508872e7b0aef95\_90_pmux for cells of type $pmux.
Using extmapper simplemap for cells of type $logic_not.
Using extmapper simplemap for cells of type $adffe.
Using extmapper simplemap for cells of type $adff.
Using extmapper simplemap for cells of type $reduce_or.
Using extmapper simplemap for cells of type $and.
Using template $paramod$d2fa05d38998afabc6d4f34471305d0af4b8b2df\_90_alu for cells of type $alu.
Using extmapper simplemap for cells of type $not.
Using extmapper simplemap for cells of type $pos.
Using template $paramod\_90_lcu\WIDTH=32'00000000000000000000000000001001 for cells of type $lcu.
Using extmapper simplemap for cells of type $xor.
Using extmapper simplemap for cells of type $or.
Using template $paramod$97565c3687be688407d1272a293bd9d0ae6852dc\_90_pmux for cells of type $pmux.
Using template $paramod$aa21a8cfcdb2d038c61c16c25c37cdf209d597be\_90_pmux for cells of type $pmux.
Using template $paramod$eaeb96106163dbf82031649d189817109fe07c69\_90_pmux for cells of type $pmux.
Using template $paramod$24fb226dd75c9d3f6955ec2ad61d794776778cf6\_90_pmux for cells of type $pmux.
Using template $paramod$bf541dd3c0ba8228982b61e7bfbc350a2c253f4c\_90_pmux for cells of type $pmux.
Using template $paramod$c7c3015355b481805f4a7fa0e4ef64723c91fa3f\_90_pmux for cells of type $pmux.
Using extmapper simplemap for cells of type $logic_or.
Using template $paramod$c5c783b17ab1d780abfad8cfe6563a0a7b47a3b0\_90_pmux for cells of type $pmux.
Using template $paramod$32e7c4d6f92ff4337599ece53082d2e88a82a9f2\_90_pmux for cells of type $pmux.
Running "alumacc" on wrapper $extern:wrap:$add:A_SIGNED=0:A_WIDTH=5:B_SIGNED=0:B_WIDTH=1:Y_WIDTH=5:394426c56d1a028ba8fdd5469b163e04011def47.
Using template $extern:wrap:$add:A_SIGNED=0:A_WIDTH=5:B_SIGNED=0:B_WIDTH=1:Y_WIDTH=5:394426c56d1a028ba8fdd5469b163e04011def47 for cells of type $extern:wrap:$add:A_SIGNED=0:A_WIDTH=5:B_SIGNED=0:B_WIDTH=1:Y_WIDTH=5:394426c56d1a028ba8fdd5469b163e04011def47.
Running "alumacc" on wrapper $extern:wrap:$sub:A_SIGNED=0:A_WIDTH=5:B_SIGNED=0:B_WIDTH=1:Y_WIDTH=5:394426c56d1a028ba8fdd5469b163e04011def47.
Using template $extern:wrap:$sub:A_SIGNED=0:A_WIDTH=5:B_SIGNED=0:B_WIDTH=1:Y_WIDTH=5:394426c56d1a028ba8fdd5469b163e04011def47 for cells of type $extern:wrap:$sub:A_SIGNED=0:A_WIDTH=5:B_SIGNED=0:B_WIDTH=1:Y_WIDTH=5:394426c56d1a028ba8fdd5469b163e04011def47.
Running "alumacc" on wrapper $extern:wrap:$add:A_SIGNED=0:A_WIDTH=4:B_SIGNED=0:B_WIDTH=1:Y_WIDTH=4:394426c56d1a028ba8fdd5469b163e04011def47.
Using template $extern:wrap:$add:A_SIGNED=0:A_WIDTH=4:B_SIGNED=0:B_WIDTH=1:Y_WIDTH=4:394426c56d1a028ba8fdd5469b163e04011def47 for cells of type $extern:wrap:$add:A_SIGNED=0:A_WIDTH=4:B_SIGNED=0:B_WIDTH=1:Y_WIDTH=4:394426c56d1a028ba8fdd5469b163e04011def47.
Using template $paramod$8d502f02b5b0b72663c46788e07dcce65ffb9a1e\_90_pmux for cells of type $pmux.
Using template $paramod$70d30c21ff772b34d0d1da2801fbd781dc3c70e4\_90_pmux for cells of type $pmux.
Using extmapper simplemap for cells of type $dffe.
Using template $paramod$672a140277c71df8314410f22acc08d55222c3c7\_90_alu for cells of type $alu.
Using template $paramod$dc04b7d98e503a7bab16fce2df70e6e2c5ca34d6\_90_alu for cells of type $alu.
Using template $paramod$32a7b7b86c07519b7537abc18e96f0331f97914d\_90_alu for cells of type $alu.
Using template $paramod\_90_lcu\WIDTH=32'00000000000000000000000000000101 for cells of type $lcu.
Using template $paramod\_90_lcu\WIDTH=32'00000000000000000000000000000100 for cells of type $lcu.
Running "alumacc" on wrapper $extern:wrap:$ge:A_SIGNED=0:A_WIDTH=5:B_SIGNED=0:B_WIDTH=5:Y_WIDTH=1:394426c56d1a028ba8fdd5469b163e04011def47.
Using template $extern:wrap:$ge:A_SIGNED=0:A_WIDTH=5:B_SIGNED=0:B_WIDTH=5:Y_WIDTH=1:394426c56d1a028ba8fdd5469b163e04011def47 for cells of type $extern:wrap:$ge:A_SIGNED=0:A_WIDTH=5:B_SIGNED=0:B_WIDTH=5:Y_WIDTH=1:394426c56d1a028ba8fdd5469b163e04011def47.
Running "alumacc" on wrapper $extern:wrap:$sub:A_SIGNED=0:A_WIDTH=32:B_SIGNED=0:B_WIDTH=32:Y_WIDTH=32:394426c56d1a028ba8fdd5469b163e04011def47.
Using template $extern:wrap:$sub:A_SIGNED=0:A_WIDTH=32:B_SIGNED=0:B_WIDTH=32:Y_WIDTH=32:394426c56d1a028ba8fdd5469b163e04011def47 for cells of type $extern:wrap:$sub:A_SIGNED=0:A_WIDTH=32:B_SIGNED=0:B_WIDTH=32:Y_WIDTH=32:394426c56d1a028ba8fdd5469b163e04011def47.
Running "alumacc" on wrapper $extern:wrap:$gt:A_SIGNED=0:A_WIDTH=32:B_SIGNED=0:B_WIDTH=32:Y_WIDTH=1:394426c56d1a028ba8fdd5469b163e04011def47.
Using template $extern:wrap:$gt:A_SIGNED=0:A_WIDTH=32:B_SIGNED=0:B_WIDTH=32:Y_WIDTH=1:394426c56d1a028ba8fdd5469b163e04011def47 for cells of type $extern:wrap:$gt:A_SIGNED=0:A_WIDTH=32:B_SIGNED=0:B_WIDTH=32:Y_WIDTH=1:394426c56d1a028ba8fdd5469b163e04011def47.
Running "alumacc" on wrapper $extern:wrap:$sub:A_SIGNED=0:A_WIDTH=8:B_SIGNED=0:B_WIDTH=8:Y_WIDTH=8:394426c56d1a028ba8fdd5469b163e04011def47.
Using template $extern:wrap:$sub:A_SIGNED=0:A_WIDTH=8:B_SIGNED=0:B_WIDTH=8:Y_WIDTH=8:394426c56d1a028ba8fdd5469b163e04011def47 for cells of type $extern:wrap:$sub:A_SIGNED=0:A_WIDTH=8:B_SIGNED=0:B_WIDTH=8:Y_WIDTH=8:394426c56d1a028ba8fdd5469b163e04011def47.
Running "alumacc" on wrapper $extern:wrap:$add:A_SIGNED=0:A_WIDTH=32:B_SIGNED=0:B_WIDTH=32:Y_WIDTH=32:394426c56d1a028ba8fdd5469b163e04011def47.
Using template $extern:wrap:$add:A_SIGNED=0:A_WIDTH=32:B_SIGNED=0:B_WIDTH=32:Y_WIDTH=32:394426c56d1a028ba8fdd5469b163e04011def47 for cells of type $extern:wrap:$add:A_SIGNED=0:A_WIDTH=32:B_SIGNED=0:B_WIDTH=32:Y_WIDTH=32:394426c56d1a028ba8fdd5469b163e04011def47.
Using template $paramod$b6ec48645094baeb70d6b93add0cdbbe7498ad3c\_90_pmux for cells of type $pmux.
Using template $paramod$b18e16801adf491a64caa0542270798e5d4ac6b6\_90_alu for cells of type $alu.
Using template $paramod$fbc7873bff55778c0b3173955b7e4bce1d9d6834\_90_alu for cells of type $alu.
Using template $paramod$a1bc51c02ce12ac21eb18988e83292af48ed7d72\_90_alu for cells of type $alu.
Using template $paramod\_90_lcu\WIDTH=32'00000000000000000000000000100000 for cells of type $lcu.
Using template $paramod\_90_lcu\WIDTH=32'00000000000000000000000000001000 for cells of type $lcu.
No more expansions possible.
<suppressed ~3098 debug messages>

16. Executing OPT pass (performing simple optimizations).

16.1. Executing OPT_EXPR pass (perform const folding).
Optimizing module $paramod$009f3b7c956d56e1321a15cdc68bac150250ca09\dma_fsm.
<suppressed ~1602 debug messages>
Optimizing module $paramod$47ec64fb5209bcfd12d6b2912fd6c2f990b84ee3\dma_fifo.
<suppressed ~234 debug messages>
Optimizing module $paramod$70bf19c0e5ac86e1fb69f77454d9b20d8e513e14\dma_csr.
<suppressed ~122 debug messages>
Optimizing module $paramod$c8bc0509aabc15b64a46d0e677e83bf79e882db8\dma_axi_master_rd.
<suppressed ~16 debug messages>
Optimizing module $paramod$c8bc0509aabc15b64a46d0e677e83bf79e882db8\dma_axi_master_wr.
<suppressed ~128 debug messages>
Optimizing module dma_axi_top.

16.2. Executing OPT_MERGE pass (detect identical cells).
Finding identical cells in module `$paramod$009f3b7c956d56e1321a15cdc68bac150250ca09\dma_fsm'.
<suppressed ~1197 debug messages>
Finding identical cells in module `$paramod$47ec64fb5209bcfd12d6b2912fd6c2f990b84ee3\dma_fifo'.
<suppressed ~420 debug messages>
Finding identical cells in module `$paramod$70bf19c0e5ac86e1fb69f77454d9b20d8e513e14\dma_csr'.
<suppressed ~264 debug messages>
Finding identical cells in module `$paramod$c8bc0509aabc15b64a46d0e677e83bf79e882db8\dma_axi_master_rd'.
<suppressed ~9 debug messages>
Finding identical cells in module `$paramod$c8bc0509aabc15b64a46d0e677e83bf79e882db8\dma_axi_master_wr'.
<suppressed ~39 debug messages>
Finding identical cells in module `\dma_axi_top'.
Removed a total of 643 cells.

16.3. Executing OPT_MUXTREE pass (detect dead branches in mux trees).
Running muxtree optimizer on module $paramod$009f3b7c956d56e1321a15cdc68bac150250ca09\dma_fsm..
  Creating internal representation of mux trees.
  No muxes found in this module.
Running muxtree optimizer on module $paramod$47ec64fb5209bcfd12d6b2912fd6c2f990b84ee3\dma_fifo..
  Creating internal representation of mux trees.
  No muxes found in this module.
Running muxtree optimizer on module $paramod$70bf19c0e5ac86e1fb69f77454d9b20d8e513e14\dma_csr..
  Creating internal representation of mux trees.
  No muxes found in this module.
Running muxtree optimizer on module $paramod$c8bc0509aabc15b64a46d0e677e83bf79e882db8\dma_axi_master_rd..
  Creating internal representation of mux trees.
  No muxes found in this module.
Running muxtree optimizer on module $paramod$c8bc0509aabc15b64a46d0e677e83bf79e882db8\dma_axi_master_wr..
  Creating internal representation of mux trees.
  No muxes found in this module.
Running muxtree optimizer on module \dma_axi_top..
  Creating internal representation of mux trees.
  No muxes found in this module.
Removed 0 multiplexer ports.

16.4. Executing OPT_REDUCE pass (consolidate $*mux and $reduce_* inputs).
  Optimizing cells in module $paramod$009f3b7c956d56e1321a15cdc68bac150250ca09\dma_fsm.
  Optimizing cells in module $paramod$47ec64fb5209bcfd12d6b2912fd6c2f990b84ee3\dma_fifo.
  Optimizing cells in module $paramod$70bf19c0e5ac86e1fb69f77454d9b20d8e513e14\dma_csr.
  Optimizing cells in module $paramod$c8bc0509aabc15b64a46d0e677e83bf79e882db8\dma_axi_master_rd.
  Optimizing cells in module $paramod$c8bc0509aabc15b64a46d0e677e83bf79e882db8\dma_axi_master_wr.
  Optimizing cells in module \dma_axi_top.
Performed a total of 0 changes.

16.5. Executing OPT_MERGE pass (detect identical cells).
Finding identical cells in module `$paramod$009f3b7c956d56e1321a15cdc68bac150250ca09\dma_fsm'.
Finding identical cells in module `$paramod$47ec64fb5209bcfd12d6b2912fd6c2f990b84ee3\dma_fifo'.
Finding identical cells in module `$paramod$70bf19c0e5ac86e1fb69f77454d9b20d8e513e14\dma_csr'.
Finding identical cells in module `$paramod$c8bc0509aabc15b64a46d0e677e83bf79e882db8\dma_axi_master_rd'.
Finding identical cells in module `$paramod$c8bc0509aabc15b64a46d0e677e83bf79e882db8\dma_axi_master_wr'.
Finding identical cells in module `\dma_axi_top'.
Removed a total of 0 cells.

16.6. Executing OPT_DFF pass (perform DFF optimizations).
Adding EN signal on $auto$ff.cc:266:slice$9527 ($_DFFE_PN0P_) from module $paramod$009f3b7c956d56e1321a15cdc68bac150250ca09\dma_fsm (D = $0\rem_bytes_q[31:0] [0], Q = \rem_bytes_q [0]).
Adding EN signal on $auto$ff.cc:266:slice$9528 ($_DFFE_PN0P_) from module $paramod$009f3b7c956d56e1321a15cdc68bac150250ca09\dma_fsm (D = $0\rem_bytes_q[31:0] [1], Q = \rem_bytes_q [1]).
Adding EN signal on $auto$ff.cc:266:slice$9559 ($_DFFE_PN0P_) from module $paramod$009f3b7c956d56e1321a15cdc68bac150250ca09\dma_fsm (D = $0\cur_src_q[31:0] [0], Q = \cur_src_q [0]).
Adding EN signal on $auto$ff.cc:266:slice$9560 ($_DFFE_PN0P_) from module $paramod$009f3b7c956d56e1321a15cdc68bac150250ca09\dma_fsm (D = $0\cur_src_q[31:0] [1], Q = \cur_src_q [1]).
Adding EN signal on $auto$ff.cc:266:slice$9604 ($_DFFE_PN0P_) from module $paramod$009f3b7c956d56e1321a15cdc68bac150250ca09\dma_fsm (D = $0\cur_dst_q[31:0] [0], Q = \cur_dst_q [0]).
Adding EN signal on $auto$ff.cc:266:slice$9605 ($_DFFE_PN0P_) from module $paramod$009f3b7c956d56e1321a15cdc68bac150250ca09\dma_fsm (D = $0\cur_dst_q[31:0] [1], Q = \cur_dst_q [1]).

16.7. Executing OPT_CLEAN pass (remove unused cells and wires).
Finding unused cells or wires in module $paramod$009f3b7c956d56e1321a15cdc68bac150250ca09\dma_fsm..
Finding unused cells or wires in module $paramod$47ec64fb5209bcfd12d6b2912fd6c2f990b84ee3\dma_fifo..
Finding unused cells or wires in module $paramod$70bf19c0e5ac86e1fb69f77454d9b20d8e513e14\dma_csr..
Finding unused cells or wires in module $paramod$c8bc0509aabc15b64a46d0e677e83bf79e882db8\dma_axi_master_rd..
Finding unused cells or wires in module $paramod$c8bc0509aabc15b64a46d0e677e83bf79e882db8\dma_axi_master_wr..
Finding unused cells or wires in module \dma_axi_top..
Removed 450 unused cells and 2021 unused wires.
<suppressed ~455 debug messages>

16.8. Executing OPT_EXPR pass (perform const folding).
Optimizing module $paramod$009f3b7c956d56e1321a15cdc68bac150250ca09\dma_fsm.
<suppressed ~30 debug messages>
Optimizing module $paramod$47ec64fb5209bcfd12d6b2912fd6c2f990b84ee3\dma_fifo.
Optimizing module $paramod$70bf19c0e5ac86e1fb69f77454d9b20d8e513e14\dma_csr.
Optimizing module $paramod$c8bc0509aabc15b64a46d0e677e83bf79e882db8\dma_axi_master_rd.
Optimizing module $paramod$c8bc0509aabc15b64a46d0e677e83bf79e882db8\dma_axi_master_wr.
Optimizing module dma_axi_top.

16.9. Rerunning OPT passes. (Maybe there is more to do..)

16.10. Executing OPT_MUXTREE pass (detect dead branches in mux trees).
Running muxtree optimizer on module $paramod$009f3b7c956d56e1321a15cdc68bac150250ca09\dma_fsm..
  Creating internal representation of mux trees.
  No muxes found in this module.
Running muxtree optimizer on module $paramod$47ec64fb5209bcfd12d6b2912fd6c2f990b84ee3\dma_fifo..
  Creating internal representation of mux trees.
  No muxes found in this module.
Running muxtree optimizer on module $paramod$70bf19c0e5ac86e1fb69f77454d9b20d8e513e14\dma_csr..
  Creating internal representation of mux trees.
  No muxes found in this module.
Running muxtree optimizer on module $paramod$c8bc0509aabc15b64a46d0e677e83bf79e882db8\dma_axi_master_rd..
  Creating internal representation of mux trees.
  No muxes found in this module.
Running muxtree optimizer on module $paramod$c8bc0509aabc15b64a46d0e677e83bf79e882db8\dma_axi_master_wr..
  Creating internal representation of mux trees.
  No muxes found in this module.
Running muxtree optimizer on module \dma_axi_top..
  Creating internal representation of mux trees.
  No muxes found in this module.
Removed 0 multiplexer ports.

16.11. Executing OPT_REDUCE pass (consolidate $*mux and $reduce_* inputs).
  Optimizing cells in module $paramod$009f3b7c956d56e1321a15cdc68bac150250ca09\dma_fsm.
  Optimizing cells in module $paramod$47ec64fb5209bcfd12d6b2912fd6c2f990b84ee3\dma_fifo.
  Optimizing cells in module $paramod$70bf19c0e5ac86e1fb69f77454d9b20d8e513e14\dma_csr.
  Optimizing cells in module $paramod$c8bc0509aabc15b64a46d0e677e83bf79e882db8\dma_axi_master_rd.
  Optimizing cells in module $paramod$c8bc0509aabc15b64a46d0e677e83bf79e882db8\dma_axi_master_wr.
  Optimizing cells in module \dma_axi_top.
Performed a total of 0 changes.

16.12. Executing OPT_MERGE pass (detect identical cells).
Finding identical cells in module `$paramod$009f3b7c956d56e1321a15cdc68bac150250ca09\dma_fsm'.
<suppressed ~45 debug messages>
Finding identical cells in module `$paramod$47ec64fb5209bcfd12d6b2912fd6c2f990b84ee3\dma_fifo'.
Finding identical cells in module `$paramod$70bf19c0e5ac86e1fb69f77454d9b20d8e513e14\dma_csr'.
Finding identical cells in module `$paramod$c8bc0509aabc15b64a46d0e677e83bf79e882db8\dma_axi_master_rd'.
Finding identical cells in module `$paramod$c8bc0509aabc15b64a46d0e677e83bf79e882db8\dma_axi_master_wr'.
Finding identical cells in module `\dma_axi_top'.
Removed a total of 15 cells.

16.13. Executing OPT_DFF pass (perform DFF optimizations).

16.14. Executing OPT_CLEAN pass (remove unused cells and wires).
Finding unused cells or wires in module $paramod$009f3b7c956d56e1321a15cdc68bac150250ca09\dma_fsm..
Finding unused cells or wires in module $paramod$47ec64fb5209bcfd12d6b2912fd6c2f990b84ee3\dma_fifo..
Finding unused cells or wires in module $paramod$70bf19c0e5ac86e1fb69f77454d9b20d8e513e14\dma_csr..
Finding unused cells or wires in module $paramod$c8bc0509aabc15b64a46d0e677e83bf79e882db8\dma_axi_master_rd..
Finding unused cells or wires in module $paramod$c8bc0509aabc15b64a46d0e677e83bf79e882db8\dma_axi_master_wr..
Finding unused cells or wires in module \dma_axi_top..
Removed 0 unused cells and 33 unused wires.
<suppressed ~1 debug messages>

16.15. Executing OPT_EXPR pass (perform const folding).
Optimizing module $paramod$009f3b7c956d56e1321a15cdc68bac150250ca09\dma_fsm.
Optimizing module $paramod$47ec64fb5209bcfd12d6b2912fd6c2f990b84ee3\dma_fifo.
Optimizing module $paramod$70bf19c0e5ac86e1fb69f77454d9b20d8e513e14\dma_csr.
Optimizing module $paramod$c8bc0509aabc15b64a46d0e677e83bf79e882db8\dma_axi_master_rd.
Optimizing module $paramod$c8bc0509aabc15b64a46d0e677e83bf79e882db8\dma_axi_master_wr.
Optimizing module dma_axi_top.

16.16. Rerunning OPT passes. (Maybe there is more to do..)

16.17. Executing OPT_MUXTREE pass (detect dead branches in mux trees).
Running muxtree optimizer on module $paramod$009f3b7c956d56e1321a15cdc68bac150250ca09\dma_fsm..
  Creating internal representation of mux trees.
  No muxes found in this module.
Running muxtree optimizer on module $paramod$47ec64fb5209bcfd12d6b2912fd6c2f990b84ee3\dma_fifo..
  Creating internal representation of mux trees.
  No muxes found in this module.
Running muxtree optimizer on module $paramod$70bf19c0e5ac86e1fb69f77454d9b20d8e513e14\dma_csr..
  Creating internal representation of mux trees.
  No muxes found in this module.
Running muxtree optimizer on module $paramod$c8bc0509aabc15b64a46d0e677e83bf79e882db8\dma_axi_master_rd..
  Creating internal representation of mux trees.
  No muxes found in this module.
Running muxtree optimizer on module $paramod$c8bc0509aabc15b64a46d0e677e83bf79e882db8\dma_axi_master_wr..
  Creating internal representation of mux trees.
  No muxes found in this module.
Running muxtree optimizer on module \dma_axi_top..
  Creating internal representation of mux trees.
  No muxes found in this module.
Removed 0 multiplexer ports.

16.18. Executing OPT_REDUCE pass (consolidate $*mux and $reduce_* inputs).
  Optimizing cells in module $paramod$009f3b7c956d56e1321a15cdc68bac150250ca09\dma_fsm.
  Optimizing cells in module $paramod$47ec64fb5209bcfd12d6b2912fd6c2f990b84ee3\dma_fifo.
  Optimizing cells in module $paramod$70bf19c0e5ac86e1fb69f77454d9b20d8e513e14\dma_csr.
  Optimizing cells in module $paramod$c8bc0509aabc15b64a46d0e677e83bf79e882db8\dma_axi_master_rd.
  Optimizing cells in module $paramod$c8bc0509aabc15b64a46d0e677e83bf79e882db8\dma_axi_master_wr.
  Optimizing cells in module \dma_axi_top.
Performed a total of 0 changes.

16.19. Executing OPT_MERGE pass (detect identical cells).
Finding identical cells in module `$paramod$009f3b7c956d56e1321a15cdc68bac150250ca09\dma_fsm'.
Finding identical cells in module `$paramod$47ec64fb5209bcfd12d6b2912fd6c2f990b84ee3\dma_fifo'.
Finding identical cells in module `$paramod$70bf19c0e5ac86e1fb69f77454d9b20d8e513e14\dma_csr'.
Finding identical cells in module `$paramod$c8bc0509aabc15b64a46d0e677e83bf79e882db8\dma_axi_master_rd'.
Finding identical cells in module `$paramod$c8bc0509aabc15b64a46d0e677e83bf79e882db8\dma_axi_master_wr'.
Finding identical cells in module `\dma_axi_top'.
Removed a total of 0 cells.

16.20. Executing OPT_DFF pass (perform DFF optimizations).

16.21. Executing OPT_CLEAN pass (remove unused cells and wires).
Finding unused cells or wires in module $paramod$009f3b7c956d56e1321a15cdc68bac150250ca09\dma_fsm..
Finding unused cells or wires in module $paramod$47ec64fb5209bcfd12d6b2912fd6c2f990b84ee3\dma_fifo..
Finding unused cells or wires in module $paramod$70bf19c0e5ac86e1fb69f77454d9b20d8e513e14\dma_csr..
Finding unused cells or wires in module $paramod$c8bc0509aabc15b64a46d0e677e83bf79e882db8\dma_axi_master_rd..
Finding unused cells or wires in module $paramod$c8bc0509aabc15b64a46d0e677e83bf79e882db8\dma_axi_master_wr..
Finding unused cells or wires in module \dma_axi_top..

16.22. Executing OPT_EXPR pass (perform const folding).
Optimizing module $paramod$009f3b7c956d56e1321a15cdc68bac150250ca09\dma_fsm.
Optimizing module $paramod$47ec64fb5209bcfd12d6b2912fd6c2f990b84ee3\dma_fifo.
Optimizing module $paramod$70bf19c0e5ac86e1fb69f77454d9b20d8e513e14\dma_csr.
Optimizing module $paramod$c8bc0509aabc15b64a46d0e677e83bf79e882db8\dma_axi_master_rd.
Optimizing module $paramod$c8bc0509aabc15b64a46d0e677e83bf79e882db8\dma_axi_master_wr.
Optimizing module dma_axi_top.

16.23. Finished OPT passes. (There is nothing left to do.)

17. Executing DFFLIBMAP pass (mapping DFF cells to sequential cells from liberty file).
Warning: Found unsupported expression 'D&!SCE|SCD&SCE' in pin attribute of cell 'sky130_fd_sc_hd__sdfbbn_1' - skipping.
Warning: Found unsupported expression 'D&!SCE|SCD&SCE' in pin attribute of cell 'sky130_fd_sc_hd__sdfbbn_2' - skipping.
Warning: Found unsupported expression 'D&!SCE|SCD&SCE' in pin attribute of cell 'sky130_fd_sc_hd__sdfrtn_1' - skipping.
Warning: Found unsupported expression 'D&DE|IQ&!DE' in pin attribute of cell 'sky130_fd_sc_hd__edfxbp_1' - skipping.
Warning: Found unsupported expression 'D&DE|IQ&!DE' in pin attribute of cell 'sky130_fd_sc_hd__edfxtp_1' - skipping.
Warning: Found unsupported expression 'D&!SCE|SCD&SCE' in pin attribute of cell 'sky130_fd_sc_hd__sdfbbp_1' - skipping.
Warning: Found unsupported expression 'D&!SCE|SCD&SCE' in pin attribute of cell 'sky130_fd_sc_hd__sdfrbp_1' - skipping.
Warning: Found unsupported expression 'D&!SCE|SCD&SCE' in pin attribute of cell 'sky130_fd_sc_hd__sdfrbp_2' - skipping.
Warning: Found unsupported expression 'D&!SCE|SCD&SCE' in pin attribute of cell 'sky130_fd_sc_hd__sdfrtp_1' - skipping.
Warning: Found unsupported expression 'D&!SCE|SCD&SCE' in pin attribute of cell 'sky130_fd_sc_hd__sdfrtp_2' - skipping.
Warning: Found unsupported expression 'D&!SCE|SCD&SCE' in pin attribute of cell 'sky130_fd_sc_hd__sdfrtp_4' - skipping.
Warning: Found unsupported expression 'D&!SCE|SCD&SCE' in pin attribute of cell 'sky130_fd_sc_hd__sdfsbp_1' - skipping.
Warning: Found unsupported expression 'D&!SCE|SCD&SCE' in pin attribute of cell 'sky130_fd_sc_hd__sdfsbp_2' - skipping.
Warning: Found unsupported expression 'D&!SCE|SCD&SCE' in pin attribute of cell 'sky130_fd_sc_hd__sdfstp_1' - skipping.
Warning: Found unsupported expression 'D&!SCE|SCD&SCE' in pin attribute of cell 'sky130_fd_sc_hd__sdfstp_2' - skipping.
Warning: Found unsupported expression 'D&!SCE|SCD&SCE' in pin attribute of cell 'sky130_fd_sc_hd__sdfstp_4' - skipping.
Warning: Found unsupported expression 'D&!SCE|SCD&SCE' in pin attribute of cell 'sky130_fd_sc_hd__sdfxbp_1' - skipping.
Warning: Found unsupported expression 'D&!SCE|SCD&SCE' in pin attribute of cell 'sky130_fd_sc_hd__sdfxbp_2' - skipping.
Warning: Found unsupported expression 'D&!SCE|SCD&SCE' in pin attribute of cell 'sky130_fd_sc_hd__sdfxtp_1' - skipping.
Warning: Found unsupported expression 'D&!SCE|SCD&SCE' in pin attribute of cell 'sky130_fd_sc_hd__sdfxtp_2' - skipping.
Warning: Found unsupported expression 'D&!SCE|SCD&SCE' in pin attribute of cell 'sky130_fd_sc_hd__sdfxtp_4' - skipping.
Warning: Found unsupported expression 'D&DE&!SCE|IQ&!DE&!SCE|SCD&SCE' in pin attribute of cell 'sky130_fd_sc_hd__sedfxbp_1' - skipping.
Warning: Found unsupported expression 'D&DE&!SCE|IQ&!DE&!SCE|SCD&SCE' in pin attribute of cell 'sky130_fd_sc_hd__sedfxbp_2' - skipping.
Warning: Found unsupported expression 'D&DE&!SCE|IQ&!DE&!SCE|SCD&SCE' in pin attribute of cell 'sky130_fd_sc_hd__sedfxtp_1' - skipping.
Warning: Found unsupported expression 'D&DE&!SCE|IQ&!DE&!SCE|SCD&SCE' in pin attribute of cell 'sky130_fd_sc_hd__sedfxtp_2' - skipping.
Warning: Found unsupported expression 'D&DE&!SCE|IQ&!DE&!SCE|SCD&SCE' in pin attribute of cell 'sky130_fd_sc_hd__sedfxtp_4' - skipping.
  cell sky130_fd_sc_hd__dfxtp_1 (noninv, pins=3, area=20.02) is a direct match for cell type $_DFF_P_.
Warning: Found unsupported expression 'D&!SCE|SCD&SCE' in pin attribute of cell 'sky130_fd_sc_hd__sdfbbn_1' - skipping.
Warning: Found unsupported expression 'D&!SCE|SCD&SCE' in pin attribute of cell 'sky130_fd_sc_hd__sdfbbn_2' - skipping.
Warning: Found unsupported expression 'D&!SCE|SCD&SCE' in pin attribute of cell 'sky130_fd_sc_hd__sdfrtn_1' - skipping.
  cell sky130_fd_sc_hd__dfrtn_1 (noninv, pins=4, area=25.02) is a direct match for cell type $_DFF_NN0_.
Warning: Found unsupported expression 'D&!SCE|SCD&SCE' in pin attribute of cell 'sky130_fd_sc_hd__sdfbbn_1' - skipping.
Warning: Found unsupported expression 'D&!SCE|SCD&SCE' in pin attribute of cell 'sky130_fd_sc_hd__sdfbbn_2' - skipping.
Warning: Found unsupported expression 'D&!SCE|SCD&SCE' in pin attribute of cell 'sky130_fd_sc_hd__sdfrtn_1' - skipping.
Warning: Found unsupported expression 'D&!SCE|SCD&SCE' in pin attribute of cell 'sky130_fd_sc_hd__sdfbbn_1' - skipping.
Warning: Found unsupported expression 'D&!SCE|SCD&SCE' in pin attribute of cell 'sky130_fd_sc_hd__sdfbbn_2' - skipping.
Warning: Found unsupported expression 'D&!SCE|SCD&SCE' in pin attribute of cell 'sky130_fd_sc_hd__sdfrtn_1' - skipping.
Warning: Found unsupported expression 'D&!SCE|SCD&SCE' in pin attribute of cell 'sky130_fd_sc_hd__sdfbbn_1' - skipping.
Warning: Found unsupported expression 'D&!SCE|SCD&SCE' in pin attribute of cell 'sky130_fd_sc_hd__sdfbbn_2' - skipping.
Warning: Found unsupported expression 'D&!SCE|SCD&SCE' in pin attribute of cell 'sky130_fd_sc_hd__sdfrtn_1' - skipping.
Warning: Found unsupported expression 'D&DE|IQ&!DE' in pin attribute of cell 'sky130_fd_sc_hd__edfxbp_1' - skipping.
Warning: Found unsupported expression 'D&DE|IQ&!DE' in pin attribute of cell 'sky130_fd_sc_hd__edfxtp_1' - skipping.
Warning: Found unsupported expression 'D&!SCE|SCD&SCE' in pin attribute of cell 'sky130_fd_sc_hd__sdfbbp_1' - skipping.
Warning: Found unsupported expression 'D&!SCE|SCD&SCE' in pin attribute of cell 'sky130_fd_sc_hd__sdfrbp_1' - skipping.
Warning: Found unsupported expression 'D&!SCE|SCD&SCE' in pin attribute of cell 'sky130_fd_sc_hd__sdfrbp_2' - skipping.
Warning: Found unsupported expression 'D&!SCE|SCD&SCE' in pin attribute of cell 'sky130_fd_sc_hd__sdfrtp_1' - skipping.
Warning: Found unsupported expression 'D&!SCE|SCD&SCE' in pin attribute of cell 'sky130_fd_sc_hd__sdfrtp_2' - skipping.
Warning: Found unsupported expression 'D&!SCE|SCD&SCE' in pin attribute of cell 'sky130_fd_sc_hd__sdfrtp_4' - skipping.
Warning: Found unsupported expression 'D&!SCE|SCD&SCE' in pin attribute of cell 'sky130_fd_sc_hd__sdfsbp_1' - skipping.
Warning: Found unsupported expression 'D&!SCE|SCD&SCE' in pin attribute of cell 'sky130_fd_sc_hd__sdfsbp_2' - skipping.
Warning: Found unsupported expression 'D&!SCE|SCD&SCE' in pin attribute of cell 'sky130_fd_sc_hd__sdfstp_1' - skipping.
Warning: Found unsupported expression 'D&!SCE|SCD&SCE' in pin attribute of cell 'sky130_fd_sc_hd__sdfstp_2' - skipping.
Warning: Found unsupported expression 'D&!SCE|SCD&SCE' in pin attribute of cell 'sky130_fd_sc_hd__sdfstp_4' - skipping.
Warning: Found unsupported expression 'D&!SCE|SCD&SCE' in pin attribute of cell 'sky130_fd_sc_hd__sdfxbp_1' - skipping.
Warning: Found unsupported expression 'D&!SCE|SCD&SCE' in pin attribute of cell 'sky130_fd_sc_hd__sdfxbp_2' - skipping.
Warning: Found unsupported expression 'D&!SCE|SCD&SCE' in pin attribute of cell 'sky130_fd_sc_hd__sdfxtp_1' - skipping.
Warning: Found unsupported expression 'D&!SCE|SCD&SCE' in pin attribute of cell 'sky130_fd_sc_hd__sdfxtp_2' - skipping.
Warning: Found unsupported expression 'D&!SCE|SCD&SCE' in pin attribute of cell 'sky130_fd_sc_hd__sdfxtp_4' - skipping.
Warning: Found unsupported expression 'D&DE&!SCE|IQ&!DE&!SCE|SCD&SCE' in pin attribute of cell 'sky130_fd_sc_hd__sedfxbp_1' - skipping.
Warning: Found unsupported expression 'D&DE&!SCE|IQ&!DE&!SCE|SCD&SCE' in pin attribute of cell 'sky130_fd_sc_hd__sedfxbp_2' - skipping.
Warning: Found unsupported expression 'D&DE&!SCE|IQ&!DE&!SCE|SCD&SCE' in pin attribute of cell 'sky130_fd_sc_hd__sedfxtp_1' - skipping.
Warning: Found unsupported expression 'D&DE&!SCE|IQ&!DE&!SCE|SCD&SCE' in pin attribute of cell 'sky130_fd_sc_hd__sedfxtp_2' - skipping.
Warning: Found unsupported expression 'D&DE&!SCE|IQ&!DE&!SCE|SCD&SCE' in pin attribute of cell 'sky130_fd_sc_hd__sedfxtp_4' - skipping.
  cell sky130_fd_sc_hd__dfrtp_1 (noninv, pins=4, area=25.02) is a direct match for cell type $_DFF_PN0_.
Warning: Found unsupported expression 'D&DE|IQ&!DE' in pin attribute of cell 'sky130_fd_sc_hd__edfxbp_1' - skipping.
Warning: Found unsupported expression 'D&DE|IQ&!DE' in pin attribute of cell 'sky130_fd_sc_hd__edfxtp_1' - skipping.
Warning: Found unsupported expression 'D&!SCE|SCD&SCE' in pin attribute of cell 'sky130_fd_sc_hd__sdfbbp_1' - skipping.
Warning: Found unsupported expression 'D&!SCE|SCD&SCE' in pin attribute of cell 'sky130_fd_sc_hd__sdfrbp_1' - skipping.
Warning: Found unsupported expression 'D&!SCE|SCD&SCE' in pin attribute of cell 'sky130_fd_sc_hd__sdfrbp_2' - skipping.
Warning: Found unsupported expression 'D&!SCE|SCD&SCE' in pin attribute of cell 'sky130_fd_sc_hd__sdfrtp_1' - skipping.
Warning: Found unsupported expression 'D&!SCE|SCD&SCE' in pin attribute of cell 'sky130_fd_sc_hd__sdfrtp_2' - skipping.
Warning: Found unsupported expression 'D&!SCE|SCD&SCE' in pin attribute of cell 'sky130_fd_sc_hd__sdfrtp_4' - skipping.
Warning: Found unsupported expression 'D&!SCE|SCD&SCE' in pin attribute of cell 'sky130_fd_sc_hd__sdfsbp_1' - skipping.
Warning: Found unsupported expression 'D&!SCE|SCD&SCE' in pin attribute of cell 'sky130_fd_sc_hd__sdfsbp_2' - skipping.
Warning: Found unsupported expression 'D&!SCE|SCD&SCE' in pin attribute of cell 'sky130_fd_sc_hd__sdfstp_1' - skipping.
Warning: Found unsupported expression 'D&!SCE|SCD&SCE' in pin attribute of cell 'sky130_fd_sc_hd__sdfstp_2' - skipping.
Warning: Found unsupported expression 'D&!SCE|SCD&SCE' in pin attribute of cell 'sky130_fd_sc_hd__sdfstp_4' - skipping.
Warning: Found unsupported expression 'D&!SCE|SCD&SCE' in pin attribute of cell 'sky130_fd_sc_hd__sdfxbp_1' - skipping.
Warning: Found unsupported expression 'D&!SCE|SCD&SCE' in pin attribute of cell 'sky130_fd_sc_hd__sdfxbp_2' - skipping.
Warning: Found unsupported expression 'D&!SCE|SCD&SCE' in pin attribute of cell 'sky130_fd_sc_hd__sdfxtp_1' - skipping.
Warning: Found unsupported expression 'D&!SCE|SCD&SCE' in pin attribute of cell 'sky130_fd_sc_hd__sdfxtp_2' - skipping.
Warning: Found unsupported expression 'D&!SCE|SCD&SCE' in pin attribute of cell 'sky130_fd_sc_hd__sdfxtp_4' - skipping.
Warning: Found unsupported expression 'D&DE&!SCE|IQ&!DE&!SCE|SCD&SCE' in pin attribute of cell 'sky130_fd_sc_hd__sedfxbp_1' - skipping.
Warning: Found unsupported expression 'D&DE&!SCE|IQ&!DE&!SCE|SCD&SCE' in pin attribute of cell 'sky130_fd_sc_hd__sedfxbp_2' - skipping.
Warning: Found unsupported expression 'D&DE&!SCE|IQ&!DE&!SCE|SCD&SCE' in pin attribute of cell 'sky130_fd_sc_hd__sedfxtp_1' - skipping.
Warning: Found unsupported expression 'D&DE&!SCE|IQ&!DE&!SCE|SCD&SCE' in pin attribute of cell 'sky130_fd_sc_hd__sedfxtp_2' - skipping.
Warning: Found unsupported expression 'D&DE&!SCE|IQ&!DE&!SCE|SCD&SCE' in pin attribute of cell 'sky130_fd_sc_hd__sedfxtp_4' - skipping.
  cell sky130_fd_sc_hd__dfstp_2 (noninv, pins=4, area=26.28) is a direct match for cell type $_DFF_PN1_.
Warning: Found unsupported expression 'D&DE|IQ&!DE' in pin attribute of cell 'sky130_fd_sc_hd__edfxbp_1' - skipping.
Warning: Found unsupported expression 'D&DE|IQ&!DE' in pin attribute of cell 'sky130_fd_sc_hd__edfxtp_1' - skipping.
Warning: Found unsupported expression 'D&!SCE|SCD&SCE' in pin attribute of cell 'sky130_fd_sc_hd__sdfbbp_1' - skipping.
Warning: Found unsupported expression 'D&!SCE|SCD&SCE' in pin attribute of cell 'sky130_fd_sc_hd__sdfrbp_1' - skipping.
Warning: Found unsupported expression 'D&!SCE|SCD&SCE' in pin attribute of cell 'sky130_fd_sc_hd__sdfrbp_2' - skipping.
Warning: Found unsupported expression 'D&!SCE|SCD&SCE' in pin attribute of cell 'sky130_fd_sc_hd__sdfrtp_1' - skipping.
Warning: Found unsupported expression 'D&!SCE|SCD&SCE' in pin attribute of cell 'sky130_fd_sc_hd__sdfrtp_2' - skipping.
Warning: Found unsupported expression 'D&!SCE|SCD&SCE' in pin attribute of cell 'sky130_fd_sc_hd__sdfrtp_4' - skipping.
Warning: Found unsupported expression 'D&!SCE|SCD&SCE' in pin attribute of cell 'sky130_fd_sc_hd__sdfsbp_1' - skipping.
Warning: Found unsupported expression 'D&!SCE|SCD&SCE' in pin attribute of cell 'sky130_fd_sc_hd__sdfsbp_2' - skipping.
Warning: Found unsupported expression 'D&!SCE|SCD&SCE' in pin attribute of cell 'sky130_fd_sc_hd__sdfstp_1' - skipping.
Warning: Found unsupported expression 'D&!SCE|SCD&SCE' in pin attribute of cell 'sky130_fd_sc_hd__sdfstp_2' - skipping.
Warning: Found unsupported expression 'D&!SCE|SCD&SCE' in pin attribute of cell 'sky130_fd_sc_hd__sdfstp_4' - skipping.
Warning: Found unsupported expression 'D&!SCE|SCD&SCE' in pin attribute of cell 'sky130_fd_sc_hd__sdfxbp_1' - skipping.
Warning: Found unsupported expression 'D&!SCE|SCD&SCE' in pin attribute of cell 'sky130_fd_sc_hd__sdfxbp_2' - skipping.
Warning: Found unsupported expression 'D&!SCE|SCD&SCE' in pin attribute of cell 'sky130_fd_sc_hd__sdfxtp_1' - skipping.
Warning: Found unsupported expression 'D&!SCE|SCD&SCE' in pin attribute of cell 'sky130_fd_sc_hd__sdfxtp_2' - skipping.
Warning: Found unsupported expression 'D&!SCE|SCD&SCE' in pin attribute of cell 'sky130_fd_sc_hd__sdfxtp_4' - skipping.
Warning: Found unsupported expression 'D&DE&!SCE|IQ&!DE&!SCE|SCD&SCE' in pin attribute of cell 'sky130_fd_sc_hd__sedfxbp_1' - skipping.
Warning: Found unsupported expression 'D&DE&!SCE|IQ&!DE&!SCE|SCD&SCE' in pin attribute of cell 'sky130_fd_sc_hd__sedfxbp_2' - skipping.
Warning: Found unsupported expression 'D&DE&!SCE|IQ&!DE&!SCE|SCD&SCE' in pin attribute of cell 'sky130_fd_sc_hd__sedfxtp_1' - skipping.
Warning: Found unsupported expression 'D&DE&!SCE|IQ&!DE&!SCE|SCD&SCE' in pin attribute of cell 'sky130_fd_sc_hd__sedfxtp_2' - skipping.
Warning: Found unsupported expression 'D&DE&!SCE|IQ&!DE&!SCE|SCD&SCE' in pin attribute of cell 'sky130_fd_sc_hd__sedfxtp_4' - skipping.
Warning: Found unsupported expression 'D&DE|IQ&!DE' in pin attribute of cell 'sky130_fd_sc_hd__edfxbp_1' - skipping.
Warning: Found unsupported expression 'D&DE|IQ&!DE' in pin attribute of cell 'sky130_fd_sc_hd__edfxtp_1' - skipping.
Warning: Found unsupported expression 'D&!SCE|SCD&SCE' in pin attribute of cell 'sky130_fd_sc_hd__sdfbbp_1' - skipping.
Warning: Found unsupported expression 'D&!SCE|SCD&SCE' in pin attribute of cell 'sky130_fd_sc_hd__sdfrbp_1' - skipping.
Warning: Found unsupported expression 'D&!SCE|SCD&SCE' in pin attribute of cell 'sky130_fd_sc_hd__sdfrbp_2' - skipping.
Warning: Found unsupported expression 'D&!SCE|SCD&SCE' in pin attribute of cell 'sky130_fd_sc_hd__sdfrtp_1' - skipping.
Warning: Found unsupported expression 'D&!SCE|SCD&SCE' in pin attribute of cell 'sky130_fd_sc_hd__sdfrtp_2' - skipping.
Warning: Found unsupported expression 'D&!SCE|SCD&SCE' in pin attribute of cell 'sky130_fd_sc_hd__sdfrtp_4' - skipping.
Warning: Found unsupported expression 'D&!SCE|SCD&SCE' in pin attribute of cell 'sky130_fd_sc_hd__sdfsbp_1' - skipping.
Warning: Found unsupported expression 'D&!SCE|SCD&SCE' in pin attribute of cell 'sky130_fd_sc_hd__sdfsbp_2' - skipping.
Warning: Found unsupported expression 'D&!SCE|SCD&SCE' in pin attribute of cell 'sky130_fd_sc_hd__sdfstp_1' - skipping.
Warning: Found unsupported expression 'D&!SCE|SCD&SCE' in pin attribute of cell 'sky130_fd_sc_hd__sdfstp_2' - skipping.
Warning: Found unsupported expression 'D&!SCE|SCD&SCE' in pin attribute of cell 'sky130_fd_sc_hd__sdfstp_4' - skipping.
Warning: Found unsupported expression 'D&!SCE|SCD&SCE' in pin attribute of cell 'sky130_fd_sc_hd__sdfxbp_1' - skipping.
Warning: Found unsupported expression 'D&!SCE|SCD&SCE' in pin attribute of cell 'sky130_fd_sc_hd__sdfxbp_2' - skipping.
Warning: Found unsupported expression 'D&!SCE|SCD&SCE' in pin attribute of cell 'sky130_fd_sc_hd__sdfxtp_1' - skipping.
Warning: Found unsupported expression 'D&!SCE|SCD&SCE' in pin attribute of cell 'sky130_fd_sc_hd__sdfxtp_2' - skipping.
Warning: Found unsupported expression 'D&!SCE|SCD&SCE' in pin attribute of cell 'sky130_fd_sc_hd__sdfxtp_4' - skipping.
Warning: Found unsupported expression 'D&DE&!SCE|IQ&!DE&!SCE|SCD&SCE' in pin attribute of cell 'sky130_fd_sc_hd__sedfxbp_1' - skipping.
Warning: Found unsupported expression 'D&DE&!SCE|IQ&!DE&!SCE|SCD&SCE' in pin attribute of cell 'sky130_fd_sc_hd__sedfxbp_2' - skipping.
Warning: Found unsupported expression 'D&DE&!SCE|IQ&!DE&!SCE|SCD&SCE' in pin attribute of cell 'sky130_fd_sc_hd__sedfxtp_1' - skipping.
Warning: Found unsupported expression 'D&DE&!SCE|IQ&!DE&!SCE|SCD&SCE' in pin attribute of cell 'sky130_fd_sc_hd__sedfxtp_2' - skipping.
Warning: Found unsupported expression 'D&DE&!SCE|IQ&!DE&!SCE|SCD&SCE' in pin attribute of cell 'sky130_fd_sc_hd__sedfxtp_4' - skipping.
Warning: Found unsupported expression 'D&!SCE|SCD&SCE' in pin attribute of cell 'sky130_fd_sc_hd__sdfbbn_1' - skipping.
Warning: Found unsupported expression 'D&!SCE|SCD&SCE' in pin attribute of cell 'sky130_fd_sc_hd__sdfbbn_2' - skipping.
Warning: Found unsupported expression 'D&!SCE|SCD&SCE' in pin attribute of cell 'sky130_fd_sc_hd__sdfrtn_1' - skipping.
  cell sky130_fd_sc_hd__dfbbn_1 (noninv, pins=6, area=32.53) is a direct match for cell type $_DFFSR_NNN_.
Warning: Found unsupported expression 'D&!SCE|SCD&SCE' in pin attribute of cell 'sky130_fd_sc_hd__sdfbbn_1' - skipping.
Warning: Found unsupported expression 'D&!SCE|SCD&SCE' in pin attribute of cell 'sky130_fd_sc_hd__sdfbbn_2' - skipping.
Warning: Found unsupported expression 'D&!SCE|SCD&SCE' in pin attribute of cell 'sky130_fd_sc_hd__sdfrtn_1' - skipping.
Warning: Found unsupported expression 'D&!SCE|SCD&SCE' in pin attribute of cell 'sky130_fd_sc_hd__sdfbbn_1' - skipping.
Warning: Found unsupported expression 'D&!SCE|SCD&SCE' in pin attribute of cell 'sky130_fd_sc_hd__sdfbbn_2' - skipping.
Warning: Found unsupported expression 'D&!SCE|SCD&SCE' in pin attribute of cell 'sky130_fd_sc_hd__sdfrtn_1' - skipping.
Warning: Found unsupported expression 'D&!SCE|SCD&SCE' in pin attribute of cell 'sky130_fd_sc_hd__sdfbbn_1' - skipping.
Warning: Found unsupported expression 'D&!SCE|SCD&SCE' in pin attribute of cell 'sky130_fd_sc_hd__sdfbbn_2' - skipping.
Warning: Found unsupported expression 'D&!SCE|SCD&SCE' in pin attribute of cell 'sky130_fd_sc_hd__sdfrtn_1' - skipping.
Warning: Found unsupported expression 'D&DE|IQ&!DE' in pin attribute of cell 'sky130_fd_sc_hd__edfxbp_1' - skipping.
Warning: Found unsupported expression 'D&DE|IQ&!DE' in pin attribute of cell 'sky130_fd_sc_hd__edfxtp_1' - skipping.
Warning: Found unsupported expression 'D&!SCE|SCD&SCE' in pin attribute of cell 'sky130_fd_sc_hd__sdfbbp_1' - skipping.
Warning: Found unsupported expression 'D&!SCE|SCD&SCE' in pin attribute of cell 'sky130_fd_sc_hd__sdfrbp_1' - skipping.
Warning: Found unsupported expression 'D&!SCE|SCD&SCE' in pin attribute of cell 'sky130_fd_sc_hd__sdfrbp_2' - skipping.
Warning: Found unsupported expression 'D&!SCE|SCD&SCE' in pin attribute of cell 'sky130_fd_sc_hd__sdfrtp_1' - skipping.
Warning: Found unsupported expression 'D&!SCE|SCD&SCE' in pin attribute of cell 'sky130_fd_sc_hd__sdfrtp_2' - skipping.
Warning: Found unsupported expression 'D&!SCE|SCD&SCE' in pin attribute of cell 'sky130_fd_sc_hd__sdfrtp_4' - skipping.
Warning: Found unsupported expression 'D&!SCE|SCD&SCE' in pin attribute of cell 'sky130_fd_sc_hd__sdfsbp_1' - skipping.
Warning: Found unsupported expression 'D&!SCE|SCD&SCE' in pin attribute of cell 'sky130_fd_sc_hd__sdfsbp_2' - skipping.
Warning: Found unsupported expression 'D&!SCE|SCD&SCE' in pin attribute of cell 'sky130_fd_sc_hd__sdfstp_1' - skipping.
Warning: Found unsupported expression 'D&!SCE|SCD&SCE' in pin attribute of cell 'sky130_fd_sc_hd__sdfstp_2' - skipping.
Warning: Found unsupported expression 'D&!SCE|SCD&SCE' in pin attribute of cell 'sky130_fd_sc_hd__sdfstp_4' - skipping.
Warning: Found unsupported expression 'D&!SCE|SCD&SCE' in pin attribute of cell 'sky130_fd_sc_hd__sdfxbp_1' - skipping.
Warning: Found unsupported expression 'D&!SCE|SCD&SCE' in pin attribute of cell 'sky130_fd_sc_hd__sdfxbp_2' - skipping.
Warning: Found unsupported expression 'D&!SCE|SCD&SCE' in pin attribute of cell 'sky130_fd_sc_hd__sdfxtp_1' - skipping.
Warning: Found unsupported expression 'D&!SCE|SCD&SCE' in pin attribute of cell 'sky130_fd_sc_hd__sdfxtp_2' - skipping.
Warning: Found unsupported expression 'D&!SCE|SCD&SCE' in pin attribute of cell 'sky130_fd_sc_hd__sdfxtp_4' - skipping.
Warning: Found unsupported expression 'D&DE&!SCE|IQ&!DE&!SCE|SCD&SCE' in pin attribute of cell 'sky130_fd_sc_hd__sedfxbp_1' - skipping.
Warning: Found unsupported expression 'D&DE&!SCE|IQ&!DE&!SCE|SCD&SCE' in pin attribute of cell 'sky130_fd_sc_hd__sedfxbp_2' - skipping.
Warning: Found unsupported expression 'D&DE&!SCE|IQ&!DE&!SCE|SCD&SCE' in pin attribute of cell 'sky130_fd_sc_hd__sedfxtp_1' - skipping.
Warning: Found unsupported expression 'D&DE&!SCE|IQ&!DE&!SCE|SCD&SCE' in pin attribute of cell 'sky130_fd_sc_hd__sedfxtp_2' - skipping.
Warning: Found unsupported expression 'D&DE&!SCE|IQ&!DE&!SCE|SCD&SCE' in pin attribute of cell 'sky130_fd_sc_hd__sedfxtp_4' - skipping.
  cell sky130_fd_sc_hd__dfbbp_1 (noninv, pins=6, area=32.53) is a direct match for cell type $_DFFSR_PNN_.
Warning: Found unsupported expression 'D&DE|IQ&!DE' in pin attribute of cell 'sky130_fd_sc_hd__edfxbp_1' - skipping.
Warning: Found unsupported expression 'D&DE|IQ&!DE' in pin attribute of cell 'sky130_fd_sc_hd__edfxtp_1' - skipping.
Warning: Found unsupported expression 'D&!SCE|SCD&SCE' in pin attribute of cell 'sky130_fd_sc_hd__sdfbbp_1' - skipping.
Warning: Found unsupported expression 'D&!SCE|SCD&SCE' in pin attribute of cell 'sky130_fd_sc_hd__sdfrbp_1' - skipping.
Warning: Found unsupported expression 'D&!SCE|SCD&SCE' in pin attribute of cell 'sky130_fd_sc_hd__sdfrbp_2' - skipping.
Warning: Found unsupported expression 'D&!SCE|SCD&SCE' in pin attribute of cell 'sky130_fd_sc_hd__sdfrtp_1' - skipping.
Warning: Found unsupported expression 'D&!SCE|SCD&SCE' in pin attribute of cell 'sky130_fd_sc_hd__sdfrtp_2' - skipping.
Warning: Found unsupported expression 'D&!SCE|SCD&SCE' in pin attribute of cell 'sky130_fd_sc_hd__sdfrtp_4' - skipping.
Warning: Found unsupported expression 'D&!SCE|SCD&SCE' in pin attribute of cell 'sky130_fd_sc_hd__sdfsbp_1' - skipping.
Warning: Found unsupported expression 'D&!SCE|SCD&SCE' in pin attribute of cell 'sky130_fd_sc_hd__sdfsbp_2' - skipping.
Warning: Found unsupported expression 'D&!SCE|SCD&SCE' in pin attribute of cell 'sky130_fd_sc_hd__sdfstp_1' - skipping.
Warning: Found unsupported expression 'D&!SCE|SCD&SCE' in pin attribute of cell 'sky130_fd_sc_hd__sdfstp_2' - skipping.
Warning: Found unsupported expression 'D&!SCE|SCD&SCE' in pin attribute of cell 'sky130_fd_sc_hd__sdfstp_4' - skipping.
Warning: Found unsupported expression 'D&!SCE|SCD&SCE' in pin attribute of cell 'sky130_fd_sc_hd__sdfxbp_1' - skipping.
Warning: Found unsupported expression 'D&!SCE|SCD&SCE' in pin attribute of cell 'sky130_fd_sc_hd__sdfxbp_2' - skipping.
Warning: Found unsupported expression 'D&!SCE|SCD&SCE' in pin attribute of cell 'sky130_fd_sc_hd__sdfxtp_1' - skipping.
Warning: Found unsupported expression 'D&!SCE|SCD&SCE' in pin attribute of cell 'sky130_fd_sc_hd__sdfxtp_2' - skipping.
Warning: Found unsupported expression 'D&!SCE|SCD&SCE' in pin attribute of cell 'sky130_fd_sc_hd__sdfxtp_4' - skipping.
Warning: Found unsupported expression 'D&DE&!SCE|IQ&!DE&!SCE|SCD&SCE' in pin attribute of cell 'sky130_fd_sc_hd__sedfxbp_1' - skipping.
Warning: Found unsupported expression 'D&DE&!SCE|IQ&!DE&!SCE|SCD&SCE' in pin attribute of cell 'sky130_fd_sc_hd__sedfxbp_2' - skipping.
Warning: Found unsupported expression 'D&DE&!SCE|IQ&!DE&!SCE|SCD&SCE' in pin attribute of cell 'sky130_fd_sc_hd__sedfxtp_1' - skipping.
Warning: Found unsupported expression 'D&DE&!SCE|IQ&!DE&!SCE|SCD&SCE' in pin attribute of cell 'sky130_fd_sc_hd__sedfxtp_2' - skipping.
Warning: Found unsupported expression 'D&DE&!SCE|IQ&!DE&!SCE|SCD&SCE' in pin attribute of cell 'sky130_fd_sc_hd__sedfxtp_4' - skipping.
Warning: Found unsupported expression 'D&DE|IQ&!DE' in pin attribute of cell 'sky130_fd_sc_hd__edfxbp_1' - skipping.
Warning: Found unsupported expression 'D&DE|IQ&!DE' in pin attribute of cell 'sky130_fd_sc_hd__edfxtp_1' - skipping.
Warning: Found unsupported expression 'D&!SCE|SCD&SCE' in pin attribute of cell 'sky130_fd_sc_hd__sdfbbp_1' - skipping.
Warning: Found unsupported expression 'D&!SCE|SCD&SCE' in pin attribute of cell 'sky130_fd_sc_hd__sdfrbp_1' - skipping.
Warning: Found unsupported expression 'D&!SCE|SCD&SCE' in pin attribute of cell 'sky130_fd_sc_hd__sdfrbp_2' - skipping.
Warning: Found unsupported expression 'D&!SCE|SCD&SCE' in pin attribute of cell 'sky130_fd_sc_hd__sdfrtp_1' - skipping.
Warning: Found unsupported expression 'D&!SCE|SCD&SCE' in pin attribute of cell 'sky130_fd_sc_hd__sdfrtp_2' - skipping.
Warning: Found unsupported expression 'D&!SCE|SCD&SCE' in pin attribute of cell 'sky130_fd_sc_hd__sdfrtp_4' - skipping.
Warning: Found unsupported expression 'D&!SCE|SCD&SCE' in pin attribute of cell 'sky130_fd_sc_hd__sdfsbp_1' - skipping.
Warning: Found unsupported expression 'D&!SCE|SCD&SCE' in pin attribute of cell 'sky130_fd_sc_hd__sdfsbp_2' - skipping.
Warning: Found unsupported expression 'D&!SCE|SCD&SCE' in pin attribute of cell 'sky130_fd_sc_hd__sdfstp_1' - skipping.
Warning: Found unsupported expression 'D&!SCE|SCD&SCE' in pin attribute of cell 'sky130_fd_sc_hd__sdfstp_2' - skipping.
Warning: Found unsupported expression 'D&!SCE|SCD&SCE' in pin attribute of cell 'sky130_fd_sc_hd__sdfstp_4' - skipping.
Warning: Found unsupported expression 'D&!SCE|SCD&SCE' in pin attribute of cell 'sky130_fd_sc_hd__sdfxbp_1' - skipping.
Warning: Found unsupported expression 'D&!SCE|SCD&SCE' in pin attribute of cell 'sky130_fd_sc_hd__sdfxbp_2' - skipping.
Warning: Found unsupported expression 'D&!SCE|SCD&SCE' in pin attribute of cell 'sky130_fd_sc_hd__sdfxtp_1' - skipping.
Warning: Found unsupported expression 'D&!SCE|SCD&SCE' in pin attribute of cell 'sky130_fd_sc_hd__sdfxtp_2' - skipping.
Warning: Found unsupported expression 'D&!SCE|SCD&SCE' in pin attribute of cell 'sky130_fd_sc_hd__sdfxtp_4' - skipping.
Warning: Found unsupported expression 'D&DE&!SCE|IQ&!DE&!SCE|SCD&SCE' in pin attribute of cell 'sky130_fd_sc_hd__sedfxbp_1' - skipping.
Warning: Found unsupported expression 'D&DE&!SCE|IQ&!DE&!SCE|SCD&SCE' in pin attribute of cell 'sky130_fd_sc_hd__sedfxbp_2' - skipping.
Warning: Found unsupported expression 'D&DE&!SCE|IQ&!DE&!SCE|SCD&SCE' in pin attribute of cell 'sky130_fd_sc_hd__sedfxtp_1' - skipping.
Warning: Found unsupported expression 'D&DE&!SCE|IQ&!DE&!SCE|SCD&SCE' in pin attribute of cell 'sky130_fd_sc_hd__sedfxtp_2' - skipping.
Warning: Found unsupported expression 'D&DE&!SCE|IQ&!DE&!SCE|SCD&SCE' in pin attribute of cell 'sky130_fd_sc_hd__sedfxtp_4' - skipping.
Warning: Found unsupported expression 'D&DE|IQ&!DE' in pin attribute of cell 'sky130_fd_sc_hd__edfxbp_1' - skipping.
Warning: Found unsupported expression 'D&DE|IQ&!DE' in pin attribute of cell 'sky130_fd_sc_hd__edfxtp_1' - skipping.
Warning: Found unsupported expression 'D&!SCE|SCD&SCE' in pin attribute of cell 'sky130_fd_sc_hd__sdfbbp_1' - skipping.
Warning: Found unsupported expression 'D&!SCE|SCD&SCE' in pin attribute of cell 'sky130_fd_sc_hd__sdfrbp_1' - skipping.
Warning: Found unsupported expression 'D&!SCE|SCD&SCE' in pin attribute of cell 'sky130_fd_sc_hd__sdfrbp_2' - skipping.
Warning: Found unsupported expression 'D&!SCE|SCD&SCE' in pin attribute of cell 'sky130_fd_sc_hd__sdfrtp_1' - skipping.
Warning: Found unsupported expression 'D&!SCE|SCD&SCE' in pin attribute of cell 'sky130_fd_sc_hd__sdfrtp_2' - skipping.
Warning: Found unsupported expression 'D&!SCE|SCD&SCE' in pin attribute of cell 'sky130_fd_sc_hd__sdfrtp_4' - skipping.
Warning: Found unsupported expression 'D&!SCE|SCD&SCE' in pin attribute of cell 'sky130_fd_sc_hd__sdfsbp_1' - skipping.
Warning: Found unsupported expression 'D&!SCE|SCD&SCE' in pin attribute of cell 'sky130_fd_sc_hd__sdfsbp_2' - skipping.
Warning: Found unsupported expression 'D&!SCE|SCD&SCE' in pin attribute of cell 'sky130_fd_sc_hd__sdfstp_1' - skipping.
Warning: Found unsupported expression 'D&!SCE|SCD&SCE' in pin attribute of cell 'sky130_fd_sc_hd__sdfstp_2' - skipping.
Warning: Found unsupported expression 'D&!SCE|SCD&SCE' in pin attribute of cell 'sky130_fd_sc_hd__sdfstp_4' - skipping.
Warning: Found unsupported expression 'D&!SCE|SCD&SCE' in pin attribute of cell 'sky130_fd_sc_hd__sdfxbp_1' - skipping.
Warning: Found unsupported expression 'D&!SCE|SCD&SCE' in pin attribute of cell 'sky130_fd_sc_hd__sdfxbp_2' - skipping.
Warning: Found unsupported expression 'D&!SCE|SCD&SCE' in pin attribute of cell 'sky130_fd_sc_hd__sdfxtp_1' - skipping.
Warning: Found unsupported expression 'D&!SCE|SCD&SCE' in pin attribute of cell 'sky130_fd_sc_hd__sdfxtp_2' - skipping.
Warning: Found unsupported expression 'D&!SCE|SCD&SCE' in pin attribute of cell 'sky130_fd_sc_hd__sdfxtp_4' - skipping.
Warning: Found unsupported expression 'D&DE&!SCE|IQ&!DE&!SCE|SCD&SCE' in pin attribute of cell 'sky130_fd_sc_hd__sedfxbp_1' - skipping.
Warning: Found unsupported expression 'D&DE&!SCE|IQ&!DE&!SCE|SCD&SCE' in pin attribute of cell 'sky130_fd_sc_hd__sedfxbp_2' - skipping.
Warning: Found unsupported expression 'D&DE&!SCE|IQ&!DE&!SCE|SCD&SCE' in pin attribute of cell 'sky130_fd_sc_hd__sedfxtp_1' - skipping.
Warning: Found unsupported expression 'D&DE&!SCE|IQ&!DE&!SCE|SCD&SCE' in pin attribute of cell 'sky130_fd_sc_hd__sedfxtp_2' - skipping.
Warning: Found unsupported expression 'D&DE&!SCE|IQ&!DE&!SCE|SCD&SCE' in pin attribute of cell 'sky130_fd_sc_hd__sedfxtp_4' - skipping.
  final dff cell mappings:
    unmapped dff cell: $_DFF_N_
    \sky130_fd_sc_hd__dfxtp_1 _DFF_P_ (.CLK( C), .D( D), .Q( Q));
    \sky130_fd_sc_hd__dfrtn_1 _DFF_NN0_ (.CLK_N( C), .D( D), .Q( Q), .RESET_B( R));
    unmapped dff cell: $_DFF_NN1_
    unmapped dff cell: $_DFF_NP0_
    unmapped dff cell: $_DFF_NP1_
    \sky130_fd_sc_hd__dfrtp_1 _DFF_PN0_ (.CLK( C), .D( D), .Q( Q), .RESET_B( R));
    \sky130_fd_sc_hd__dfstp_2 _DFF_PN1_ (.CLK( C), .D( D), .Q( Q), .SET_B( R));
    unmapped dff cell: $_DFF_PP0_
    unmapped dff cell: $_DFF_PP1_
    \sky130_fd_sc_hd__dfbbn_1 _DFFSR_NNN_ (.CLK_N( C), .D( D), .Q( Q), .Q_N(~Q), .RESET_B( R), .SET_B( S));
    unmapped dff cell: $_DFFSR_NNP_
    unmapped dff cell: $_DFFSR_NPN_
    unmapped dff cell: $_DFFSR_NPP_
    \sky130_fd_sc_hd__dfbbp_1 _DFFSR_PNN_ (.CLK( C), .D( D), .Q( Q), .Q_N(~Q), .RESET_B( R), .SET_B( S));
    unmapped dff cell: $_DFFSR_PNP_
    unmapped dff cell: $_DFFSR_PPN_
    unmapped dff cell: $_DFFSR_PPP_

17.1. Executing DFFLEGALIZE pass (convert FFs to types supported by the target).
Mapping DFF cells in module `$paramod$009f3b7c956d56e1321a15cdc68bac150250ca09\dma_fsm':
  mapped 123 $_DFF_PN0_ cells to \sky130_fd_sc_hd__dfrtp_1 cells.
Mapping DFF cells in module `$paramod$47ec64fb5209bcfd12d6b2912fd6c2f990b84ee3\dma_fifo':
  mapped 46 $_DFF_PN0_ cells to \sky130_fd_sc_hd__dfrtp_1 cells.
  mapped 512 $_DFF_P_ cells to \sky130_fd_sc_hd__dfxtp_1 cells.
Mapping DFF cells in module `$paramod$70bf19c0e5ac86e1fb69f77454d9b20d8e513e14\dma_csr':
  mapped 194 $_DFF_PN0_ cells to \sky130_fd_sc_hd__dfrtp_1 cells.
  mapped 2 $_DFF_PN1_ cells to \sky130_fd_sc_hd__dfstp_2 cells.
Mapping DFF cells in module `$paramod$c8bc0509aabc15b64a46d0e677e83bf79e882db8\dma_axi_master_rd':
  mapped 44 $_DFF_PN0_ cells to \sky130_fd_sc_hd__dfrtp_1 cells.
Mapping DFF cells in module `$paramod$c8bc0509aabc15b64a46d0e677e83bf79e882db8\dma_axi_master_wr':
  mapped 53 $_DFF_PN0_ cells to \sky130_fd_sc_hd__dfrtp_1 cells.
Mapping DFF cells in module `\dma_axi_top':

18. Executing ABC pass (technology mapping using ABC).

18.1. Extracting gate netlist of module `$paramod$009f3b7c956d56e1321a15cdc68bac150250ca09\dma_fsm' to `<abc-temp-dir>/input.blif'..
Extracted 1938 gates and 2184 wires to a netlist network with 243 inputs and 126 outputs.

18.1.1. Executing ABC.
Running ABC command: "<yosys-exe-dir>/yosys-abc" -s -f <abc-temp-dir>/abc.script 2>&1
ABC: ABC command line: "source <abc-temp-dir>/abc.script".
ABC: 
ABC: + read_blif <abc-temp-dir>/input.blif 
ABC: + read_lib -w /home/vinicius.silva/.ciel/ciel/sky130/versions/0fe599b2afb6708d281543108caf8310912f54af/sky130A/libs.ref/sky130_fd_sc_hd/lib/sky130_fd_sc_hd__tt_025C_1v80.lib 
ABC: Parsing finished successfully.  Parsing time =     0.12 sec
ABC: Scl_LibertyReadGenlib() skipped cell "sky130_fd_sc_hd__decap_12" without logic function.
ABC: Scl_LibertyReadGenlib() skipped cell "sky130_fd_sc_hd__decap_3" without logic function.
ABC: Scl_LibertyReadGenlib() skipped cell "sky130_fd_sc_hd__decap_4" without logic function.
ABC: Scl_LibertyReadGenlib() skipped cell "sky130_fd_sc_hd__decap_6" without logic function.
ABC: Scl_LibertyReadGenlib() skipped cell "sky130_fd_sc_hd__decap_8" without logic function.
ABC: Scl_LibertyReadGenlib() skipped sequential cell "sky130_fd_sc_hd__dfbbn_1".
ABC: Scl_LibertyReadGenlib() skipped sequential cell "sky130_fd_sc_hd__dfbbn_2".
ABC: Scl_LibertyReadGenlib() skipped sequential cell "sky130_fd_sc_hd__dfbbp_1".
ABC: Scl_LibertyReadGenlib() skipped sequential cell "sky130_fd_sc_hd__dfrbp_1".
ABC: Scl_LibertyReadGenlib() skipped sequential cell "sky130_fd_sc_hd__dfrbp_2".
ABC: Scl_LibertyReadGenlib() skipped sequential cell "sky130_fd_sc_hd__dfrtn_1".
ABC: Scl_LibertyReadGenlib() skipped sequential cell "sky130_fd_sc_hd__dfrtp_1".
ABC: Scl_LibertyReadGenlib() skipped sequential cell "sky130_fd_sc_hd__dfrtp_2".
ABC: Scl_LibertyReadGenlib() skipped sequential cell "sky130_fd_sc_hd__dfrtp_4".
ABC: Scl_LibertyReadGenlib() skipped sequential cell "sky130_fd_sc_hd__dfsbp_1".
ABC: Scl_LibertyReadGenlib() skipped sequential cell "sky130_fd_sc_hd__dfsbp_2".
ABC: Scl_LibertyReadGenlib() skipped sequential cell "sky130_fd_sc_hd__dfstp_1".
ABC: Scl_LibertyReadGenlib() skipped sequential cell "sky130_fd_sc_hd__dfstp_2".
ABC: Scl_LibertyReadGenlib() skipped sequential cell "sky130_fd_sc_hd__dfstp_4".
ABC: Scl_LibertyReadGenlib() skipped sequential cell "sky130_fd_sc_hd__dfxbp_1".
ABC: Scl_LibertyReadGenlib() skipped sequential cell "sky130_fd_sc_hd__dfxbp_2".
ABC: Scl_LibertyReadGenlib() skipped sequential cell "sky130_fd_sc_hd__dfxtp_1".
ABC: Scl_LibertyReadGenlib() skipped sequential cell "sky130_fd_sc_hd__dfxtp_2".
ABC: Scl_LibertyReadGenlib() skipped sequential cell "sky130_fd_sc_hd__dfxtp_4".
ABC: Scl_LibertyReadGenlib() skipped cell "sky130_fd_sc_hd__diode_2" without logic function.
ABC: Scl_LibertyReadGenlib() skipped cell "sky130_fd_sc_hd__dlclkp_1" without logic function.
ABC: Scl_LibertyReadGenlib() skipped cell "sky130_fd_sc_hd__dlclkp_2" without logic function.
ABC: Scl_LibertyReadGenlib() skipped cell "sky130_fd_sc_hd__dlclkp_4" without logic function.
ABC: Scl_LibertyReadGenlib() skipped sequential cell "sky130_fd_sc_hd__dlrbn_1".
ABC: Scl_LibertyReadGenlib() skipped sequential cell "sky130_fd_sc_hd__dlrbn_2".
ABC: Scl_LibertyReadGenlib() skipped sequential cell "sky130_fd_sc_hd__dlrbp_1".
ABC: Scl_LibertyReadGenlib() skipped sequential cell "sky130_fd_sc_hd__dlrbp_2".
ABC: Scl_LibertyReadGenlib() skipped sequential cell "sky130_fd_sc_hd__dlrtn_1".
ABC: Scl_LibertyReadGenlib() skipped sequential cell "sky130_fd_sc_hd__dlrtn_2".
ABC: Scl_LibertyReadGenlib() skipped sequential cell "sky130_fd_sc_hd__dlrtn_4".
ABC: Scl_LibertyReadGenlib() skipped sequential cell "sky130_fd_sc_hd__dlrtp_1".
ABC: Scl_LibertyReadGenlib() skipped sequential cell "sky130_fd_sc_hd__dlrtp_2".
ABC: Scl_LibertyReadGenlib() skipped sequential cell "sky130_fd_sc_hd__dlrtp_4".
ABC: Scl_LibertyReadGenlib() skipped sequential cell "sky130_fd_sc_hd__dlxbn_1".
ABC: Scl_LibertyReadGenlib() skipped sequential cell "sky130_fd_sc_hd__dlxbn_2".
ABC: Scl_LibertyReadGenlib() skipped sequential cell "sky130_fd_sc_hd__dlxbp_1".
ABC: Scl_LibertyReadGenlib() skipped sequential cell "sky130_fd_sc_hd__dlxtn_1".
ABC: Scl_LibertyReadGenlib() skipped sequential cell "sky130_fd_sc_hd__dlxtn_2".
ABC: Scl_LibertyReadGenlib() skipped sequential cell "sky130_fd_sc_hd__dlxtn_4".
ABC: Scl_LibertyReadGenlib() skipped sequential cell "sky130_fd_sc_hd__dlxtp_1".
ABC: Scl_LibertyReadGenlib() skipped three-state cell "sky130_fd_sc_hd__ebufn_1".
ABC: Scl_LibertyReadGenlib() skipped three-state cell "sky130_fd_sc_hd__ebufn_2".
ABC: Scl_LibertyReadGenlib() skipped three-state cell "sky130_fd_sc_hd__ebufn_4".
ABC: Scl_LibertyReadGenlib() skipped three-state cell "sky130_fd_sc_hd__ebufn_8".
ABC: Scl_LibertyReadGenlib() skipped sequential cell "sky130_fd_sc_hd__edfxbp_1".
ABC: Scl_LibertyReadGenlib() skipped sequential cell "sky130_fd_sc_hd__edfxtp_1".
ABC: Scl_LibertyReadGenlib() skipped three-state cell "sky130_fd_sc_hd__einvn_0".
ABC: Scl_LibertyReadGenlib() skipped three-state cell "sky130_fd_sc_hd__einvn_1".
ABC: Scl_LibertyReadGenlib() skipped three-state cell "sky130_fd_sc_hd__einvn_2".
ABC: Scl_LibertyReadGenlib() skipped three-state cell "sky130_fd_sc_hd__einvn_4".
ABC: Scl_LibertyReadGenlib() skipped three-state cell "sky130_fd_sc_hd__einvn_8".
ABC: Scl_LibertyReadGenlib() skipped three-state cell "sky130_fd_sc_hd__einvp_1".
ABC: Scl_LibertyReadGenlib() skipped three-state cell "sky130_fd_sc_hd__einvp_2".
ABC: Scl_LibertyReadGenlib() skipped three-state cell "sky130_fd_sc_hd__einvp_4".
ABC: Scl_LibertyReadGenlib() skipped three-state cell "sky130_fd_sc_hd__einvp_8".
ABC: Scl_LibertyReadGenlib() skipped cell "sky130_fd_sc_hd__lpflow_bleeder_1" without logic function.
ABC: Scl_LibertyReadGenlib() skipped cell "sky130_fd_sc_hd__lpflow_decapkapwr_12" without logic function.
ABC: Scl_LibertyReadGenlib() skipped cell "sky130_fd_sc_hd__lpflow_decapkapwr_3" without logic function.
ABC: Scl_LibertyReadGenlib() skipped cell "sky130_fd_sc_hd__lpflow_decapkapwr_4" without logic function.
ABC: Scl_LibertyReadGenlib() skipped cell "sky130_fd_sc_hd__lpflow_decapkapwr_6" without logic function.
ABC: Scl_LibertyReadGenlib() skipped cell "sky130_fd_sc_hd__lpflow_decapkapwr_8" without logic function.
ABC: Scl_LibertyReadGenlib() skipped sequential cell "sky130_fd_sc_hd__lpflow_inputisolatch_1".
ABC: Scl_LibertyReadGenlib() skipped sequential cell "sky130_fd_sc_hd__sdfbbn_1".
ABC: Scl_LibertyReadGenlib() skipped sequential cell "sky130_fd_sc_hd__sdfbbn_2".
ABC: Scl_LibertyReadGenlib() skipped sequential cell "sky130_fd_sc_hd__sdfbbp_1".
ABC: Scl_LibertyReadGenlib() skipped sequential cell "sky130_fd_sc_hd__sdfrbp_1".
ABC: Scl_LibertyReadGenlib() skipped sequential cell "sky130_fd_sc_hd__sdfrbp_2".
ABC: Scl_LibertyReadGenlib() skipped sequential cell "sky130_fd_sc_hd__sdfrtn_1".
ABC: Scl_LibertyReadGenlib() skipped sequential cell "sky130_fd_sc_hd__sdfrtp_1".
ABC: Scl_LibertyReadGenlib() skipped sequential cell "sky130_fd_sc_hd__sdfrtp_2".
ABC: Scl_LibertyReadGenlib() skipped sequential cell "sky130_fd_sc_hd__sdfrtp_4".
ABC: Scl_LibertyReadGenlib() skipped sequential cell "sky130_fd_sc_hd__sdfsbp_1".
ABC: Scl_LibertyReadGenlib() skipped sequential cell "sky130_fd_sc_hd__sdfsbp_2".
ABC: Scl_LibertyReadGenlib() skipped sequential cell "sky130_fd_sc_hd__sdfstp_1".
ABC: Scl_LibertyReadGenlib() skipped sequential cell "sky130_fd_sc_hd__sdfstp_2".
ABC: Scl_LibertyReadGenlib() skipped sequential cell "sky130_fd_sc_hd__sdfstp_4".
ABC: Scl_LibertyReadGenlib() skipped sequential cell "sky130_fd_sc_hd__sdfxbp_1".
ABC: Scl_LibertyReadGenlib() skipped sequential cell "sky130_fd_sc_hd__sdfxbp_2".
ABC: Scl_LibertyReadGenlib() skipped sequential cell "sky130_fd_sc_hd__sdfxtp_1".
ABC: Scl_LibertyReadGenlib() skipped sequential cell "sky130_fd_sc_hd__sdfxtp_2".
ABC: Scl_LibertyReadGenlib() skipped sequential cell "sky130_fd_sc_hd__sdfxtp_4".
ABC: Scl_LibertyReadGenlib() skipped cell "sky130_fd_sc_hd__sdlclkp_1" without logic function.
ABC: Scl_LibertyReadGenlib() skipped cell "sky130_fd_sc_hd__sdlclkp_2" without logic function.
ABC: Scl_LibertyReadGenlib() skipped cell "sky130_fd_sc_hd__sdlclkp_4" without logic function.
ABC: Scl_LibertyReadGenlib() skipped sequential cell "sky130_fd_sc_hd__sedfxbp_1".
ABC: Scl_LibertyReadGenlib() skipped sequential cell "sky130_fd_sc_hd__sedfxbp_2".
ABC: Scl_LibertyReadGenlib() skipped sequential cell "sky130_fd_sc_hd__sedfxtp_1".
ABC: Scl_LibertyReadGenlib() skipped sequential cell "sky130_fd_sc_hd__sedfxtp_2".
ABC: Scl_LibertyReadGenlib() skipped sequential cell "sky130_fd_sc_hd__sedfxtp_4".
ABC: Library "sky130_fd_sc_hd__tt_025C_1v80" from "/home/vinicius.silva/.ciel/ciel/sky130/versions/0fe599b2afb6708d281543108caf8310912f54af/sky130A/libs.ref/sky130_fd_sc_hd/lib/sky130_fd_sc_hd__tt_025C_1v80.lib" has 334 cells (94 skipped: 63 seq; 13 tri-state; 18 no func; 0 dont_use).  Time =     0.17 sec
ABC: Memory =   19.85 MB. Time =     0.17 sec
ABC: Warning: Detected 9 multi-output gates (for example, "sky130_fd_sc_hd__fa_1").
ABC: + strash 
ABC: + &get -n 
ABC: + &fraig -x 
ABC: + &put 
ABC: + scorr 
ABC: Warning: The network is combinational (run "fraig" or "fraig_sweep").
ABC: + dc2 
ABC: + dretime 
ABC: + strash 
ABC: + &get -n 
ABC: + &dch -f 
ABC: + &nf 
ABC: + &put 
ABC: + write_blif <abc-temp-dir>/output.blif 

18.1.2. Re-integrating ABC results.
ABC RESULTS:   sky130_fd_sc_hd__a221o_1 cells:        1
ABC RESULTS:   sky130_fd_sc_hd__a211oi_1 cells:        1
ABC RESULTS:   sky130_fd_sc_hd__o211a_1 cells:        1
ABC RESULTS:   sky130_fd_sc_hd__nor4b_1 cells:        1
ABC RESULTS:   sky130_fd_sc_hd__o2111ai_1 cells:        1
ABC RESULTS:   sky130_fd_sc_hd__mux2_1 cells:        1
ABC RESULTS:   sky130_fd_sc_hd__mux2i_1 cells:        6
ABC RESULTS:   sky130_fd_sc_hd__o41ai_1 cells:        2
ABC RESULTS:   sky130_fd_sc_hd__o211ai_1 cells:        2
ABC RESULTS:   sky130_fd_sc_hd__o31a_1 cells:        1
ABC RESULTS:   sky130_fd_sc_hd__nor2b_1 cells:        2
ABC RESULTS:   sky130_fd_sc_hd__a22o_1 cells:       14
ABC RESULTS:   sky130_fd_sc_hd__clkinv_1 cells:       25
ABC RESULTS:   sky130_fd_sc_hd__o22ai_1 cells:        5
ABC RESULTS:   sky130_fd_sc_hd__a32o_1 cells:        1
ABC RESULTS:   sky130_fd_sc_hd__xnor2_1 cells:       26
ABC RESULTS:   sky130_fd_sc_hd__xor2_1 cells:       32
ABC RESULTS:   sky130_fd_sc_hd__and2_0 cells:        4
ABC RESULTS:   sky130_fd_sc_hd__a2bb2oi_1 cells:        1
ABC RESULTS:   sky130_fd_sc_hd__a21o_1 cells:        3
ABC RESULTS:   sky130_fd_sc_hd__lpflow_inputiso1p_1 cells:        7
ABC RESULTS:   sky130_fd_sc_hd__and3_1 cells:        5
ABC RESULTS:   sky130_fd_sc_hd__and4_1 cells:        2
ABC RESULTS:   sky130_fd_sc_hd__lpflow_isobufsrc_1 cells:       16
ABC RESULTS:   sky130_fd_sc_hd__a22oi_1 cells:       45
ABC RESULTS:   sky130_fd_sc_hd__nand4_1 cells:       11
ABC RESULTS:   sky130_fd_sc_hd__nand2_1 cells:      159
ABC RESULTS:   sky130_fd_sc_hd__a21boi_0 cells:        5
ABC RESULTS:   sky130_fd_sc_hd__nand4b_1 cells:        3
ABC RESULTS:   sky130_fd_sc_hd__maj3_1 cells:       21
ABC RESULTS:   sky130_fd_sc_hd__nor3_1 cells:       26
ABC RESULTS:   sky130_fd_sc_hd__nor4_1 cells:       16
ABC RESULTS:   sky130_fd_sc_hd__a32oi_1 cells:        9
ABC RESULTS:   sky130_fd_sc_hd__or3_1 cells:        2
ABC RESULTS:   sky130_fd_sc_hd__o31ai_1 cells:        5
ABC RESULTS:   sky130_fd_sc_hd__nor3b_1 cells:        5
ABC RESULTS:   sky130_fd_sc_hd__nand2b_1 cells:       19
ABC RESULTS:   sky130_fd_sc_hd__a311oi_1 cells:        1
ABC RESULTS:   sky130_fd_sc_hd__nand3b_1 cells:        3
ABC RESULTS:   sky130_fd_sc_hd__o21bai_1 cells:        3
ABC RESULTS:   sky130_fd_sc_hd__a2111oi_0 cells:        3
ABC RESULTS:   sky130_fd_sc_hd__a21oi_1 cells:       98
ABC RESULTS:   sky130_fd_sc_hd__or4_1 cells:        5
ABC RESULTS:   sky130_fd_sc_hd__o21ai_0 cells:      160
ABC RESULTS:   sky130_fd_sc_hd__or4b_1 cells:        3
ABC RESULTS:   sky130_fd_sc_hd__nand3_1 cells:       21
ABC RESULTS:   sky130_fd_sc_hd__a31oi_1 cells:       12
ABC RESULTS:   sky130_fd_sc_hd__o21a_1 cells:        5
ABC RESULTS:   sky130_fd_sc_hd__nor2_1 cells:       60
ABC RESULTS:        internal signals:     1815
ABC RESULTS:           input signals:      243
ABC RESULTS:          output signals:      126
Removing temp directory.

18.2. Extracting gate netlist of module `$paramod$47ec64fb5209bcfd12d6b2912fd6c2f990b84ee3\dma_fifo' to `<abc-temp-dir>/input.blif'..
Extracted 1829 gates and 2424 wires to a netlist network with 593 inputs and 561 outputs.

18.2.1. Executing ABC.
Running ABC command: "<yosys-exe-dir>/yosys-abc" -s -f <abc-temp-dir>/abc.script 2>&1
ABC: ABC command line: "source <abc-temp-dir>/abc.script".
ABC: 
ABC: + read_blif <abc-temp-dir>/input.blif 
ABC: + read_lib -w /home/vinicius.silva/.ciel/ciel/sky130/versions/0fe599b2afb6708d281543108caf8310912f54af/sky130A/libs.ref/sky130_fd_sc_hd/lib/sky130_fd_sc_hd__tt_025C_1v80.lib 
ABC: Parsing finished successfully.  Parsing time =     0.12 sec
ABC: Scl_LibertyReadGenlib() skipped cell "sky130_fd_sc_hd__decap_12" without logic function.
ABC: Scl_LibertyReadGenlib() skipped cell "sky130_fd_sc_hd__decap_3" without logic function.
ABC: Scl_LibertyReadGenlib() skipped cell "sky130_fd_sc_hd__decap_4" without logic function.
ABC: Scl_LibertyReadGenlib() skipped cell "sky130_fd_sc_hd__decap_6" without logic function.
ABC: Scl_LibertyReadGenlib() skipped cell "sky130_fd_sc_hd__decap_8" without logic function.
ABC: Scl_LibertyReadGenlib() skipped sequential cell "sky130_fd_sc_hd__dfbbn_1".
ABC: Scl_LibertyReadGenlib() skipped sequential cell "sky130_fd_sc_hd__dfbbn_2".
ABC: Scl_LibertyReadGenlib() skipped sequential cell "sky130_fd_sc_hd__dfbbp_1".
ABC: Scl_LibertyReadGenlib() skipped sequential cell "sky130_fd_sc_hd__dfrbp_1".
ABC: Scl_LibertyReadGenlib() skipped sequential cell "sky130_fd_sc_hd__dfrbp_2".
ABC: Scl_LibertyReadGenlib() skipped sequential cell "sky130_fd_sc_hd__dfrtn_1".
ABC: Scl_LibertyReadGenlib() skipped sequential cell "sky130_fd_sc_hd__dfrtp_1".
ABC: Scl_LibertyReadGenlib() skipped sequential cell "sky130_fd_sc_hd__dfrtp_2".
ABC: Scl_LibertyReadGenlib() skipped sequential cell "sky130_fd_sc_hd__dfrtp_4".
ABC: Scl_LibertyReadGenlib() skipped sequential cell "sky130_fd_sc_hd__dfsbp_1".
ABC: Scl_LibertyReadGenlib() skipped sequential cell "sky130_fd_sc_hd__dfsbp_2".
ABC: Scl_LibertyReadGenlib() skipped sequential cell "sky130_fd_sc_hd__dfstp_1".
ABC: Scl_LibertyReadGenlib() skipped sequential cell "sky130_fd_sc_hd__dfstp_2".
ABC: Scl_LibertyReadGenlib() skipped sequential cell "sky130_fd_sc_hd__dfstp_4".
ABC: Scl_LibertyReadGenlib() skipped sequential cell "sky130_fd_sc_hd__dfxbp_1".
ABC: Scl_LibertyReadGenlib() skipped sequential cell "sky130_fd_sc_hd__dfxbp_2".
ABC: Scl_LibertyReadGenlib() skipped sequential cell "sky130_fd_sc_hd__dfxtp_1".
ABC: Scl_LibertyReadGenlib() skipped sequential cell "sky130_fd_sc_hd__dfxtp_2".
ABC: Scl_LibertyReadGenlib() skipped sequential cell "sky130_fd_sc_hd__dfxtp_4".
ABC: Scl_LibertyReadGenlib() skipped cell "sky130_fd_sc_hd__diode_2" without logic function.
ABC: Scl_LibertyReadGenlib() skipped cell "sky130_fd_sc_hd__dlclkp_1" without logic function.
ABC: Scl_LibertyReadGenlib() skipped cell "sky130_fd_sc_hd__dlclkp_2" without logic function.
ABC: Scl_LibertyReadGenlib() skipped cell "sky130_fd_sc_hd__dlclkp_4" without logic function.
ABC: Scl_LibertyReadGenlib() skipped sequential cell "sky130_fd_sc_hd__dlrbn_1".
ABC: Scl_LibertyReadGenlib() skipped sequential cell "sky130_fd_sc_hd__dlrbn_2".
ABC: Scl_LibertyReadGenlib() skipped sequential cell "sky130_fd_sc_hd__dlrbp_1".
ABC: Scl_LibertyReadGenlib() skipped sequential cell "sky130_fd_sc_hd__dlrbp_2".
ABC: Scl_LibertyReadGenlib() skipped sequential cell "sky130_fd_sc_hd__dlrtn_1".
ABC: Scl_LibertyReadGenlib() skipped sequential cell "sky130_fd_sc_hd__dlrtn_2".
ABC: Scl_LibertyReadGenlib() skipped sequential cell "sky130_fd_sc_hd__dlrtn_4".
ABC: Scl_LibertyReadGenlib() skipped sequential cell "sky130_fd_sc_hd__dlrtp_1".
ABC: Scl_LibertyReadGenlib() skipped sequential cell "sky130_fd_sc_hd__dlrtp_2".
ABC: Scl_LibertyReadGenlib() skipped sequential cell "sky130_fd_sc_hd__dlrtp_4".
ABC: Scl_LibertyReadGenlib() skipped sequential cell "sky130_fd_sc_hd__dlxbn_1".
ABC: Scl_LibertyReadGenlib() skipped sequential cell "sky130_fd_sc_hd__dlxbn_2".
ABC: Scl_LibertyReadGenlib() skipped sequential cell "sky130_fd_sc_hd__dlxbp_1".
ABC: Scl_LibertyReadGenlib() skipped sequential cell "sky130_fd_sc_hd__dlxtn_1".
ABC: Scl_LibertyReadGenlib() skipped sequential cell "sky130_fd_sc_hd__dlxtn_2".
ABC: Scl_LibertyReadGenlib() skipped sequential cell "sky130_fd_sc_hd__dlxtn_4".
ABC: Scl_LibertyReadGenlib() skipped sequential cell "sky130_fd_sc_hd__dlxtp_1".
ABC: Scl_LibertyReadGenlib() skipped three-state cell "sky130_fd_sc_hd__ebufn_1".
ABC: Scl_LibertyReadGenlib() skipped three-state cell "sky130_fd_sc_hd__ebufn_2".
ABC: Scl_LibertyReadGenlib() skipped three-state cell "sky130_fd_sc_hd__ebufn_4".
ABC: Scl_LibertyReadGenlib() skipped three-state cell "sky130_fd_sc_hd__ebufn_8".
ABC: Scl_LibertyReadGenlib() skipped sequential cell "sky130_fd_sc_hd__edfxbp_1".
ABC: Scl_LibertyReadGenlib() skipped sequential cell "sky130_fd_sc_hd__edfxtp_1".
ABC: Scl_LibertyReadGenlib() skipped three-state cell "sky130_fd_sc_hd__einvn_0".
ABC: Scl_LibertyReadGenlib() skipped three-state cell "sky130_fd_sc_hd__einvn_1".
ABC: Scl_LibertyReadGenlib() skipped three-state cell "sky130_fd_sc_hd__einvn_2".
ABC: Scl_LibertyReadGenlib() skipped three-state cell "sky130_fd_sc_hd__einvn_4".
ABC: Scl_LibertyReadGenlib() skipped three-state cell "sky130_fd_sc_hd__einvn_8".
ABC: Scl_LibertyReadGenlib() skipped three-state cell "sky130_fd_sc_hd__einvp_1".
ABC: Scl_LibertyReadGenlib() skipped three-state cell "sky130_fd_sc_hd__einvp_2".
ABC: Scl_LibertyReadGenlib() skipped three-state cell "sky130_fd_sc_hd__einvp_4".
ABC: Scl_LibertyReadGenlib() skipped three-state cell "sky130_fd_sc_hd__einvp_8".
ABC: Scl_LibertyReadGenlib() skipped cell "sky130_fd_sc_hd__lpflow_bleeder_1" without logic function.
ABC: Scl_LibertyReadGenlib() skipped cell "sky130_fd_sc_hd__lpflow_decapkapwr_12" without logic function.
ABC: Scl_LibertyReadGenlib() skipped cell "sky130_fd_sc_hd__lpflow_decapkapwr_3" without logic function.
ABC: Scl_LibertyReadGenlib() skipped cell "sky130_fd_sc_hd__lpflow_decapkapwr_4" without logic function.
ABC: Scl_LibertyReadGenlib() skipped cell "sky130_fd_sc_hd__lpflow_decapkapwr_6" without logic function.
ABC: Scl_LibertyReadGenlib() skipped cell "sky130_fd_sc_hd__lpflow_decapkapwr_8" without logic function.
ABC: Scl_LibertyReadGenlib() skipped sequential cell "sky130_fd_sc_hd__lpflow_inputisolatch_1".
ABC: Scl_LibertyReadGenlib() skipped sequential cell "sky130_fd_sc_hd__sdfbbn_1".
ABC: Scl_LibertyReadGenlib() skipped sequential cell "sky130_fd_sc_hd__sdfbbn_2".
ABC: Scl_LibertyReadGenlib() skipped sequential cell "sky130_fd_sc_hd__sdfbbp_1".
ABC: Scl_LibertyReadGenlib() skipped sequential cell "sky130_fd_sc_hd__sdfrbp_1".
ABC: Scl_LibertyReadGenlib() skipped sequential cell "sky130_fd_sc_hd__sdfrbp_2".
ABC: Scl_LibertyReadGenlib() skipped sequential cell "sky130_fd_sc_hd__sdfrtn_1".
ABC: Scl_LibertyReadGenlib() skipped sequential cell "sky130_fd_sc_hd__sdfrtp_1".
ABC: Scl_LibertyReadGenlib() skipped sequential cell "sky130_fd_sc_hd__sdfrtp_2".
ABC: Scl_LibertyReadGenlib() skipped sequential cell "sky130_fd_sc_hd__sdfrtp_4".
ABC: Scl_LibertyReadGenlib() skipped sequential cell "sky130_fd_sc_hd__sdfsbp_1".
ABC: Scl_LibertyReadGenlib() skipped sequential cell "sky130_fd_sc_hd__sdfsbp_2".
ABC: Scl_LibertyReadGenlib() skipped sequential cell "sky130_fd_sc_hd__sdfstp_1".
ABC: Scl_LibertyReadGenlib() skipped sequential cell "sky130_fd_sc_hd__sdfstp_2".
ABC: Scl_LibertyReadGenlib() skipped sequential cell "sky130_fd_sc_hd__sdfstp_4".
ABC: Scl_LibertyReadGenlib() skipped sequential cell "sky130_fd_sc_hd__sdfxbp_1".
ABC: Scl_LibertyReadGenlib() skipped sequential cell "sky130_fd_sc_hd__sdfxbp_2".
ABC: Scl_LibertyReadGenlib() skipped sequential cell "sky130_fd_sc_hd__sdfxtp_1".
ABC: Scl_LibertyReadGenlib() skipped sequential cell "sky130_fd_sc_hd__sdfxtp_2".
ABC: Scl_LibertyReadGenlib() skipped sequential cell "sky130_fd_sc_hd__sdfxtp_4".
ABC: Scl_LibertyReadGenlib() skipped cell "sky130_fd_sc_hd__sdlclkp_1" without logic function.
ABC: Scl_LibertyReadGenlib() skipped cell "sky130_fd_sc_hd__sdlclkp_2" without logic function.
ABC: Scl_LibertyReadGenlib() skipped cell "sky130_fd_sc_hd__sdlclkp_4" without logic function.
ABC: Scl_LibertyReadGenlib() skipped sequential cell "sky130_fd_sc_hd__sedfxbp_1".
ABC: Scl_LibertyReadGenlib() skipped sequential cell "sky130_fd_sc_hd__sedfxbp_2".
ABC: Scl_LibertyReadGenlib() skipped sequential cell "sky130_fd_sc_hd__sedfxtp_1".
ABC: Scl_LibertyReadGenlib() skipped sequential cell "sky130_fd_sc_hd__sedfxtp_2".
ABC: Scl_LibertyReadGenlib() skipped sequential cell "sky130_fd_sc_hd__sedfxtp_4".
ABC: Library "sky130_fd_sc_hd__tt_025C_1v80" from "/home/vinicius.silva/.ciel/ciel/sky130/versions/0fe599b2afb6708d281543108caf8310912f54af/sky130A/libs.ref/sky130_fd_sc_hd/lib/sky130_fd_sc_hd__tt_025C_1v80.lib" has 334 cells (94 skipped: 63 seq; 13 tri-state; 18 no func; 0 dont_use).  Time =     0.17 sec
ABC: Memory =   19.85 MB. Time =     0.17 sec
ABC: Warning: Detected 9 multi-output gates (for example, "sky130_fd_sc_hd__fa_1").
ABC: + strash 
ABC: + &get -n 
ABC: + &fraig -x 
ABC: + &put 
ABC: + scorr 
ABC: Warning: The network is combinational (run "fraig" or "fraig_sweep").
ABC: + dc2 
ABC: + dretime 
ABC: + strash 
ABC: + &get -n 
ABC: + &dch -f 
ABC: + &nf 
ABC: + &put 
ABC: + write_blif <abc-temp-dir>/output.blif 

18.2.2. Re-integrating ABC results.
ABC RESULTS:   sky130_fd_sc_hd__or4_1 cells:        1
ABC RESULTS:   sky130_fd_sc_hd__a22o_1 cells:        1
ABC RESULTS:   sky130_fd_sc_hd__lpflow_isobufsrc_1 cells:        2
ABC RESULTS:   sky130_fd_sc_hd__and4_1 cells:        1
ABC RESULTS:   sky130_fd_sc_hd__a31oi_1 cells:        2
ABC RESULTS:   sky130_fd_sc_hd__a211o_1 cells:        1
ABC RESULTS:   sky130_fd_sc_hd__clkinv_1 cells:       37
ABC RESULTS:   sky130_fd_sc_hd__a21boi_0 cells:        1
ABC RESULTS:   sky130_fd_sc_hd__and3b_1 cells:        1
ABC RESULTS:   sky130_fd_sc_hd__nand3_1 cells:        3
ABC RESULTS:   sky130_fd_sc_hd__and3_1 cells:        3
ABC RESULTS:   sky130_fd_sc_hd__and2_0 cells:        2
ABC RESULTS:   sky130_fd_sc_hd__o21ai_0 cells:        1
ABC RESULTS:   sky130_fd_sc_hd__o21bai_1 cells:        1
ABC RESULTS:   sky130_fd_sc_hd__a31o_1 cells:        1
ABC RESULTS:   sky130_fd_sc_hd__o31ai_1 cells:        1
ABC RESULTS:   sky130_fd_sc_hd__a21oi_1 cells:        5
ABC RESULTS:   sky130_fd_sc_hd__o32ai_1 cells:        1
ABC RESULTS:   sky130_fd_sc_hd__xnor2_1 cells:        6
ABC RESULTS:   sky130_fd_sc_hd__xor2_1 cells:        2
ABC RESULTS:   sky130_fd_sc_hd__a221o_1 cells:        2
ABC RESULTS:   sky130_fd_sc_hd__or4b_1 cells:        1
ABC RESULTS:   sky130_fd_sc_hd__o31a_1 cells:        1
ABC RESULTS:   sky130_fd_sc_hd__a22oi_1 cells:      160
ABC RESULTS:   sky130_fd_sc_hd__a222oi_1 cells:       64
ABC RESULTS:   sky130_fd_sc_hd__nand4_1 cells:       65
ABC RESULTS:   sky130_fd_sc_hd__o22ai_1 cells:       33
ABC RESULTS:   sky130_fd_sc_hd__mux2i_1 cells:       32
ABC RESULTS:   sky130_fd_sc_hd__a21o_1 cells:        3
ABC RESULTS:   sky130_fd_sc_hd__or3_1 cells:        3
ABC RESULTS:   sky130_fd_sc_hd__nor4_1 cells:       20
ABC RESULTS:   sky130_fd_sc_hd__nor3b_1 cells:        1
ABC RESULTS:   sky130_fd_sc_hd__nand2b_1 cells:        3
ABC RESULTS:   sky130_fd_sc_hd__nand2_1 cells:        9
ABC RESULTS:   sky130_fd_sc_hd__nor2_1 cells:       14
ABC RESULTS:   sky130_fd_sc_hd__nor3_1 cells:        8
ABC RESULTS:   sky130_fd_sc_hd__mux2_1 cells:      512
ABC RESULTS:        internal signals:     1270
ABC RESULTS:           input signals:      593
ABC RESULTS:          output signals:      561
Removing temp directory.

18.3. Extracting gate netlist of module `$paramod$70bf19c0e5ac86e1fb69f77454d9b20d8e513e14\dma_csr' to `<abc-temp-dir>/input.blif'..
Extracted 668 gates and 926 wires to a netlist network with 255 inputs and 200 outputs.

18.3.1. Executing ABC.
Running ABC command: "<yosys-exe-dir>/yosys-abc" -s -f <abc-temp-dir>/abc.script 2>&1
ABC: ABC command line: "source <abc-temp-dir>/abc.script".
ABC: 
ABC: + read_blif <abc-temp-dir>/input.blif 
ABC: + read_lib -w /home/vinicius.silva/.ciel/ciel/sky130/versions/0fe599b2afb6708d281543108caf8310912f54af/sky130A/libs.ref/sky130_fd_sc_hd/lib/sky130_fd_sc_hd__tt_025C_1v80.lib 
ABC: Parsing finished successfully.  Parsing time =     0.12 sec
ABC: Scl_LibertyReadGenlib() skipped cell "sky130_fd_sc_hd__decap_12" without logic function.
ABC: Scl_LibertyReadGenlib() skipped cell "sky130_fd_sc_hd__decap_3" without logic function.
ABC: Scl_LibertyReadGenlib() skipped cell "sky130_fd_sc_hd__decap_4" without logic function.
ABC: Scl_LibertyReadGenlib() skipped cell "sky130_fd_sc_hd__decap_6" without logic function.
ABC: Scl_LibertyReadGenlib() skipped cell "sky130_fd_sc_hd__decap_8" without logic function.
ABC: Scl_LibertyReadGenlib() skipped sequential cell "sky130_fd_sc_hd__dfbbn_1".
ABC: Scl_LibertyReadGenlib() skipped sequential cell "sky130_fd_sc_hd__dfbbn_2".
ABC: Scl_LibertyReadGenlib() skipped sequential cell "sky130_fd_sc_hd__dfbbp_1".
ABC: Scl_LibertyReadGenlib() skipped sequential cell "sky130_fd_sc_hd__dfrbp_1".
ABC: Scl_LibertyReadGenlib() skipped sequential cell "sky130_fd_sc_hd__dfrbp_2".
ABC: Scl_LibertyReadGenlib() skipped sequential cell "sky130_fd_sc_hd__dfrtn_1".
ABC: Scl_LibertyReadGenlib() skipped sequential cell "sky130_fd_sc_hd__dfrtp_1".
ABC: Scl_LibertyReadGenlib() skipped sequential cell "sky130_fd_sc_hd__dfrtp_2".
ABC: Scl_LibertyReadGenlib() skipped sequential cell "sky130_fd_sc_hd__dfrtp_4".
ABC: Scl_LibertyReadGenlib() skipped sequential cell "sky130_fd_sc_hd__dfsbp_1".
ABC: Scl_LibertyReadGenlib() skipped sequential cell "sky130_fd_sc_hd__dfsbp_2".
ABC: Scl_LibertyReadGenlib() skipped sequential cell "sky130_fd_sc_hd__dfstp_1".
ABC: Scl_LibertyReadGenlib() skipped sequential cell "sky130_fd_sc_hd__dfstp_2".
ABC: Scl_LibertyReadGenlib() skipped sequential cell "sky130_fd_sc_hd__dfstp_4".
ABC: Scl_LibertyReadGenlib() skipped sequential cell "sky130_fd_sc_hd__dfxbp_1".
ABC: Scl_LibertyReadGenlib() skipped sequential cell "sky130_fd_sc_hd__dfxbp_2".
ABC: Scl_LibertyReadGenlib() skipped sequential cell "sky130_fd_sc_hd__dfxtp_1".
ABC: Scl_LibertyReadGenlib() skipped sequential cell "sky130_fd_sc_hd__dfxtp_2".
ABC: Scl_LibertyReadGenlib() skipped sequential cell "sky130_fd_sc_hd__dfxtp_4".
ABC: Scl_LibertyReadGenlib() skipped cell "sky130_fd_sc_hd__diode_2" without logic function.
ABC: Scl_LibertyReadGenlib() skipped cell "sky130_fd_sc_hd__dlclkp_1" without logic function.
ABC: Scl_LibertyReadGenlib() skipped cell "sky130_fd_sc_hd__dlclkp_2" without logic function.
ABC: Scl_LibertyReadGenlib() skipped cell "sky130_fd_sc_hd__dlclkp_4" without logic function.
ABC: Scl_LibertyReadGenlib() skipped sequential cell "sky130_fd_sc_hd__dlrbn_1".
ABC: Scl_LibertyReadGenlib() skipped sequential cell "sky130_fd_sc_hd__dlrbn_2".
ABC: Scl_LibertyReadGenlib() skipped sequential cell "sky130_fd_sc_hd__dlrbp_1".
ABC: Scl_LibertyReadGenlib() skipped sequential cell "sky130_fd_sc_hd__dlrbp_2".
ABC: Scl_LibertyReadGenlib() skipped sequential cell "sky130_fd_sc_hd__dlrtn_1".
ABC: Scl_LibertyReadGenlib() skipped sequential cell "sky130_fd_sc_hd__dlrtn_2".
ABC: Scl_LibertyReadGenlib() skipped sequential cell "sky130_fd_sc_hd__dlrtn_4".
ABC: Scl_LibertyReadGenlib() skipped sequential cell "sky130_fd_sc_hd__dlrtp_1".
ABC: Scl_LibertyReadGenlib() skipped sequential cell "sky130_fd_sc_hd__dlrtp_2".
ABC: Scl_LibertyReadGenlib() skipped sequential cell "sky130_fd_sc_hd__dlrtp_4".
ABC: Scl_LibertyReadGenlib() skipped sequential cell "sky130_fd_sc_hd__dlxbn_1".
ABC: Scl_LibertyReadGenlib() skipped sequential cell "sky130_fd_sc_hd__dlxbn_2".
ABC: Scl_LibertyReadGenlib() skipped sequential cell "sky130_fd_sc_hd__dlxbp_1".
ABC: Scl_LibertyReadGenlib() skipped sequential cell "sky130_fd_sc_hd__dlxtn_1".
ABC: Scl_LibertyReadGenlib() skipped sequential cell "sky130_fd_sc_hd__dlxtn_2".
ABC: Scl_LibertyReadGenlib() skipped sequential cell "sky130_fd_sc_hd__dlxtn_4".
ABC: Scl_LibertyReadGenlib() skipped sequential cell "sky130_fd_sc_hd__dlxtp_1".
ABC: Scl_LibertyReadGenlib() skipped three-state cell "sky130_fd_sc_hd__ebufn_1".
ABC: Scl_LibertyReadGenlib() skipped three-state cell "sky130_fd_sc_hd__ebufn_2".
ABC: Scl_LibertyReadGenlib() skipped three-state cell "sky130_fd_sc_hd__ebufn_4".
ABC: Scl_LibertyReadGenlib() skipped three-state cell "sky130_fd_sc_hd__ebufn_8".
ABC: Scl_LibertyReadGenlib() skipped sequential cell "sky130_fd_sc_hd__edfxbp_1".
ABC: Scl_LibertyReadGenlib() skipped sequential cell "sky130_fd_sc_hd__edfxtp_1".
ABC: Scl_LibertyReadGenlib() skipped three-state cell "sky130_fd_sc_hd__einvn_0".
ABC: Scl_LibertyReadGenlib() skipped three-state cell "sky130_fd_sc_hd__einvn_1".
ABC: Scl_LibertyReadGenlib() skipped three-state cell "sky130_fd_sc_hd__einvn_2".
ABC: Scl_LibertyReadGenlib() skipped three-state cell "sky130_fd_sc_hd__einvn_4".
ABC: Scl_LibertyReadGenlib() skipped three-state cell "sky130_fd_sc_hd__einvn_8".
ABC: Scl_LibertyReadGenlib() skipped three-state cell "sky130_fd_sc_hd__einvp_1".
ABC: Scl_LibertyReadGenlib() skipped three-state cell "sky130_fd_sc_hd__einvp_2".
ABC: Scl_LibertyReadGenlib() skipped three-state cell "sky130_fd_sc_hd__einvp_4".
ABC: Scl_LibertyReadGenlib() skipped three-state cell "sky130_fd_sc_hd__einvp_8".
ABC: Scl_LibertyReadGenlib() skipped cell "sky130_fd_sc_hd__lpflow_bleeder_1" without logic function.
ABC: Scl_LibertyReadGenlib() skipped cell "sky130_fd_sc_hd__lpflow_decapkapwr_12" without logic function.
ABC: Scl_LibertyReadGenlib() skipped cell "sky130_fd_sc_hd__lpflow_decapkapwr_3" without logic function.
ABC: Scl_LibertyReadGenlib() skipped cell "sky130_fd_sc_hd__lpflow_decapkapwr_4" without logic function.
ABC: Scl_LibertyReadGenlib() skipped cell "sky130_fd_sc_hd__lpflow_decapkapwr_6" without logic function.
ABC: Scl_LibertyReadGenlib() skipped cell "sky130_fd_sc_hd__lpflow_decapkapwr_8" without logic function.
ABC: Scl_LibertyReadGenlib() skipped sequential cell "sky130_fd_sc_hd__lpflow_inputisolatch_1".
ABC: Scl_LibertyReadGenlib() skipped sequential cell "sky130_fd_sc_hd__sdfbbn_1".
ABC: Scl_LibertyReadGenlib() skipped sequential cell "sky130_fd_sc_hd__sdfbbn_2".
ABC: Scl_LibertyReadGenlib() skipped sequential cell "sky130_fd_sc_hd__sdfbbp_1".
ABC: Scl_LibertyReadGenlib() skipped sequential cell "sky130_fd_sc_hd__sdfrbp_1".
ABC: Scl_LibertyReadGenlib() skipped sequential cell "sky130_fd_sc_hd__sdfrbp_2".
ABC: Scl_LibertyReadGenlib() skipped sequential cell "sky130_fd_sc_hd__sdfrtn_1".
ABC: Scl_LibertyReadGenlib() skipped sequential cell "sky130_fd_sc_hd__sdfrtp_1".
ABC: Scl_LibertyReadGenlib() skipped sequential cell "sky130_fd_sc_hd__sdfrtp_2".
ABC: Scl_LibertyReadGenlib() skipped sequential cell "sky130_fd_sc_hd__sdfrtp_4".
ABC: Scl_LibertyReadGenlib() skipped sequential cell "sky130_fd_sc_hd__sdfsbp_1".
ABC: Scl_LibertyReadGenlib() skipped sequential cell "sky130_fd_sc_hd__sdfsbp_2".
ABC: Scl_LibertyReadGenlib() skipped sequential cell "sky130_fd_sc_hd__sdfstp_1".
ABC: Scl_LibertyReadGenlib() skipped sequential cell "sky130_fd_sc_hd__sdfstp_2".
ABC: Scl_LibertyReadGenlib() skipped sequential cell "sky130_fd_sc_hd__sdfstp_4".
ABC: Scl_LibertyReadGenlib() skipped sequential cell "sky130_fd_sc_hd__sdfxbp_1".
ABC: Scl_LibertyReadGenlib() skipped sequential cell "sky130_fd_sc_hd__sdfxbp_2".
ABC: Scl_LibertyReadGenlib() skipped sequential cell "sky130_fd_sc_hd__sdfxtp_1".
ABC: Scl_LibertyReadGenlib() skipped sequential cell "sky130_fd_sc_hd__sdfxtp_2".
ABC: Scl_LibertyReadGenlib() skipped sequential cell "sky130_fd_sc_hd__sdfxtp_4".
ABC: Scl_LibertyReadGenlib() skipped cell "sky130_fd_sc_hd__sdlclkp_1" without logic function.
ABC: Scl_LibertyReadGenlib() skipped cell "sky130_fd_sc_hd__sdlclkp_2" without logic function.
ABC: Scl_LibertyReadGenlib() skipped cell "sky130_fd_sc_hd__sdlclkp_4" without logic function.
ABC: Scl_LibertyReadGenlib() skipped sequential cell "sky130_fd_sc_hd__sedfxbp_1".
ABC: Scl_LibertyReadGenlib() skipped sequential cell "sky130_fd_sc_hd__sedfxbp_2".
ABC: Scl_LibertyReadGenlib() skipped sequential cell "sky130_fd_sc_hd__sedfxtp_1".
ABC: Scl_LibertyReadGenlib() skipped sequential cell "sky130_fd_sc_hd__sedfxtp_2".
ABC: Scl_LibertyReadGenlib() skipped sequential cell "sky130_fd_sc_hd__sedfxtp_4".
ABC: Library "sky130_fd_sc_hd__tt_025C_1v80" from "/home/vinicius.silva/.ciel/ciel/sky130/versions/0fe599b2afb6708d281543108caf8310912f54af/sky130A/libs.ref/sky130_fd_sc_hd/lib/sky130_fd_sc_hd__tt_025C_1v80.lib" has 334 cells (94 skipped: 63 seq; 13 tri-state; 18 no func; 0 dont_use).  Time =     0.17 sec
ABC: Memory =   19.85 MB. Time =     0.17 sec
ABC: Warning: Detected 9 multi-output gates (for example, "sky130_fd_sc_hd__fa_1").
ABC: + strash 
ABC: + &get -n 
ABC: + &fraig -x 
ABC: + &put 
ABC: + scorr 
ABC: Warning: The network is combinational (run "fraig" or "fraig_sweep").
ABC: + dc2 
ABC: + dretime 
ABC: + strash 
ABC: + &get -n 
ABC: + &dch -f 
ABC: + &nf 
ABC: + &put 
ABC: + write_blif <abc-temp-dir>/output.blif 

18.3.2. Re-integrating ABC results.
ABC RESULTS:   sky130_fd_sc_hd__clkinv_1 cells:        2
ABC RESULTS:   sky130_fd_sc_hd__nor3_1 cells:        1
ABC RESULTS:   sky130_fd_sc_hd__and3b_1 cells:        1
ABC RESULTS:   sky130_fd_sc_hd__a32oi_1 cells:        1
ABC RESULTS:   sky130_fd_sc_hd__nor4_1 cells:        3
ABC RESULTS:   sky130_fd_sc_hd__and4_1 cells:        1
ABC RESULTS:   sky130_fd_sc_hd__a222oi_1 cells:       30
ABC RESULTS:   sky130_fd_sc_hd__nor4b_1 cells:        4
ABC RESULTS:   sky130_fd_sc_hd__nand3_1 cells:       12
ABC RESULTS:   sky130_fd_sc_hd__and2_0 cells:        5
ABC RESULTS:   sky130_fd_sc_hd__and3_1 cells:        6
ABC RESULTS:   sky130_fd_sc_hd__and4b_1 cells:        3
ABC RESULTS:   sky130_fd_sc_hd__a22oi_1 cells:        4
ABC RESULTS:   sky130_fd_sc_hd__a2111oi_0 cells:        1
ABC RESULTS:   sky130_fd_sc_hd__mux2_1 cells:      150
ABC RESULTS:   sky130_fd_sc_hd__o21a_1 cells:        1
ABC RESULTS:   sky130_fd_sc_hd__lpflow_isobufsrc_1 cells:        2
ABC RESULTS:   sky130_fd_sc_hd__nor4bb_1 cells:        2
ABC RESULTS:   sky130_fd_sc_hd__nand2_1 cells:       32
ABC RESULTS:   sky130_fd_sc_hd__o21ai_0 cells:       27
ABC RESULTS:   sky130_fd_sc_hd__or4b_1 cells:        1
ABC RESULTS:   sky130_fd_sc_hd__lpflow_inputiso1p_1 cells:        1
ABC RESULTS:   sky130_fd_sc_hd__nand4_1 cells:        2
ABC RESULTS:   sky130_fd_sc_hd__a31oi_1 cells:        5
ABC RESULTS:   sky130_fd_sc_hd__a21o_1 cells:        7
ABC RESULTS:   sky130_fd_sc_hd__mux2i_1 cells:        3
ABC RESULTS:   sky130_fd_sc_hd__a21oi_1 cells:       14
ABC RESULTS:   sky130_fd_sc_hd__a211oi_1 cells:        2
ABC RESULTS:   sky130_fd_sc_hd__nor2_1 cells:       19
ABC RESULTS:        internal signals:      471
ABC RESULTS:           input signals:      255
ABC RESULTS:          output signals:      200
Removing temp directory.

18.4. Extracting gate netlist of module `$paramod$c8bc0509aabc15b64a46d0e677e83bf79e882db8\dma_axi_master_rd' to `<abc-temp-dir>/input.blif'..
Extracted 86 gates and 179 wires to a netlist network with 90 inputs and 49 outputs.

18.4.1. Executing ABC.
Running ABC command: "<yosys-exe-dir>/yosys-abc" -s -f <abc-temp-dir>/abc.script 2>&1
ABC: ABC command line: "source <abc-temp-dir>/abc.script".
ABC: 
ABC: + read_blif <abc-temp-dir>/input.blif 
ABC: + read_lib -w /home/vinicius.silva/.ciel/ciel/sky130/versions/0fe599b2afb6708d281543108caf8310912f54af/sky130A/libs.ref/sky130_fd_sc_hd/lib/sky130_fd_sc_hd__tt_025C_1v80.lib 
ABC: Parsing finished successfully.  Parsing time =     0.11 sec
ABC: Scl_LibertyReadGenlib() skipped cell "sky130_fd_sc_hd__decap_12" without logic function.
ABC: Scl_LibertyReadGenlib() skipped cell "sky130_fd_sc_hd__decap_3" without logic function.
ABC: Scl_LibertyReadGenlib() skipped cell "sky130_fd_sc_hd__decap_4" without logic function.
ABC: Scl_LibertyReadGenlib() skipped cell "sky130_fd_sc_hd__decap_6" without logic function.
ABC: Scl_LibertyReadGenlib() skipped cell "sky130_fd_sc_hd__decap_8" without logic function.
ABC: Scl_LibertyReadGenlib() skipped sequential cell "sky130_fd_sc_hd__dfbbn_1".
ABC: Scl_LibertyReadGenlib() skipped sequential cell "sky130_fd_sc_hd__dfbbn_2".
ABC: Scl_LibertyReadGenlib() skipped sequential cell "sky130_fd_sc_hd__dfbbp_1".
ABC: Scl_LibertyReadGenlib() skipped sequential cell "sky130_fd_sc_hd__dfrbp_1".
ABC: Scl_LibertyReadGenlib() skipped sequential cell "sky130_fd_sc_hd__dfrbp_2".
ABC: Scl_LibertyReadGenlib() skipped sequential cell "sky130_fd_sc_hd__dfrtn_1".
ABC: Scl_LibertyReadGenlib() skipped sequential cell "sky130_fd_sc_hd__dfrtp_1".
ABC: Scl_LibertyReadGenlib() skipped sequential cell "sky130_fd_sc_hd__dfrtp_2".
ABC: Scl_LibertyReadGenlib() skipped sequential cell "sky130_fd_sc_hd__dfrtp_4".
ABC: Scl_LibertyReadGenlib() skipped sequential cell "sky130_fd_sc_hd__dfsbp_1".
ABC: Scl_LibertyReadGenlib() skipped sequential cell "sky130_fd_sc_hd__dfsbp_2".
ABC: Scl_LibertyReadGenlib() skipped sequential cell "sky130_fd_sc_hd__dfstp_1".
ABC: Scl_LibertyReadGenlib() skipped sequential cell "sky130_fd_sc_hd__dfstp_2".
ABC: Scl_LibertyReadGenlib() skipped sequential cell "sky130_fd_sc_hd__dfstp_4".
ABC: Scl_LibertyReadGenlib() skipped sequential cell "sky130_fd_sc_hd__dfxbp_1".
ABC: Scl_LibertyReadGenlib() skipped sequential cell "sky130_fd_sc_hd__dfxbp_2".
ABC: Scl_LibertyReadGenlib() skipped sequential cell "sky130_fd_sc_hd__dfxtp_1".
ABC: Scl_LibertyReadGenlib() skipped sequential cell "sky130_fd_sc_hd__dfxtp_2".
ABC: Scl_LibertyReadGenlib() skipped sequential cell "sky130_fd_sc_hd__dfxtp_4".
ABC: Scl_LibertyReadGenlib() skipped cell "sky130_fd_sc_hd__diode_2" without logic function.
ABC: Scl_LibertyReadGenlib() skipped cell "sky130_fd_sc_hd__dlclkp_1" without logic function.
ABC: Scl_LibertyReadGenlib() skipped cell "sky130_fd_sc_hd__dlclkp_2" without logic function.
ABC: Scl_LibertyReadGenlib() skipped cell "sky130_fd_sc_hd__dlclkp_4" without logic function.
ABC: Scl_LibertyReadGenlib() skipped sequential cell "sky130_fd_sc_hd__dlrbn_1".
ABC: Scl_LibertyReadGenlib() skipped sequential cell "sky130_fd_sc_hd__dlrbn_2".
ABC: Scl_LibertyReadGenlib() skipped sequential cell "sky130_fd_sc_hd__dlrbp_1".
ABC: Scl_LibertyReadGenlib() skipped sequential cell "sky130_fd_sc_hd__dlrbp_2".
ABC: Scl_LibertyReadGenlib() skipped sequential cell "sky130_fd_sc_hd__dlrtn_1".
ABC: Scl_LibertyReadGenlib() skipped sequential cell "sky130_fd_sc_hd__dlrtn_2".
ABC: Scl_LibertyReadGenlib() skipped sequential cell "sky130_fd_sc_hd__dlrtn_4".
ABC: Scl_LibertyReadGenlib() skipped sequential cell "sky130_fd_sc_hd__dlrtp_1".
ABC: Scl_LibertyReadGenlib() skipped sequential cell "sky130_fd_sc_hd__dlrtp_2".
ABC: Scl_LibertyReadGenlib() skipped sequential cell "sky130_fd_sc_hd__dlrtp_4".
ABC: Scl_LibertyReadGenlib() skipped sequential cell "sky130_fd_sc_hd__dlxbn_1".
ABC: Scl_LibertyReadGenlib() skipped sequential cell "sky130_fd_sc_hd__dlxbn_2".
ABC: Scl_LibertyReadGenlib() skipped sequential cell "sky130_fd_sc_hd__dlxbp_1".
ABC: Scl_LibertyReadGenlib() skipped sequential cell "sky130_fd_sc_hd__dlxtn_1".
ABC: Scl_LibertyReadGenlib() skipped sequential cell "sky130_fd_sc_hd__dlxtn_2".
ABC: Scl_LibertyReadGenlib() skipped sequential cell "sky130_fd_sc_hd__dlxtn_4".
ABC: Scl_LibertyReadGenlib() skipped sequential cell "sky130_fd_sc_hd__dlxtp_1".
ABC: Scl_LibertyReadGenlib() skipped three-state cell "sky130_fd_sc_hd__ebufn_1".
ABC: Scl_LibertyReadGenlib() skipped three-state cell "sky130_fd_sc_hd__ebufn_2".
ABC: Scl_LibertyReadGenlib() skipped three-state cell "sky130_fd_sc_hd__ebufn_4".
ABC: Scl_LibertyReadGenlib() skipped three-state cell "sky130_fd_sc_hd__ebufn_8".
ABC: Scl_LibertyReadGenlib() skipped sequential cell "sky130_fd_sc_hd__edfxbp_1".
ABC: Scl_LibertyReadGenlib() skipped sequential cell "sky130_fd_sc_hd__edfxtp_1".
ABC: Scl_LibertyReadGenlib() skipped three-state cell "sky130_fd_sc_hd__einvn_0".
ABC: Scl_LibertyReadGenlib() skipped three-state cell "sky130_fd_sc_hd__einvn_1".
ABC: Scl_LibertyReadGenlib() skipped three-state cell "sky130_fd_sc_hd__einvn_2".
ABC: Scl_LibertyReadGenlib() skipped three-state cell "sky130_fd_sc_hd__einvn_4".
ABC: Scl_LibertyReadGenlib() skipped three-state cell "sky130_fd_sc_hd__einvn_8".
ABC: Scl_LibertyReadGenlib() skipped three-state cell "sky130_fd_sc_hd__einvp_1".
ABC: Scl_LibertyReadGenlib() skipped three-state cell "sky130_fd_sc_hd__einvp_2".
ABC: Scl_LibertyReadGenlib() skipped three-state cell "sky130_fd_sc_hd__einvp_4".
ABC: Scl_LibertyReadGenlib() skipped three-state cell "sky130_fd_sc_hd__einvp_8".
ABC: Scl_LibertyReadGenlib() skipped cell "sky130_fd_sc_hd__lpflow_bleeder_1" without logic function.
ABC: Scl_LibertyReadGenlib() skipped cell "sky130_fd_sc_hd__lpflow_decapkapwr_12" without logic function.
ABC: Scl_LibertyReadGenlib() skipped cell "sky130_fd_sc_hd__lpflow_decapkapwr_3" without logic function.
ABC: Scl_LibertyReadGenlib() skipped cell "sky130_fd_sc_hd__lpflow_decapkapwr_4" without logic function.
ABC: Scl_LibertyReadGenlib() skipped cell "sky130_fd_sc_hd__lpflow_decapkapwr_6" without logic function.
ABC: Scl_LibertyReadGenlib() skipped cell "sky130_fd_sc_hd__lpflow_decapkapwr_8" without logic function.
ABC: Scl_LibertyReadGenlib() skipped sequential cell "sky130_fd_sc_hd__lpflow_inputisolatch_1".
ABC: Scl_LibertyReadGenlib() skipped sequential cell "sky130_fd_sc_hd__sdfbbn_1".
ABC: Scl_LibertyReadGenlib() skipped sequential cell "sky130_fd_sc_hd__sdfbbn_2".
ABC: Scl_LibertyReadGenlib() skipped sequential cell "sky130_fd_sc_hd__sdfbbp_1".
ABC: Scl_LibertyReadGenlib() skipped sequential cell "sky130_fd_sc_hd__sdfrbp_1".
ABC: Scl_LibertyReadGenlib() skipped sequential cell "sky130_fd_sc_hd__sdfrbp_2".
ABC: Scl_LibertyReadGenlib() skipped sequential cell "sky130_fd_sc_hd__sdfrtn_1".
ABC: Scl_LibertyReadGenlib() skipped sequential cell "sky130_fd_sc_hd__sdfrtp_1".
ABC: Scl_LibertyReadGenlib() skipped sequential cell "sky130_fd_sc_hd__sdfrtp_2".
ABC: Scl_LibertyReadGenlib() skipped sequential cell "sky130_fd_sc_hd__sdfrtp_4".
ABC: Scl_LibertyReadGenlib() skipped sequential cell "sky130_fd_sc_hd__sdfsbp_1".
ABC: Scl_LibertyReadGenlib() skipped sequential cell "sky130_fd_sc_hd__sdfsbp_2".
ABC: Scl_LibertyReadGenlib() skipped sequential cell "sky130_fd_sc_hd__sdfstp_1".
ABC: Scl_LibertyReadGenlib() skipped sequential cell "sky130_fd_sc_hd__sdfstp_2".
ABC: Scl_LibertyReadGenlib() skipped sequential cell "sky130_fd_sc_hd__sdfstp_4".
ABC: Scl_LibertyReadGenlib() skipped sequential cell "sky130_fd_sc_hd__sdfxbp_1".
ABC: Scl_LibertyReadGenlib() skipped sequential cell "sky130_fd_sc_hd__sdfxbp_2".
ABC: Scl_LibertyReadGenlib() skipped sequential cell "sky130_fd_sc_hd__sdfxtp_1".
ABC: Scl_LibertyReadGenlib() skipped sequential cell "sky130_fd_sc_hd__sdfxtp_2".
ABC: Scl_LibertyReadGenlib() skipped sequential cell "sky130_fd_sc_hd__sdfxtp_4".
ABC: Scl_LibertyReadGenlib() skipped cell "sky130_fd_sc_hd__sdlclkp_1" without logic function.
ABC: Scl_LibertyReadGenlib() skipped cell "sky130_fd_sc_hd__sdlclkp_2" without logic function.
ABC: Scl_LibertyReadGenlib() skipped cell "sky130_fd_sc_hd__sdlclkp_4" without logic function.
ABC: Scl_LibertyReadGenlib() skipped sequential cell "sky130_fd_sc_hd__sedfxbp_1".
ABC: Scl_LibertyReadGenlib() skipped sequential cell "sky130_fd_sc_hd__sedfxbp_2".
ABC: Scl_LibertyReadGenlib() skipped sequential cell "sky130_fd_sc_hd__sedfxtp_1".
ABC: Scl_LibertyReadGenlib() skipped sequential cell "sky130_fd_sc_hd__sedfxtp_2".
ABC: Scl_LibertyReadGenlib() skipped sequential cell "sky130_fd_sc_hd__sedfxtp_4".
ABC: Library "sky130_fd_sc_hd__tt_025C_1v80" from "/home/vinicius.silva/.ciel/ciel/sky130/versions/0fe599b2afb6708d281543108caf8310912f54af/sky130A/libs.ref/sky130_fd_sc_hd/lib/sky130_fd_sc_hd__tt_025C_1v80.lib" has 334 cells (94 skipped: 63 seq; 13 tri-state; 18 no func; 0 dont_use).  Time =     0.16 sec
ABC: Memory =   19.85 MB. Time =     0.16 sec
ABC: Warning: Detected 9 multi-output gates (for example, "sky130_fd_sc_hd__fa_1").
ABC: + strash 
ABC: + &get -n 
ABC: + &fraig -x 
ABC: + &put 
ABC: + scorr 
ABC: Warning: The network is combinational (run "fraig" or "fraig_sweep").
ABC: + dc2 
ABC: + dretime 
ABC: + strash 
ABC: + &get -n 
ABC: + &dch -f 
ABC: + &nf 
ABC: + &put 
ABC: + write_blif <abc-temp-dir>/output.blif 

18.4.2. Re-integrating ABC results.
ABC RESULTS:   sky130_fd_sc_hd__nand2_1 cells:        1
ABC RESULTS:   sky130_fd_sc_hd__clkinv_1 cells:        2
ABC RESULTS:   sky130_fd_sc_hd__and2_0 cells:        1
ABC RESULTS:   sky130_fd_sc_hd__a21o_1 cells:        1
ABC RESULTS:   sky130_fd_sc_hd__nand2b_1 cells:        1
ABC RESULTS:   sky130_fd_sc_hd__nand4b_1 cells:        1
ABC RESULTS:   sky130_fd_sc_hd__o21ai_0 cells:        1
ABC RESULTS:   sky130_fd_sc_hd__mux2_1 cells:       40
ABC RESULTS:   sky130_fd_sc_hd__lpflow_isobufsrc_1 cells:        4
ABC RESULTS:   sky130_fd_sc_hd__nor2_1 cells:        2
ABC RESULTS:   sky130_fd_sc_hd__o22ai_1 cells:        1
ABC RESULTS:        internal signals:       40
ABC RESULTS:           input signals:       90
ABC RESULTS:          output signals:       49
Removing temp directory.

18.5. Extracting gate netlist of module `$paramod$c8bc0509aabc15b64a46d0e677e83bf79e882db8\dma_axi_master_wr' to `<abc-temp-dir>/input.blif'..
Extracted 199 gates and 301 wires to a netlist network with 99 inputs and 60 outputs.

18.5.1. Executing ABC.
Running ABC command: "<yosys-exe-dir>/yosys-abc" -s -f <abc-temp-dir>/abc.script 2>&1
ABC: ABC command line: "source <abc-temp-dir>/abc.script".
ABC: 
ABC: + read_blif <abc-temp-dir>/input.blif 
ABC: + read_lib -w /home/vinicius.silva/.ciel/ciel/sky130/versions/0fe599b2afb6708d281543108caf8310912f54af/sky130A/libs.ref/sky130_fd_sc_hd/lib/sky130_fd_sc_hd__tt_025C_1v80.lib 
ABC: Parsing finished successfully.  Parsing time =     0.12 sec
ABC: Scl_LibertyReadGenlib() skipped cell "sky130_fd_sc_hd__decap_12" without logic function.
ABC: Scl_LibertyReadGenlib() skipped cell "sky130_fd_sc_hd__decap_3" without logic function.
ABC: Scl_LibertyReadGenlib() skipped cell "sky130_fd_sc_hd__decap_4" without logic function.
ABC: Scl_LibertyReadGenlib() skipped cell "sky130_fd_sc_hd__decap_6" without logic function.
ABC: Scl_LibertyReadGenlib() skipped cell "sky130_fd_sc_hd__decap_8" without logic function.
ABC: Scl_LibertyReadGenlib() skipped sequential cell "sky130_fd_sc_hd__dfbbn_1".
ABC: Scl_LibertyReadGenlib() skipped sequential cell "sky130_fd_sc_hd__dfbbn_2".
ABC: Scl_LibertyReadGenlib() skipped sequential cell "sky130_fd_sc_hd__dfbbp_1".
ABC: Scl_LibertyReadGenlib() skipped sequential cell "sky130_fd_sc_hd__dfrbp_1".
ABC: Scl_LibertyReadGenlib() skipped sequential cell "sky130_fd_sc_hd__dfrbp_2".
ABC: Scl_LibertyReadGenlib() skipped sequential cell "sky130_fd_sc_hd__dfrtn_1".
ABC: Scl_LibertyReadGenlib() skipped sequential cell "sky130_fd_sc_hd__dfrtp_1".
ABC: Scl_LibertyReadGenlib() skipped sequential cell "sky130_fd_sc_hd__dfrtp_2".
ABC: Scl_LibertyReadGenlib() skipped sequential cell "sky130_fd_sc_hd__dfrtp_4".
ABC: Scl_LibertyReadGenlib() skipped sequential cell "sky130_fd_sc_hd__dfsbp_1".
ABC: Scl_LibertyReadGenlib() skipped sequential cell "sky130_fd_sc_hd__dfsbp_2".
ABC: Scl_LibertyReadGenlib() skipped sequential cell "sky130_fd_sc_hd__dfstp_1".
ABC: Scl_LibertyReadGenlib() skipped sequential cell "sky130_fd_sc_hd__dfstp_2".
ABC: Scl_LibertyReadGenlib() skipped sequential cell "sky130_fd_sc_hd__dfstp_4".
ABC: Scl_LibertyReadGenlib() skipped sequential cell "sky130_fd_sc_hd__dfxbp_1".
ABC: Scl_LibertyReadGenlib() skipped sequential cell "sky130_fd_sc_hd__dfxbp_2".
ABC: Scl_LibertyReadGenlib() skipped sequential cell "sky130_fd_sc_hd__dfxtp_1".
ABC: Scl_LibertyReadGenlib() skipped sequential cell "sky130_fd_sc_hd__dfxtp_2".
ABC: Scl_LibertyReadGenlib() skipped sequential cell "sky130_fd_sc_hd__dfxtp_4".
ABC: Scl_LibertyReadGenlib() skipped cell "sky130_fd_sc_hd__diode_2" without logic function.
ABC: Scl_LibertyReadGenlib() skipped cell "sky130_fd_sc_hd__dlclkp_1" without logic function.
ABC: Scl_LibertyReadGenlib() skipped cell "sky130_fd_sc_hd__dlclkp_2" without logic function.
ABC: Scl_LibertyReadGenlib() skipped cell "sky130_fd_sc_hd__dlclkp_4" without logic function.
ABC: Scl_LibertyReadGenlib() skipped sequential cell "sky130_fd_sc_hd__dlrbn_1".
ABC: Scl_LibertyReadGenlib() skipped sequential cell "sky130_fd_sc_hd__dlrbn_2".
ABC: Scl_LibertyReadGenlib() skipped sequential cell "sky130_fd_sc_hd__dlrbp_1".
ABC: Scl_LibertyReadGenlib() skipped sequential cell "sky130_fd_sc_hd__dlrbp_2".
ABC: Scl_LibertyReadGenlib() skipped sequential cell "sky130_fd_sc_hd__dlrtn_1".
ABC: Scl_LibertyReadGenlib() skipped sequential cell "sky130_fd_sc_hd__dlrtn_2".
ABC: Scl_LibertyReadGenlib() skipped sequential cell "sky130_fd_sc_hd__dlrtn_4".
ABC: Scl_LibertyReadGenlib() skipped sequential cell "sky130_fd_sc_hd__dlrtp_1".
ABC: Scl_LibertyReadGenlib() skipped sequential cell "sky130_fd_sc_hd__dlrtp_2".
ABC: Scl_LibertyReadGenlib() skipped sequential cell "sky130_fd_sc_hd__dlrtp_4".
ABC: Scl_LibertyReadGenlib() skipped sequential cell "sky130_fd_sc_hd__dlxbn_1".
ABC: Scl_LibertyReadGenlib() skipped sequential cell "sky130_fd_sc_hd__dlxbn_2".
ABC: Scl_LibertyReadGenlib() skipped sequential cell "sky130_fd_sc_hd__dlxbp_1".
ABC: Scl_LibertyReadGenlib() skipped sequential cell "sky130_fd_sc_hd__dlxtn_1".
ABC: Scl_LibertyReadGenlib() skipped sequential cell "sky130_fd_sc_hd__dlxtn_2".
ABC: Scl_LibertyReadGenlib() skipped sequential cell "sky130_fd_sc_hd__dlxtn_4".
ABC: Scl_LibertyReadGenlib() skipped sequential cell "sky130_fd_sc_hd__dlxtp_1".
ABC: Scl_LibertyReadGenlib() skipped three-state cell "sky130_fd_sc_hd__ebufn_1".
ABC: Scl_LibertyReadGenlib() skipped three-state cell "sky130_fd_sc_hd__ebufn_2".
ABC: Scl_LibertyReadGenlib() skipped three-state cell "sky130_fd_sc_hd__ebufn_4".
ABC: Scl_LibertyReadGenlib() skipped three-state cell "sky130_fd_sc_hd__ebufn_8".
ABC: Scl_LibertyReadGenlib() skipped sequential cell "sky130_fd_sc_hd__edfxbp_1".
ABC: Scl_LibertyReadGenlib() skipped sequential cell "sky130_fd_sc_hd__edfxtp_1".
ABC: Scl_LibertyReadGenlib() skipped three-state cell "sky130_fd_sc_hd__einvn_0".
ABC: Scl_LibertyReadGenlib() skipped three-state cell "sky130_fd_sc_hd__einvn_1".
ABC: Scl_LibertyReadGenlib() skipped three-state cell "sky130_fd_sc_hd__einvn_2".
ABC: Scl_LibertyReadGenlib() skipped three-state cell "sky130_fd_sc_hd__einvn_4".
ABC: Scl_LibertyReadGenlib() skipped three-state cell "sky130_fd_sc_hd__einvn_8".
ABC: Scl_LibertyReadGenlib() skipped three-state cell "sky130_fd_sc_hd__einvp_1".
ABC: Scl_LibertyReadGenlib() skipped three-state cell "sky130_fd_sc_hd__einvp_2".
ABC: Scl_LibertyReadGenlib() skipped three-state cell "sky130_fd_sc_hd__einvp_4".
ABC: Scl_LibertyReadGenlib() skipped three-state cell "sky130_fd_sc_hd__einvp_8".
ABC: Scl_LibertyReadGenlib() skipped cell "sky130_fd_sc_hd__lpflow_bleeder_1" without logic function.
ABC: Scl_LibertyReadGenlib() skipped cell "sky130_fd_sc_hd__lpflow_decapkapwr_12" without logic function.
ABC: Scl_LibertyReadGenlib() skipped cell "sky130_fd_sc_hd__lpflow_decapkapwr_3" without logic function.
ABC: Scl_LibertyReadGenlib() skipped cell "sky130_fd_sc_hd__lpflow_decapkapwr_4" without logic function.
ABC: Scl_LibertyReadGenlib() skipped cell "sky130_fd_sc_hd__lpflow_decapkapwr_6" without logic function.
ABC: Scl_LibertyReadGenlib() skipped cell "sky130_fd_sc_hd__lpflow_decapkapwr_8" without logic function.
ABC: Scl_LibertyReadGenlib() skipped sequential cell "sky130_fd_sc_hd__lpflow_inputisolatch_1".
ABC: Scl_LibertyReadGenlib() skipped sequential cell "sky130_fd_sc_hd__sdfbbn_1".
ABC: Scl_LibertyReadGenlib() skipped sequential cell "sky130_fd_sc_hd__sdfbbn_2".
ABC: Scl_LibertyReadGenlib() skipped sequential cell "sky130_fd_sc_hd__sdfbbp_1".
ABC: Scl_LibertyReadGenlib() skipped sequential cell "sky130_fd_sc_hd__sdfrbp_1".
ABC: Scl_LibertyReadGenlib() skipped sequential cell "sky130_fd_sc_hd__sdfrbp_2".
ABC: Scl_LibertyReadGenlib() skipped sequential cell "sky130_fd_sc_hd__sdfrtn_1".
ABC: Scl_LibertyReadGenlib() skipped sequential cell "sky130_fd_sc_hd__sdfrtp_1".
ABC: Scl_LibertyReadGenlib() skipped sequential cell "sky130_fd_sc_hd__sdfrtp_2".
ABC: Scl_LibertyReadGenlib() skipped sequential cell "sky130_fd_sc_hd__sdfrtp_4".
ABC: Scl_LibertyReadGenlib() skipped sequential cell "sky130_fd_sc_hd__sdfsbp_1".
ABC: Scl_LibertyReadGenlib() skipped sequential cell "sky130_fd_sc_hd__sdfsbp_2".
ABC: Scl_LibertyReadGenlib() skipped sequential cell "sky130_fd_sc_hd__sdfstp_1".
ABC: Scl_LibertyReadGenlib() skipped sequential cell "sky130_fd_sc_hd__sdfstp_2".
ABC: Scl_LibertyReadGenlib() skipped sequential cell "sky130_fd_sc_hd__sdfstp_4".
ABC: Scl_LibertyReadGenlib() skipped sequential cell "sky130_fd_sc_hd__sdfxbp_1".
ABC: Scl_LibertyReadGenlib() skipped sequential cell "sky130_fd_sc_hd__sdfxbp_2".
ABC: Scl_LibertyReadGenlib() skipped sequential cell "sky130_fd_sc_hd__sdfxtp_1".
ABC: Scl_LibertyReadGenlib() skipped sequential cell "sky130_fd_sc_hd__sdfxtp_2".
ABC: Scl_LibertyReadGenlib() skipped sequential cell "sky130_fd_sc_hd__sdfxtp_4".
ABC: Scl_LibertyReadGenlib() skipped cell "sky130_fd_sc_hd__sdlclkp_1" without logic function.
ABC: Scl_LibertyReadGenlib() skipped cell "sky130_fd_sc_hd__sdlclkp_2" without logic function.
ABC: Scl_LibertyReadGenlib() skipped cell "sky130_fd_sc_hd__sdlclkp_4" without logic function.
ABC: Scl_LibertyReadGenlib() skipped sequential cell "sky130_fd_sc_hd__sedfxbp_1".
ABC: Scl_LibertyReadGenlib() skipped sequential cell "sky130_fd_sc_hd__sedfxbp_2".
ABC: Scl_LibertyReadGenlib() skipped sequential cell "sky130_fd_sc_hd__sedfxtp_1".
ABC: Scl_LibertyReadGenlib() skipped sequential cell "sky130_fd_sc_hd__sedfxtp_2".
ABC: Scl_LibertyReadGenlib() skipped sequential cell "sky130_fd_sc_hd__sedfxtp_4".
ABC: Library "sky130_fd_sc_hd__tt_025C_1v80" from "/home/vinicius.silva/.ciel/ciel/sky130/versions/0fe599b2afb6708d281543108caf8310912f54af/sky130A/libs.ref/sky130_fd_sc_hd/lib/sky130_fd_sc_hd__tt_025C_1v80.lib" has 334 cells (94 skipped: 63 seq; 13 tri-state; 18 no func; 0 dont_use).  Time =     0.17 sec
ABC: Memory =   19.85 MB. Time =     0.17 sec
ABC: Warning: Detected 9 multi-output gates (for example, "sky130_fd_sc_hd__fa_1").
ABC: + strash 
ABC: + &get -n 
ABC: + &fraig -x 
ABC: + &put 
ABC: + scorr 
ABC: Warning: The network is combinational (run "fraig" or "fraig_sweep").
ABC: + dc2 
ABC: + dretime 
ABC: + strash 
ABC: + &get -n 
ABC: + &dch -f 
ABC: + &nf 
ABC: + &put 
ABC: + write_blif <abc-temp-dir>/output.blif 

18.5.2. Re-integrating ABC results.
ABC RESULTS:   sky130_fd_sc_hd__and4b_1 cells:        1
ABC RESULTS:   sky130_fd_sc_hd__nand4b_1 cells:        1
ABC RESULTS:   sky130_fd_sc_hd__o41a_1 cells:        1
ABC RESULTS:   sky130_fd_sc_hd__clkinv_1 cells:        2
ABC RESULTS:   sky130_fd_sc_hd__nor3b_1 cells:        1
ABC RESULTS:   sky130_fd_sc_hd__or3b_1 cells:        1
ABC RESULTS:   sky130_fd_sc_hd__or3_1 cells:        2
ABC RESULTS:   sky130_fd_sc_hd__lpflow_isobufsrc_1 cells:        4
ABC RESULTS:   sky130_fd_sc_hd__o211ai_1 cells:        2
ABC RESULTS:   sky130_fd_sc_hd__and4_1 cells:        1
ABC RESULTS:   sky130_fd_sc_hd__o31ai_1 cells:        3
ABC RESULTS:   sky130_fd_sc_hd__and3_1 cells:        3
ABC RESULTS:   sky130_fd_sc_hd__nor2_1 cells:        8
ABC RESULTS:   sky130_fd_sc_hd__xor2_1 cells:        1
ABC RESULTS:   sky130_fd_sc_hd__o21a_1 cells:        1
ABC RESULTS:   sky130_fd_sc_hd__nor3_1 cells:        2
ABC RESULTS:   sky130_fd_sc_hd__a21o_1 cells:        1
ABC RESULTS:   sky130_fd_sc_hd__a22oi_1 cells:        1
ABC RESULTS:   sky130_fd_sc_hd__or4_1 cells:        3
ABC RESULTS:   sky130_fd_sc_hd__xnor2_1 cells:        4
ABC RESULTS:   sky130_fd_sc_hd__nand4_1 cells:        1
ABC RESULTS:   sky130_fd_sc_hd__a31o_1 cells:        1
ABC RESULTS:   sky130_fd_sc_hd__and2_0 cells:        4
ABC RESULTS:   sky130_fd_sc_hd__a31oi_1 cells:        4
ABC RESULTS:   sky130_fd_sc_hd__mux2i_1 cells:        2
ABC RESULTS:   sky130_fd_sc_hd__a211oi_1 cells:        2
ABC RESULTS:   sky130_fd_sc_hd__or4b_1 cells:        2
ABC RESULTS:   sky130_fd_sc_hd__a41o_1 cells:        1
ABC RESULTS:   sky130_fd_sc_hd__o221ai_1 cells:        1
ABC RESULTS:   sky130_fd_sc_hd__a21oi_1 cells:        7
ABC RESULTS:   sky130_fd_sc_hd__nand2_1 cells:      122
ABC RESULTS:   sky130_fd_sc_hd__o21ai_0 cells:        6
ABC RESULTS:   sky130_fd_sc_hd__o2bb2ai_1 cells:        2
ABC RESULTS:   sky130_fd_sc_hd__lpflow_inputiso1p_1 cells:        1
ABC RESULTS:   sky130_fd_sc_hd__a22o_1 cells:        1
ABC RESULTS:        internal signals:      142
ABC RESULTS:           input signals:       99
ABC RESULTS:          output signals:       60
Removing temp directory.

18.6. Extracting gate netlist of module `\dma_axi_top' to `<abc-temp-dir>/input.blif'..
Extracted 0 gates and 0 wires to a netlist network with 0 inputs and 0 outputs.
Don't call ABC as there is nothing to map.
Removing temp directory.
Removed 0 unused cells and 3398 unused wires.

19. Executing OPT pass (performing simple optimizations).

19.1. Executing OPT_EXPR pass (perform const folding).
Optimizing module $paramod$009f3b7c956d56e1321a15cdc68bac150250ca09\dma_fsm.
Optimizing module $paramod$47ec64fb5209bcfd12d6b2912fd6c2f990b84ee3\dma_fifo.
Optimizing module $paramod$70bf19c0e5ac86e1fb69f77454d9b20d8e513e14\dma_csr.
Optimizing module $paramod$c8bc0509aabc15b64a46d0e677e83bf79e882db8\dma_axi_master_rd.
Optimizing module $paramod$c8bc0509aabc15b64a46d0e677e83bf79e882db8\dma_axi_master_wr.
Optimizing module dma_axi_top.

19.2. Executing OPT_MERGE pass (detect identical cells).
Finding identical cells in module `$paramod$009f3b7c956d56e1321a15cdc68bac150250ca09\dma_fsm'.
Finding identical cells in module `$paramod$47ec64fb5209bcfd12d6b2912fd6c2f990b84ee3\dma_fifo'.
Finding identical cells in module `$paramod$70bf19c0e5ac86e1fb69f77454d9b20d8e513e14\dma_csr'.
Finding identical cells in module `$paramod$c8bc0509aabc15b64a46d0e677e83bf79e882db8\dma_axi_master_rd'.
Finding identical cells in module `$paramod$c8bc0509aabc15b64a46d0e677e83bf79e882db8\dma_axi_master_wr'.
Finding identical cells in module `\dma_axi_top'.
Removed a total of 0 cells.

19.3. Executing OPT_MUXTREE pass (detect dead branches in mux trees).
Running muxtree optimizer on module $paramod$009f3b7c956d56e1321a15cdc68bac150250ca09\dma_fsm..
  Creating internal representation of mux trees.
  No muxes found in this module.
Running muxtree optimizer on module $paramod$47ec64fb5209bcfd12d6b2912fd6c2f990b84ee3\dma_fifo..
  Creating internal representation of mux trees.
  No muxes found in this module.
Running muxtree optimizer on module $paramod$70bf19c0e5ac86e1fb69f77454d9b20d8e513e14\dma_csr..
  Creating internal representation of mux trees.
  No muxes found in this module.
Running muxtree optimizer on module $paramod$c8bc0509aabc15b64a46d0e677e83bf79e882db8\dma_axi_master_rd..
  Creating internal representation of mux trees.
  No muxes found in this module.
Running muxtree optimizer on module $paramod$c8bc0509aabc15b64a46d0e677e83bf79e882db8\dma_axi_master_wr..
  Creating internal representation of mux trees.
  No muxes found in this module.
Running muxtree optimizer on module \dma_axi_top..
  Creating internal representation of mux trees.
  No muxes found in this module.
Removed 0 multiplexer ports.

19.4. Executing OPT_REDUCE pass (consolidate $*mux and $reduce_* inputs).
  Optimizing cells in module $paramod$009f3b7c956d56e1321a15cdc68bac150250ca09\dma_fsm.
  Optimizing cells in module $paramod$47ec64fb5209bcfd12d6b2912fd6c2f990b84ee3\dma_fifo.
  Optimizing cells in module $paramod$70bf19c0e5ac86e1fb69f77454d9b20d8e513e14\dma_csr.
  Optimizing cells in module $paramod$c8bc0509aabc15b64a46d0e677e83bf79e882db8\dma_axi_master_rd.
  Optimizing cells in module $paramod$c8bc0509aabc15b64a46d0e677e83bf79e882db8\dma_axi_master_wr.
  Optimizing cells in module \dma_axi_top.
Performed a total of 0 changes.

19.5. Executing OPT_MERGE pass (detect identical cells).
Finding identical cells in module `$paramod$009f3b7c956d56e1321a15cdc68bac150250ca09\dma_fsm'.
Finding identical cells in module `$paramod$47ec64fb5209bcfd12d6b2912fd6c2f990b84ee3\dma_fifo'.
Finding identical cells in module `$paramod$70bf19c0e5ac86e1fb69f77454d9b20d8e513e14\dma_csr'.
Finding identical cells in module `$paramod$c8bc0509aabc15b64a46d0e677e83bf79e882db8\dma_axi_master_rd'.
Finding identical cells in module `$paramod$c8bc0509aabc15b64a46d0e677e83bf79e882db8\dma_axi_master_wr'.
Finding identical cells in module `\dma_axi_top'.
Removed a total of 0 cells.

19.6. Executing OPT_DFF pass (perform DFF optimizations).

19.7. Executing OPT_CLEAN pass (remove unused cells and wires).
Finding unused cells or wires in module $paramod$009f3b7c956d56e1321a15cdc68bac150250ca09\dma_fsm..
Finding unused cells or wires in module $paramod$47ec64fb5209bcfd12d6b2912fd6c2f990b84ee3\dma_fifo..
Finding unused cells or wires in module $paramod$70bf19c0e5ac86e1fb69f77454d9b20d8e513e14\dma_csr..
Finding unused cells or wires in module $paramod$c8bc0509aabc15b64a46d0e677e83bf79e882db8\dma_axi_master_rd..
Finding unused cells or wires in module $paramod$c8bc0509aabc15b64a46d0e677e83bf79e882db8\dma_axi_master_wr..
Finding unused cells or wires in module \dma_axi_top..

19.8. Executing OPT_EXPR pass (perform const folding).
Optimizing module $paramod$009f3b7c956d56e1321a15cdc68bac150250ca09\dma_fsm.
Optimizing module $paramod$47ec64fb5209bcfd12d6b2912fd6c2f990b84ee3\dma_fifo.
Optimizing module $paramod$70bf19c0e5ac86e1fb69f77454d9b20d8e513e14\dma_csr.
Optimizing module $paramod$c8bc0509aabc15b64a46d0e677e83bf79e882db8\dma_axi_master_rd.
Optimizing module $paramod$c8bc0509aabc15b64a46d0e677e83bf79e882db8\dma_axi_master_wr.
Optimizing module dma_axi_top.

19.9. Finished OPT passes. (There is nothing left to do.)

20. Printing statistics.

=== $paramod$009f3b7c956d56e1321a15cdc68bac150250ca09\dma_fsm ===

   Number of wires:                911
   Number of wire bits:           1654
   Number of public wires:          57
   Number of public wire bits:     797
   Number of memories:               0
   Number of memory bits:            0
   Number of processes:              0
   Number of cells:                983
     sky130_fd_sc_hd__a2111oi_0      3
     sky130_fd_sc_hd__a211oi_1       1
     sky130_fd_sc_hd__a21boi_0       5
     sky130_fd_sc_hd__a21o_1         3
     sky130_fd_sc_hd__a21oi_1       98
     sky130_fd_sc_hd__a221o_1        1
     sky130_fd_sc_hd__a22o_1        14
     sky130_fd_sc_hd__a22oi_1       45
     sky130_fd_sc_hd__a2bb2oi_1      1
     sky130_fd_sc_hd__a311oi_1       1
     sky130_fd_sc_hd__a31oi_1       12
     sky130_fd_sc_hd__a32o_1         1
     sky130_fd_sc_hd__a32oi_1        9
     sky130_fd_sc_hd__and2_0         4
     sky130_fd_sc_hd__and3_1         5
     sky130_fd_sc_hd__and4_1         2
     sky130_fd_sc_hd__clkinv_1      25
     sky130_fd_sc_hd__dfrtp_1      123
     sky130_fd_sc_hd__lpflow_inputiso1p_1      7
     sky130_fd_sc_hd__lpflow_isobufsrc_1     16
     sky130_fd_sc_hd__maj3_1        21
     sky130_fd_sc_hd__mux2_1         1
     sky130_fd_sc_hd__mux2i_1        6
     sky130_fd_sc_hd__nand2_1      159
     sky130_fd_sc_hd__nand2b_1      19
     sky130_fd_sc_hd__nand3_1       21
     sky130_fd_sc_hd__nand3b_1       3
     sky130_fd_sc_hd__nand4_1       11
     sky130_fd_sc_hd__nand4b_1       3
     sky130_fd_sc_hd__nor2_1        60
     sky130_fd_sc_hd__nor2b_1        2
     sky130_fd_sc_hd__nor3_1        26
     sky130_fd_sc_hd__nor3b_1        5
     sky130_fd_sc_hd__nor4_1        16
     sky130_fd_sc_hd__nor4b_1        1
     sky130_fd_sc_hd__o2111ai_1      1
     sky130_fd_sc_hd__o211a_1        1
     sky130_fd_sc_hd__o211ai_1       2
     sky130_fd_sc_hd__o21a_1         5
     sky130_fd_sc_hd__o21ai_0      160
     sky130_fd_sc_hd__o21bai_1       3
     sky130_fd_sc_hd__o22ai_1        5
     sky130_fd_sc_hd__o31a_1         1
     sky130_fd_sc_hd__o31ai_1        5
     sky130_fd_sc_hd__o41ai_1        2
     sky130_fd_sc_hd__or3_1          2
     sky130_fd_sc_hd__or4_1          5
     sky130_fd_sc_hd__or4b_1         3
     sky130_fd_sc_hd__xnor2_1       26
     sky130_fd_sc_hd__xor2_1        32

   Chip area for module '$paramod$009f3b7c956d56e1321a15cdc68bac150250ca09\dma_fsm': 7937.612800

=== $paramod$47ec64fb5209bcfd12d6b2912fd6c2f990b84ee3\dma_fifo ===

   Number of wires:               1031
   Number of wire bits:           1644
   Number of public wires:          35
   Number of public wire bits:     648
   Number of memories:               0
   Number of memory bits:            0
   Number of processes:              0
   Number of cells:               1562
     sky130_fd_sc_hd__a211o_1        1
     sky130_fd_sc_hd__a21boi_0       1
     sky130_fd_sc_hd__a21o_1         3
     sky130_fd_sc_hd__a21oi_1        5
     sky130_fd_sc_hd__a221o_1        2
     sky130_fd_sc_hd__a222oi_1      64
     sky130_fd_sc_hd__a22o_1         1
     sky130_fd_sc_hd__a22oi_1      160
     sky130_fd_sc_hd__a31o_1         1
     sky130_fd_sc_hd__a31oi_1        2
     sky130_fd_sc_hd__and2_0         2
     sky130_fd_sc_hd__and3_1         3
     sky130_fd_sc_hd__and3b_1        1
     sky130_fd_sc_hd__and4_1         1
     sky130_fd_sc_hd__clkinv_1      37
     sky130_fd_sc_hd__dfrtp_1       46
     sky130_fd_sc_hd__dfxtp_1      512
     sky130_fd_sc_hd__lpflow_isobufsrc_1      2
     sky130_fd_sc_hd__mux2_1       512
     sky130_fd_sc_hd__mux2i_1       32
     sky130_fd_sc_hd__nand2_1        9
     sky130_fd_sc_hd__nand2b_1       3
     sky130_fd_sc_hd__nand3_1        3
     sky130_fd_sc_hd__nand4_1       65
     sky130_fd_sc_hd__nor2_1        14
     sky130_fd_sc_hd__nor3_1         8
     sky130_fd_sc_hd__nor3b_1        1
     sky130_fd_sc_hd__nor4_1        20
     sky130_fd_sc_hd__o21ai_0        1
     sky130_fd_sc_hd__o21bai_1       1
     sky130_fd_sc_hd__o22ai_1       33
     sky130_fd_sc_hd__o31a_1         1
     sky130_fd_sc_hd__o31ai_1        1
     sky130_fd_sc_hd__o32ai_1        1
     sky130_fd_sc_hd__or3_1          3
     sky130_fd_sc_hd__or4_1          1
     sky130_fd_sc_hd__or4b_1         1
     sky130_fd_sc_hd__xnor2_1        6
     sky130_fd_sc_hd__xor2_1         2

   Chip area for module '$paramod$47ec64fb5209bcfd12d6b2912fd6c2f990b84ee3\dma_fifo': 20692.345600

=== $paramod$70bf19c0e5ac86e1fb69f77454d9b20d8e513e14\dma_csr ===

   Number of wires:                412
   Number of wire bits:           1478
   Number of public wires:          76
   Number of public wire bits:    1140
   Number of memories:               0
   Number of memory bits:            0
   Number of processes:              0
   Number of cells:                538
     sky130_fd_sc_hd__a2111oi_0      1
     sky130_fd_sc_hd__a211oi_1       2
     sky130_fd_sc_hd__a21o_1         7
     sky130_fd_sc_hd__a21oi_1       14
     sky130_fd_sc_hd__a222oi_1      30
     sky130_fd_sc_hd__a22oi_1        4
     sky130_fd_sc_hd__a31oi_1        5
     sky130_fd_sc_hd__a32oi_1        1
     sky130_fd_sc_hd__and2_0         5
     sky130_fd_sc_hd__and3_1         6
     sky130_fd_sc_hd__and3b_1        1
     sky130_fd_sc_hd__and4_1         1
     sky130_fd_sc_hd__and4b_1        3
     sky130_fd_sc_hd__clkinv_1       2
     sky130_fd_sc_hd__dfrtp_1      194
     sky130_fd_sc_hd__dfstp_2        2
     sky130_fd_sc_hd__lpflow_inputiso1p_1      1
     sky130_fd_sc_hd__lpflow_isobufsrc_1      2
     sky130_fd_sc_hd__mux2_1       150
     sky130_fd_sc_hd__mux2i_1        3
     sky130_fd_sc_hd__nand2_1       32
     sky130_fd_sc_hd__nand3_1       12
     sky130_fd_sc_hd__nand4_1        2
     sky130_fd_sc_hd__nor2_1        19
     sky130_fd_sc_hd__nor3_1         1
     sky130_fd_sc_hd__nor4_1         3
     sky130_fd_sc_hd__nor4b_1        4
     sky130_fd_sc_hd__nor4bb_1       2
     sky130_fd_sc_hd__o21a_1         1
     sky130_fd_sc_hd__o21ai_0       27
     sky130_fd_sc_hd__or4b_1         1

   Chip area for module '$paramod$70bf19c0e5ac86e1fb69f77454d9b20d8e513e14\dma_csr': 7781.212800

=== $paramod$c8bc0509aabc15b64a46d0e677e83bf79e882db8\dma_axi_master_rd ===

   Number of wires:                 76
   Number of wire bits:            257
   Number of public wires:          26
   Number of public wire bits:     207
   Number of memories:               0
   Number of memory bits:            0
   Number of processes:              0
   Number of cells:                 99
     sky130_fd_sc_hd__a21o_1         1
     sky130_fd_sc_hd__and2_0         1
     sky130_fd_sc_hd__clkinv_1       2
     sky130_fd_sc_hd__dfrtp_1       44
     sky130_fd_sc_hd__lpflow_isobufsrc_1      4
     sky130_fd_sc_hd__mux2_1        40
     sky130_fd_sc_hd__nand2_1        1
     sky130_fd_sc_hd__nand2b_1       1
     sky130_fd_sc_hd__nand4b_1       1
     sky130_fd_sc_hd__nor2_1         2
     sky130_fd_sc_hd__o21ai_0        1
     sky130_fd_sc_hd__o22ai_1        1

   Chip area for module '$paramod$c8bc0509aabc15b64a46d0e677e83bf79e882db8\dma_axi_master_rd': 1635.318400

=== $paramod$c8bc0509aabc15b64a46d0e677e83bf79e882db8\dma_axi_master_wr ===

   Number of wires:                215
   Number of wire bits:            415
   Number of public wires:          30
   Number of public wire bits:     222
   Number of memories:               0
   Number of memory bits:            0
   Number of processes:              0
   Number of cells:                253
     sky130_fd_sc_hd__a211oi_1       2
     sky130_fd_sc_hd__a21o_1         1
     sky130_fd_sc_hd__a21oi_1        7
     sky130_fd_sc_hd__a22o_1         1
     sky130_fd_sc_hd__a22oi_1        1
     sky130_fd_sc_hd__a31o_1         1
     sky130_fd_sc_hd__a31oi_1        4
     sky130_fd_sc_hd__a41o_1         1
     sky130_fd_sc_hd__and2_0         4
     sky130_fd_sc_hd__and3_1         3
     sky130_fd_sc_hd__and4_1         1
     sky130_fd_sc_hd__and4b_1        1
     sky130_fd_sc_hd__clkinv_1       2
     sky130_fd_sc_hd__dfrtp_1       53
     sky130_fd_sc_hd__lpflow_inputiso1p_1      1
     sky130_fd_sc_hd__lpflow_isobufsrc_1      4
     sky130_fd_sc_hd__mux2i_1        2
     sky130_fd_sc_hd__nand2_1      122
     sky130_fd_sc_hd__nand4_1        1
     sky130_fd_sc_hd__nand4b_1       1
     sky130_fd_sc_hd__nor2_1         8
     sky130_fd_sc_hd__nor3_1         2
     sky130_fd_sc_hd__nor3b_1        1
     sky130_fd_sc_hd__o211ai_1       2
     sky130_fd_sc_hd__o21a_1         1
     sky130_fd_sc_hd__o21ai_0        6
     sky130_fd_sc_hd__o221ai_1       1
     sky130_fd_sc_hd__o2bb2ai_1      2
     sky130_fd_sc_hd__o31ai_1        3
     sky130_fd_sc_hd__o41a_1         1
     sky130_fd_sc_hd__or3_1          2
     sky130_fd_sc_hd__or3b_1         1
     sky130_fd_sc_hd__or4_1          3
     sky130_fd_sc_hd__or4b_1         2
     sky130_fd_sc_hd__xnor2_1        4
     sky130_fd_sc_hd__xor2_1         1

   Chip area for module '$paramod$c8bc0509aabc15b64a46d0e677e83bf79e882db8\dma_axi_master_wr': 2305.961600

=== dma_axi_top ===

   Number of wires:                 82
   Number of wire bits:            605
   Number of public wires:          82
   Number of public wire bits:     605
   Number of memories:               0
   Number of memory bits:            0
   Number of processes:              0
   Number of cells:                  5
     $paramod$009f3b7c956d56e1321a15cdc68bac150250ca09\dma_fsm      1
     $paramod$47ec64fb5209bcfd12d6b2912fd6c2f990b84ee3\dma_fifo      1
     $paramod$70bf19c0e5ac86e1fb69f77454d9b20d8e513e14\dma_csr      1
     $paramod$c8bc0509aabc15b64a46d0e677e83bf79e882db8\dma_axi_master_rd      1
     $paramod$c8bc0509aabc15b64a46d0e677e83bf79e882db8\dma_axi_master_wr      1

   Area for cell type $paramod$c8bc0509aabc15b64a46d0e677e83bf79e882db8\dma_axi_master_wr is unknown!
   Area for cell type $paramod$c8bc0509aabc15b64a46d0e677e83bf79e882db8\dma_axi_master_rd is unknown!
   Area for cell type $paramod$009f3b7c956d56e1321a15cdc68bac150250ca09\dma_fsm is unknown!
   Area for cell type $paramod$47ec64fb5209bcfd12d6b2912fd6c2f990b84ee3\dma_fifo is unknown!
   Area for cell type $paramod$70bf19c0e5ac86e1fb69f77454d9b20d8e513e14\dma_csr is unknown!

=== design hierarchy ===

   dma_axi_top                       1
     $paramod$009f3b7c956d56e1321a15cdc68bac150250ca09\dma_fsm      1
     $paramod$47ec64fb5209bcfd12d6b2912fd6c2f990b84ee3\dma_fifo      1
     $paramod$70bf19c0e5ac86e1fb69f77454d9b20d8e513e14\dma_csr      1
     $paramod$c8bc0509aabc15b64a46d0e677e83bf79e882db8\dma_axi_master_rd      1
     $paramod$c8bc0509aabc15b64a46d0e677e83bf79e882db8\dma_axi_master_wr      1

   Number of wires:               2727
   Number of wire bits:           6053
   Number of public wires:         306
   Number of public wire bits:    3619
   Number of memories:               0
   Number of memory bits:            0
   Number of processes:              0
   Number of cells:               3435
     sky130_fd_sc_hd__a2111oi_0      4
     sky130_fd_sc_hd__a211o_1        1
     sky130_fd_sc_hd__a211oi_1       5
     sky130_fd_sc_hd__a21boi_0       6
     sky130_fd_sc_hd__a21o_1        15
     sky130_fd_sc_hd__a21oi_1      124
     sky130_fd_sc_hd__a221o_1        3
     sky130_fd_sc_hd__a222oi_1      94
     sky130_fd_sc_hd__a22o_1        16
     sky130_fd_sc_hd__a22oi_1      210
     sky130_fd_sc_hd__a2bb2oi_1      1
     sky130_fd_sc_hd__a311oi_1       1
     sky130_fd_sc_hd__a31o_1         2
     sky130_fd_sc_hd__a31oi_1       23
     sky130_fd_sc_hd__a32o_1         1
     sky130_fd_sc_hd__a32oi_1       10
     sky130_fd_sc_hd__a41o_1         1
     sky130_fd_sc_hd__and2_0        16
     sky130_fd_sc_hd__and3_1        17
     sky130_fd_sc_hd__and3b_1        2
     sky130_fd_sc_hd__and4_1         5
     sky130_fd_sc_hd__and4b_1        4
     sky130_fd_sc_hd__clkinv_1      68
     sky130_fd_sc_hd__dfrtp_1      460
     sky130_fd_sc_hd__dfstp_2        2
     sky130_fd_sc_hd__dfxtp_1      512
     sky130_fd_sc_hd__lpflow_inputiso1p_1      9
     sky130_fd_sc_hd__lpflow_isobufsrc_1     28
     sky130_fd_sc_hd__maj3_1        21
     sky130_fd_sc_hd__mux2_1       703
     sky130_fd_sc_hd__mux2i_1       43
     sky130_fd_sc_hd__nand2_1      323
     sky130_fd_sc_hd__nand2b_1      23
     sky130_fd_sc_hd__nand3_1       36
     sky130_fd_sc_hd__nand3b_1       3
     sky130_fd_sc_hd__nand4_1       79
     sky130_fd_sc_hd__nand4b_1       5
     sky130_fd_sc_hd__nor2_1       103
     sky130_fd_sc_hd__nor2b_1        2
     sky130_fd_sc_hd__nor3_1        37
     sky130_fd_sc_hd__nor3b_1        7
     sky130_fd_sc_hd__nor4_1        39
     sky130_fd_sc_hd__nor4b_1        5
     sky130_fd_sc_hd__nor4bb_1       2
     sky130_fd_sc_hd__o2111ai_1      1
     sky130_fd_sc_hd__o211a_1        1
     sky130_fd_sc_hd__o211ai_1       4
     sky130_fd_sc_hd__o21a_1         7
     sky130_fd_sc_hd__o21ai_0      195
     sky130_fd_sc_hd__o21bai_1       4
     sky130_fd_sc_hd__o221ai_1       1
     sky130_fd_sc_hd__o22ai_1       39
     sky130_fd_sc_hd__o2bb2ai_1      2
     sky130_fd_sc_hd__o31a_1         2
     sky130_fd_sc_hd__o31ai_1        9
     sky130_fd_sc_hd__o32ai_1        1
     sky130_fd_sc_hd__o41a_1         1
     sky130_fd_sc_hd__o41ai_1        2
     sky130_fd_sc_hd__or3_1          7
     sky130_fd_sc_hd__or3b_1         1
     sky130_fd_sc_hd__or4_1          9
     sky130_fd_sc_hd__or4b_1         7
     sky130_fd_sc_hd__xnor2_1       36
     sky130_fd_sc_hd__xor2_1        35

   Chip area for top module '\dma_axi_top': 40352.451200

21. Executing Verilog backend.

21.1. Executing BMUXMAP pass.

21.2. Executing DEMUXMAP pass.
Dumping module `$paramod$009f3b7c956d56e1321a15cdc68bac150250ca09\dma_fsm'.
Dumping module `$paramod$47ec64fb5209bcfd12d6b2912fd6c2f990b84ee3\dma_fifo'.
Dumping module `$paramod$70bf19c0e5ac86e1fb69f77454d9b20d8e513e14\dma_csr'.
Dumping module `$paramod$c8bc0509aabc15b64a46d0e677e83bf79e882db8\dma_axi_master_rd'.
Dumping module `$paramod$c8bc0509aabc15b64a46d0e677e83bf79e882db8\dma_axi_master_wr'.
Dumping module `\dma_axi_top'.

Warnings: 29 unique messages, 238 total
End of script. Logfile hash: a17070002e, CPU: user 3.97s system 0.08s, MEM: 56.42 MB peak
Yosys 0.30+48 (git sha1 14d50a176d5, gcc 8.3.1 -fPIC -Os)
Time spent: 38% 1x abc (2 sec), 15% 26x opt_expr (0 sec), ...
