/home/vinicius.silva/axi_dma/synth/netlist/dma_axi_top_netlist_sky130.v:3: warning: timescale for $paramod$009f3b7c956d56e1321a15cdc68bac150250ca09\dma_fsm inherited from another file.
/home/vinicius.silva/axi_dma/gls/build/gls_wrapper.sv:1: ...: The inherited timescale is here.
/home/vinicius.silva/axi_dma/synth/netlist/dma_axi_top_netlist_sky130.v:6659: warning: timescale for $paramod$47ec64fb5209bcfd12d6b2912fd6c2f990b84ee3\dma_fifo inherited from another file.
/home/vinicius.silva/axi_dma/gls/build/gls_wrapper.sv:1: ...: The inherited timescale is here.
/home/vinicius.silva/axi_dma/synth/netlist/dma_axi_top_netlist_sky130.v:16943: warning: timescale for $paramod$70bf19c0e5ac86e1fb69f77454d9b20d8e513e14\dma_csr inherited from another file.
/home/vinicius.silva/axi_dma/gls/build/gls_wrapper.sv:1: ...: The inherited timescale is here.
/home/vinicius.silva/axi_dma/synth/netlist/dma_axi_top_netlist_sky130.v:20713: warning: timescale for $paramod$c8bc0509aabc15b64a46d0e677e83bf79e882db8\dma_axi_master_rd inherited from another file.
/home/vinicius.silva/axi_dma/gls/build/gls_wrapper.sv:1: ...: The inherited timescale is here.
/home/vinicius.silva/axi_dma/synth/netlist/dma_axi_top_netlist_sky130.v:21404: warning: timescale for $paramod$c8bc0509aabc15b64a46d0e677e83bf79e882db8\dma_axi_master_wr inherited from another file.
/home/vinicius.silva/axi_dma/gls/build/gls_wrapper.sv:1: ...: The inherited timescale is here.
/home/vinicius.silva/axi_dma/synth/netlist/dma_axi_top_netlist_sky130.v:23056: warning: timescale for dma_axi_top inherited from another file.
/home/vinicius.silva/axi_dma/gls/build/gls_wrapper.sv:1: ...: The inherited timescale is here.
/home/vinicius.silva/.ciel/ciel/sky130/versions/0fe599b2afb6708d281543108caf8310912f54af/sky130A/libs.ref/sky130_fd_sc_hd/verilog/sky130_fd_sc_hd.v:44498: warning: Timing checks are not supported and delayed signal "SET_B_delayed" will not be driven.
/home/vinicius.silva/.ciel/ciel/sky130/versions/0fe599b2afb6708d281543108caf8310912f54af/sky130A/libs.ref/sky130_fd_sc_hd/verilog/sky130_fd_sc_hd.v:44498: warning: Timing checks are not supported and delayed signal "CLK_N_delayed" will not be driven.
/home/vinicius.silva/.ciel/ciel/sky130/versions/0fe599b2afb6708d281543108caf8310912f54af/sky130A/libs.ref/sky130_fd_sc_hd/verilog/sky130_fd_sc_hd.v:44499: warning: Timing checks are not supported and delayed signal "RESET_B_delayed" will not be driven.
/home/vinicius.silva/.ciel/ciel/sky130/versions/0fe599b2afb6708d281543108caf8310912f54af/sky130A/libs.ref/sky130_fd_sc_hd/verilog/sky130_fd_sc_hd.v:44499: warning: Timing checks are not supported and delayed signal "CLK_N_delayed" will not be driven.
/home/vinicius.silva/.ciel/ciel/sky130/versions/0fe599b2afb6708d281543108caf8310912f54af/sky130A/libs.ref/sky130_fd_sc_hd/verilog/sky130_fd_sc_hd.v:44500: warning: Timing checks are not supported and delayed signal "CLK_N_delayed" will not be driven.
/home/vinicius.silva/.ciel/ciel/sky130/versions/0fe599b2afb6708d281543108caf8310912f54af/sky130A/libs.ref/sky130_fd_sc_hd/verilog/sky130_fd_sc_hd.v:44500: warning: Timing checks are not supported and delayed signal "D_delayed" will not be driven.
/home/vinicius.silva/.ciel/ciel/sky130/versions/0fe599b2afb6708d281543108caf8310912f54af/sky130A/libs.ref/sky130_fd_sc_hd/verilog/sky130_fd_sc_hd.v:44501: warning: Timing checks are not supported and delayed signal "CLK_N_delayed" will not be driven.
/home/vinicius.silva/.ciel/ciel/sky130/versions/0fe599b2afb6708d281543108caf8310912f54af/sky130A/libs.ref/sky130_fd_sc_hd/verilog/sky130_fd_sc_hd.v:44501: warning: Timing checks are not supported and delayed signal "D_delayed" will not be driven.
/home/vinicius.silva/.ciel/ciel/sky130/versions/0fe599b2afb6708d281543108caf8310912f54af/sky130A/libs.ref/sky130_fd_sc_hd/verilog/sky130_fd_sc_hd.v:44502: warning: Timing checks are not supported and delayed signal "SET_B_delayed" will not be driven.
/home/vinicius.silva/.ciel/ciel/sky130/versions/0fe599b2afb6708d281543108caf8310912f54af/sky130A/libs.ref/sky130_fd_sc_hd/verilog/sky130_fd_sc_hd.v:44502: warning: Timing checks are not supported and delayed signal "RESET_B_delayed" will not be driven.
/home/vinicius.silva/.ciel/ciel/sky130/versions/0fe599b2afb6708d281543108caf8310912f54af/sky130A/libs.ref/sky130_fd_sc_hd/verilog/sky130_fd_sc_hd.v:44503: warning: Timing checks are not supported and delayed signal "RESET_B_delayed" will not be driven.
/home/vinicius.silva/.ciel/ciel/sky130/versions/0fe599b2afb6708d281543108caf8310912f54af/sky130A/libs.ref/sky130_fd_sc_hd/verilog/sky130_fd_sc_hd.v:44503: warning: Timing checks are not supported and delayed signal "SET_B_delayed" will not be driven.
/home/vinicius.silva/.ciel/ciel/sky130/versions/0fe599b2afb6708d281543108caf8310912f54af/sky130A/libs.ref/sky130_fd_sc_hd/verilog/sky130_fd_sc_hd.v:44919: warning: Timing checks are not supported and delayed signal "SET_B_delayed" will not be driven.
/home/vinicius.silva/.ciel/ciel/sky130/versions/0fe599b2afb6708d281543108caf8310912f54af/sky130A/libs.ref/sky130_fd_sc_hd/verilog/sky130_fd_sc_hd.v:44919: warning: Timing checks are not supported and delayed signal "CLK_N_delayed" will not be driven.
/home/vinicius.silva/.ciel/ciel/sky130/versions/0fe599b2afb6708d281543108caf8310912f54af/sky130A/libs.ref/sky130_fd_sc_hd/verilog/sky130_fd_sc_hd.v:44920: warning: Timing checks are not supported and delayed signal "RESET_B_delayed" will not be driven.
/home/vinicius.silva/.ciel/ciel/sky130/versions/0fe599b2afb6708d281543108caf8310912f54af/sky130A/libs.ref/sky130_fd_sc_hd/verilog/sky130_fd_sc_hd.v:44920: warning: Timing checks are not supported and delayed signal "CLK_N_delayed" will not be driven.
/home/vinicius.silva/.ciel/ciel/sky130/versions/0fe599b2afb6708d281543108caf8310912f54af/sky130A/libs.ref/sky130_fd_sc_hd/verilog/sky130_fd_sc_hd.v:44921: warning: Timing checks are not supported and delayed signal "CLK_N_delayed" will not be driven.
/home/vinicius.silva/.ciel/ciel/sky130/versions/0fe599b2afb6708d281543108caf8310912f54af/sky130A/libs.ref/sky130_fd_sc_hd/verilog/sky130_fd_sc_hd.v:44921: warning: Timing checks are not supported and delayed signal "D_delayed" will not be driven.
/home/vinicius.silva/.ciel/ciel/sky130/versions/0fe599b2afb6708d281543108caf8310912f54af/sky130A/libs.ref/sky130_fd_sc_hd/verilog/sky130_fd_sc_hd.v:44922: warning: Timing checks are not supported and delayed signal "CLK_N_delayed" will not be driven.
/home/vinicius.silva/.ciel/ciel/sky130/versions/0fe599b2afb6708d281543108caf8310912f54af/sky130A/libs.ref/sky130_fd_sc_hd/verilog/sky130_fd_sc_hd.v:44922: warning: Timing checks are not supported and delayed signal "D_delayed" will not be driven.
/home/vinicius.silva/.ciel/ciel/sky130/versions/0fe599b2afb6708d281543108caf8310912f54af/sky130A/libs.ref/sky130_fd_sc_hd/verilog/sky130_fd_sc_hd.v:44923: warning: Timing checks are not supported and delayed signal "SET_B_delayed" will not be driven.
/home/vinicius.silva/.ciel/ciel/sky130/versions/0fe599b2afb6708d281543108caf8310912f54af/sky130A/libs.ref/sky130_fd_sc_hd/verilog/sky130_fd_sc_hd.v:44923: warning: Timing checks are not supported and delayed signal "RESET_B_delayed" will not be driven.
/home/vinicius.silva/.ciel/ciel/sky130/versions/0fe599b2afb6708d281543108caf8310912f54af/sky130A/libs.ref/sky130_fd_sc_hd/verilog/sky130_fd_sc_hd.v:44924: warning: Timing checks are not supported and delayed signal "RESET_B_delayed" will not be driven.
/home/vinicius.silva/.ciel/ciel/sky130/versions/0fe599b2afb6708d281543108caf8310912f54af/sky130A/libs.ref/sky130_fd_sc_hd/verilog/sky130_fd_sc_hd.v:44924: warning: Timing checks are not supported and delayed signal "SET_B_delayed" will not be driven.
/home/vinicius.silva/.ciel/ciel/sky130/versions/0fe599b2afb6708d281543108caf8310912f54af/sky130A/libs.ref/sky130_fd_sc_hd/verilog/sky130_fd_sc_hd.v:45332: warning: Timing checks are not supported and delayed signal "SET_B_delayed" will not be driven.
/home/vinicius.silva/.ciel/ciel/sky130/versions/0fe599b2afb6708d281543108caf8310912f54af/sky130A/libs.ref/sky130_fd_sc_hd/verilog/sky130_fd_sc_hd.v:45332: warning: Timing checks are not supported and delayed signal "CLK_delayed" will not be driven.
/home/vinicius.silva/.ciel/ciel/sky130/versions/0fe599b2afb6708d281543108caf8310912f54af/sky130A/libs.ref/sky130_fd_sc_hd/verilog/sky130_fd_sc_hd.v:45333: warning: Timing checks are not supported and delayed signal "RESET_B_delayed" will not be driven.
/home/vinicius.silva/.ciel/ciel/sky130/versions/0fe599b2afb6708d281543108caf8310912f54af/sky130A/libs.ref/sky130_fd_sc_hd/verilog/sky130_fd_sc_hd.v:45333: warning: Timing checks are not supported and delayed signal "CLK_delayed" will not be driven.
/home/vinicius.silva/.ciel/ciel/sky130/versions/0fe599b2afb6708d281543108caf8310912f54af/sky130A/libs.ref/sky130_fd_sc_hd/verilog/sky130_fd_sc_hd.v:45334: warning: Timing checks are not supported and delayed signal "CLK_delayed" will not be driven.
/home/vinicius.silva/.ciel/ciel/sky130/versions/0fe599b2afb6708d281543108caf8310912f54af/sky130A/libs.ref/sky130_fd_sc_hd/verilog/sky130_fd_sc_hd.v:45334: warning: Timing checks are not supported and delayed signal "D_delayed" will not be driven.
/home/vinicius.silva/.ciel/ciel/sky130/versions/0fe599b2afb6708d281543108caf8310912f54af/sky130A/libs.ref/sky130_fd_sc_hd/verilog/sky130_fd_sc_hd.v:45335: warning: Timing checks are not supported and delayed signal "CLK_delayed" will not be driven.
/home/vinicius.silva/.ciel/ciel/sky130/versions/0fe599b2afb6708d281543108caf8310912f54af/sky130A/libs.ref/sky130_fd_sc_hd/verilog/sky130_fd_sc_hd.v:45335: warning: Timing checks are not supported and delayed signal "D_delayed" will not be driven.
/home/vinicius.silva/.ciel/ciel/sky130/versions/0fe599b2afb6708d281543108caf8310912f54af/sky130A/libs.ref/sky130_fd_sc_hd/verilog/sky130_fd_sc_hd.v:45336: warning: Timing checks are not supported and delayed signal "SET_B_delayed" will not be driven.
/home/vinicius.silva/.ciel/ciel/sky130/versions/0fe599b2afb6708d281543108caf8310912f54af/sky130A/libs.ref/sky130_fd_sc_hd/verilog/sky130_fd_sc_hd.v:45336: warning: Timing checks are not supported and delayed signal "RESET_B_delayed" will not be driven.
/home/vinicius.silva/.ciel/ciel/sky130/versions/0fe599b2afb6708d281543108caf8310912f54af/sky130A/libs.ref/sky130_fd_sc_hd/verilog/sky130_fd_sc_hd.v:45337: warning: Timing checks are not supported and delayed signal "RESET_B_delayed" will not be driven.
/home/vinicius.silva/.ciel/ciel/sky130/versions/0fe599b2afb6708d281543108caf8310912f54af/sky130A/libs.ref/sky130_fd_sc_hd/verilog/sky130_fd_sc_hd.v:45337: warning: Timing checks are not supported and delayed signal "SET_B_delayed" will not be driven.
/home/vinicius.silva/.ciel/ciel/sky130/versions/0fe599b2afb6708d281543108caf8310912f54af/sky130A/libs.ref/sky130_fd_sc_hd/verilog/sky130_fd_sc_hd.v:45708: warning: Timing checks are not supported and delayed signal "RESET_B_delayed" will not be driven.
/home/vinicius.silva/.ciel/ciel/sky130/versions/0fe599b2afb6708d281543108caf8310912f54af/sky130A/libs.ref/sky130_fd_sc_hd/verilog/sky130_fd_sc_hd.v:45708: warning: Timing checks are not supported and delayed signal "CLK_delayed" will not be driven.
/home/vinicius.silva/.ciel/ciel/sky130/versions/0fe599b2afb6708d281543108caf8310912f54af/sky130A/libs.ref/sky130_fd_sc_hd/verilog/sky130_fd_sc_hd.v:45709: warning: Timing checks are not supported and delayed signal "CLK_delayed" will not be driven.
/home/vinicius.silva/.ciel/ciel/sky130/versions/0fe599b2afb6708d281543108caf8310912f54af/sky130A/libs.ref/sky130_fd_sc_hd/verilog/sky130_fd_sc_hd.v:45709: warning: Timing checks are not supported and delayed signal "D_delayed" will not be driven.
/home/vinicius.silva/.ciel/ciel/sky130/versions/0fe599b2afb6708d281543108caf8310912f54af/sky130A/libs.ref/sky130_fd_sc_hd/verilog/sky130_fd_sc_hd.v:45710: warning: Timing checks are not supported and delayed signal "CLK_delayed" will not be driven.
/home/vinicius.silva/.ciel/ciel/sky130/versions/0fe599b2afb6708d281543108caf8310912f54af/sky130A/libs.ref/sky130_fd_sc_hd/verilog/sky130_fd_sc_hd.v:45710: warning: Timing checks are not supported and delayed signal "D_delayed" will not be driven.
/home/vinicius.silva/.ciel/ciel/sky130/versions/0fe599b2afb6708d281543108caf8310912f54af/sky130A/libs.ref/sky130_fd_sc_hd/verilog/sky130_fd_sc_hd.v:46080: warning: Timing checks are not supported and delayed signal "RESET_B_delayed" will not be driven.
/home/vinicius.silva/.ciel/ciel/sky130/versions/0fe599b2afb6708d281543108caf8310912f54af/sky130A/libs.ref/sky130_fd_sc_hd/verilog/sky130_fd_sc_hd.v:46080: warning: Timing checks are not supported and delayed signal "CLK_delayed" will not be driven.
/home/vinicius.silva/.ciel/ciel/sky130/versions/0fe599b2afb6708d281543108caf8310912f54af/sky130A/libs.ref/sky130_fd_sc_hd/verilog/sky130_fd_sc_hd.v:46081: warning: Timing checks are not supported and delayed signal "CLK_delayed" will not be driven.
/home/vinicius.silva/.ciel/ciel/sky130/versions/0fe599b2afb6708d281543108caf8310912f54af/sky130A/libs.ref/sky130_fd_sc_hd/verilog/sky130_fd_sc_hd.v:46081: warning: Timing checks are not supported and delayed signal "D_delayed" will not be driven.
/home/vinicius.silva/.ciel/ciel/sky130/versions/0fe599b2afb6708d281543108caf8310912f54af/sky130A/libs.ref/sky130_fd_sc_hd/verilog/sky130_fd_sc_hd.v:46082: warning: Timing checks are not supported and delayed signal "CLK_delayed" will not be driven.
/home/vinicius.silva/.ciel/ciel/sky130/versions/0fe599b2afb6708d281543108caf8310912f54af/sky130A/libs.ref/sky130_fd_sc_hd/verilog/sky130_fd_sc_hd.v:46082: warning: Timing checks are not supported and delayed signal "D_delayed" will not be driven.
/home/vinicius.silva/.ciel/ciel/sky130/versions/0fe599b2afb6708d281543108caf8310912f54af/sky130A/libs.ref/sky130_fd_sc_hd/verilog/sky130_fd_sc_hd.v:46451: warning: Timing checks are not supported and delayed signal "RESET_B_delayed" will not be driven.
/home/vinicius.silva/.ciel/ciel/sky130/versions/0fe599b2afb6708d281543108caf8310912f54af/sky130A/libs.ref/sky130_fd_sc_hd/verilog/sky130_fd_sc_hd.v:46451: warning: Timing checks are not supported and delayed signal "CLK_N_delayed" will not be driven.
/home/vinicius.silva/.ciel/ciel/sky130/versions/0fe599b2afb6708d281543108caf8310912f54af/sky130A/libs.ref/sky130_fd_sc_hd/verilog/sky130_fd_sc_hd.v:46452: warning: Timing checks are not supported and delayed signal "CLK_N_delayed" will not be driven.
/home/vinicius.silva/.ciel/ciel/sky130/versions/0fe599b2afb6708d281543108caf8310912f54af/sky130A/libs.ref/sky130_fd_sc_hd/verilog/sky130_fd_sc_hd.v:46452: warning: Timing checks are not supported and delayed signal "D_delayed" will not be driven.
/home/vinicius.silva/.ciel/ciel/sky130/versions/0fe599b2afb6708d281543108caf8310912f54af/sky130A/libs.ref/sky130_fd_sc_hd/verilog/sky130_fd_sc_hd.v:46453: warning: Timing checks are not supported and delayed signal "CLK_N_delayed" will not be driven.
/home/vinicius.silva/.ciel/ciel/sky130/versions/0fe599b2afb6708d281543108caf8310912f54af/sky130A/libs.ref/sky130_fd_sc_hd/verilog/sky130_fd_sc_hd.v:46453: warning: Timing checks are not supported and delayed signal "D_delayed" will not be driven.
/home/vinicius.silva/.ciel/ciel/sky130/versions/0fe599b2afb6708d281543108caf8310912f54af/sky130A/libs.ref/sky130_fd_sc_hd/verilog/sky130_fd_sc_hd.v:46809: warning: Timing checks are not supported and delayed signal "RESET_B_delayed" will not be driven.
/home/vinicius.silva/.ciel/ciel/sky130/versions/0fe599b2afb6708d281543108caf8310912f54af/sky130A/libs.ref/sky130_fd_sc_hd/verilog/sky130_fd_sc_hd.v:46809: warning: Timing checks are not supported and delayed signal "CLK_delayed" will not be driven.
/home/vinicius.silva/.ciel/ciel/sky130/versions/0fe599b2afb6708d281543108caf8310912f54af/sky130A/libs.ref/sky130_fd_sc_hd/verilog/sky130_fd_sc_hd.v:46810: warning: Timing checks are not supported and delayed signal "CLK_delayed" will not be driven.
/home/vinicius.silva/.ciel/ciel/sky130/versions/0fe599b2afb6708d281543108caf8310912f54af/sky130A/libs.ref/sky130_fd_sc_hd/verilog/sky130_fd_sc_hd.v:46810: warning: Timing checks are not supported and delayed signal "D_delayed" will not be driven.
/home/vinicius.silva/.ciel/ciel/sky130/versions/0fe599b2afb6708d281543108caf8310912f54af/sky130A/libs.ref/sky130_fd_sc_hd/verilog/sky130_fd_sc_hd.v:46811: warning: Timing checks are not supported and delayed signal "CLK_delayed" will not be driven.
/home/vinicius.silva/.ciel/ciel/sky130/versions/0fe599b2afb6708d281543108caf8310912f54af/sky130A/libs.ref/sky130_fd_sc_hd/verilog/sky130_fd_sc_hd.v:46811: warning: Timing checks are not supported and delayed signal "D_delayed" will not be driven.
/home/vinicius.silva/.ciel/ciel/sky130/versions/0fe599b2afb6708d281543108caf8310912f54af/sky130A/libs.ref/sky130_fd_sc_hd/verilog/sky130_fd_sc_hd.v:47167: warning: Timing checks are not supported and delayed signal "RESET_B_delayed" will not be driven.
/home/vinicius.silva/.ciel/ciel/sky130/versions/0fe599b2afb6708d281543108caf8310912f54af/sky130A/libs.ref/sky130_fd_sc_hd/verilog/sky130_fd_sc_hd.v:47167: warning: Timing checks are not supported and delayed signal "CLK_delayed" will not be driven.
/home/vinicius.silva/.ciel/ciel/sky130/versions/0fe599b2afb6708d281543108caf8310912f54af/sky130A/libs.ref/sky130_fd_sc_hd/verilog/sky130_fd_sc_hd.v:47168: warning: Timing checks are not supported and delayed signal "CLK_delayed" will not be driven.
/home/vinicius.silva/.ciel/ciel/sky130/versions/0fe599b2afb6708d281543108caf8310912f54af/sky130A/libs.ref/sky130_fd_sc_hd/verilog/sky130_fd_sc_hd.v:47168: warning: Timing checks are not supported and delayed signal "D_delayed" will not be driven.
/home/vinicius.silva/.ciel/ciel/sky130/versions/0fe599b2afb6708d281543108caf8310912f54af/sky130A/libs.ref/sky130_fd_sc_hd/verilog/sky130_fd_sc_hd.v:47169: warning: Timing checks are not supported and delayed signal "CLK_delayed" will not be driven.
/home/vinicius.silva/.ciel/ciel/sky130/versions/0fe599b2afb6708d281543108caf8310912f54af/sky130A/libs.ref/sky130_fd_sc_hd/verilog/sky130_fd_sc_hd.v:47169: warning: Timing checks are not supported and delayed signal "D_delayed" will not be driven.
/home/vinicius.silva/.ciel/ciel/sky130/versions/0fe599b2afb6708d281543108caf8310912f54af/sky130A/libs.ref/sky130_fd_sc_hd/verilog/sky130_fd_sc_hd.v:47525: warning: Timing checks are not supported and delayed signal "RESET_B_delayed" will not be driven.
/home/vinicius.silva/.ciel/ciel/sky130/versions/0fe599b2afb6708d281543108caf8310912f54af/sky130A/libs.ref/sky130_fd_sc_hd/verilog/sky130_fd_sc_hd.v:47525: warning: Timing checks are not supported and delayed signal "CLK_delayed" will not be driven.
/home/vinicius.silva/.ciel/ciel/sky130/versions/0fe599b2afb6708d281543108caf8310912f54af/sky130A/libs.ref/sky130_fd_sc_hd/verilog/sky130_fd_sc_hd.v:47526: warning: Timing checks are not supported and delayed signal "CLK_delayed" will not be driven.
/home/vinicius.silva/.ciel/ciel/sky130/versions/0fe599b2afb6708d281543108caf8310912f54af/sky130A/libs.ref/sky130_fd_sc_hd/verilog/sky130_fd_sc_hd.v:47526: warning: Timing checks are not supported and delayed signal "D_delayed" will not be driven.
/home/vinicius.silva/.ciel/ciel/sky130/versions/0fe599b2afb6708d281543108caf8310912f54af/sky130A/libs.ref/sky130_fd_sc_hd/verilog/sky130_fd_sc_hd.v:47527: warning: Timing checks are not supported and delayed signal "CLK_delayed" will not be driven.
/home/vinicius.silva/.ciel/ciel/sky130/versions/0fe599b2afb6708d281543108caf8310912f54af/sky130A/libs.ref/sky130_fd_sc_hd/verilog/sky130_fd_sc_hd.v:47527: warning: Timing checks are not supported and delayed signal "D_delayed" will not be driven.
/home/vinicius.silva/.ciel/ciel/sky130/versions/0fe599b2afb6708d281543108caf8310912f54af/sky130A/libs.ref/sky130_fd_sc_hd/verilog/sky130_fd_sc_hd.v:47899: warning: Timing checks are not supported and delayed signal "SET_B_delayed" will not be driven.
/home/vinicius.silva/.ciel/ciel/sky130/versions/0fe599b2afb6708d281543108caf8310912f54af/sky130A/libs.ref/sky130_fd_sc_hd/verilog/sky130_fd_sc_hd.v:47899: warning: Timing checks are not supported and delayed signal "CLK_delayed" will not be driven.
/home/vinicius.silva/.ciel/ciel/sky130/versions/0fe599b2afb6708d281543108caf8310912f54af/sky130A/libs.ref/sky130_fd_sc_hd/verilog/sky130_fd_sc_hd.v:47900: warning: Timing checks are not supported and delayed signal "CLK_delayed" will not be driven.
/home/vinicius.silva/.ciel/ciel/sky130/versions/0fe599b2afb6708d281543108caf8310912f54af/sky130A/libs.ref/sky130_fd_sc_hd/verilog/sky130_fd_sc_hd.v:47900: warning: Timing checks are not supported and delayed signal "D_delayed" will not be driven.
/home/vinicius.silva/.ciel/ciel/sky130/versions/0fe599b2afb6708d281543108caf8310912f54af/sky130A/libs.ref/sky130_fd_sc_hd/verilog/sky130_fd_sc_hd.v:47901: warning: Timing checks are not supported and delayed signal "CLK_delayed" will not be driven.
/home/vinicius.silva/.ciel/ciel/sky130/versions/0fe599b2afb6708d281543108caf8310912f54af/sky130A/libs.ref/sky130_fd_sc_hd/verilog/sky130_fd_sc_hd.v:47901: warning: Timing checks are not supported and delayed signal "D_delayed" will not be driven.
/home/vinicius.silva/.ciel/ciel/sky130/versions/0fe599b2afb6708d281543108caf8310912f54af/sky130A/libs.ref/sky130_fd_sc_hd/verilog/sky130_fd_sc_hd.v:48273: warning: Timing checks are not supported and delayed signal "SET_B_delayed" will not be driven.
/home/vinicius.silva/.ciel/ciel/sky130/versions/0fe599b2afb6708d281543108caf8310912f54af/sky130A/libs.ref/sky130_fd_sc_hd/verilog/sky130_fd_sc_hd.v:48273: warning: Timing checks are not supported and delayed signal "CLK_delayed" will not be driven.
/home/vinicius.silva/.ciel/ciel/sky130/versions/0fe599b2afb6708d281543108caf8310912f54af/sky130A/libs.ref/sky130_fd_sc_hd/verilog/sky130_fd_sc_hd.v:48274: warning: Timing checks are not supported and delayed signal "CLK_delayed" will not be driven.
/home/vinicius.silva/.ciel/ciel/sky130/versions/0fe599b2afb6708d281543108caf8310912f54af/sky130A/libs.ref/sky130_fd_sc_hd/verilog/sky130_fd_sc_hd.v:48274: warning: Timing checks are not supported and delayed signal "D_delayed" will not be driven.
/home/vinicius.silva/.ciel/ciel/sky130/versions/0fe599b2afb6708d281543108caf8310912f54af/sky130A/libs.ref/sky130_fd_sc_hd/verilog/sky130_fd_sc_hd.v:48275: warning: Timing checks are not supported and delayed signal "CLK_delayed" will not be driven.
/home/vinicius.silva/.ciel/ciel/sky130/versions/0fe599b2afb6708d281543108caf8310912f54af/sky130A/libs.ref/sky130_fd_sc_hd/verilog/sky130_fd_sc_hd.v:48275: warning: Timing checks are not supported and delayed signal "D_delayed" will not be driven.
/home/vinicius.silva/.ciel/ciel/sky130/versions/0fe599b2afb6708d281543108caf8310912f54af/sky130A/libs.ref/sky130_fd_sc_hd/verilog/sky130_fd_sc_hd.v:48631: warning: Timing checks are not supported and delayed signal "SET_B_delayed" will not be driven.
/home/vinicius.silva/.ciel/ciel/sky130/versions/0fe599b2afb6708d281543108caf8310912f54af/sky130A/libs.ref/sky130_fd_sc_hd/verilog/sky130_fd_sc_hd.v:48631: warning: Timing checks are not supported and delayed signal "CLK_delayed" will not be driven.
/home/vinicius.silva/.ciel/ciel/sky130/versions/0fe599b2afb6708d281543108caf8310912f54af/sky130A/libs.ref/sky130_fd_sc_hd/verilog/sky130_fd_sc_hd.v:48632: warning: Timing checks are not supported and delayed signal "CLK_delayed" will not be driven.
/home/vinicius.silva/.ciel/ciel/sky130/versions/0fe599b2afb6708d281543108caf8310912f54af/sky130A/libs.ref/sky130_fd_sc_hd/verilog/sky130_fd_sc_hd.v:48632: warning: Timing checks are not supported and delayed signal "D_delayed" will not be driven.
/home/vinicius.silva/.ciel/ciel/sky130/versions/0fe599b2afb6708d281543108caf8310912f54af/sky130A/libs.ref/sky130_fd_sc_hd/verilog/sky130_fd_sc_hd.v:48633: warning: Timing checks are not supported and delayed signal "CLK_delayed" will not be driven.
/home/vinicius.silva/.ciel/ciel/sky130/versions/0fe599b2afb6708d281543108caf8310912f54af/sky130A/libs.ref/sky130_fd_sc_hd/verilog/sky130_fd_sc_hd.v:48633: warning: Timing checks are not supported and delayed signal "D_delayed" will not be driven.
/home/vinicius.silva/.ciel/ciel/sky130/versions/0fe599b2afb6708d281543108caf8310912f54af/sky130A/libs.ref/sky130_fd_sc_hd/verilog/sky130_fd_sc_hd.v:48989: warning: Timing checks are not supported and delayed signal "SET_B_delayed" will not be driven.
/home/vinicius.silva/.ciel/ciel/sky130/versions/0fe599b2afb6708d281543108caf8310912f54af/sky130A/libs.ref/sky130_fd_sc_hd/verilog/sky130_fd_sc_hd.v:48989: warning: Timing checks are not supported and delayed signal "CLK_delayed" will not be driven.
/home/vinicius.silva/.ciel/ciel/sky130/versions/0fe599b2afb6708d281543108caf8310912f54af/sky130A/libs.ref/sky130_fd_sc_hd/verilog/sky130_fd_sc_hd.v:48990: warning: Timing checks are not supported and delayed signal "CLK_delayed" will not be driven.
/home/vinicius.silva/.ciel/ciel/sky130/versions/0fe599b2afb6708d281543108caf8310912f54af/sky130A/libs.ref/sky130_fd_sc_hd/verilog/sky130_fd_sc_hd.v:48990: warning: Timing checks are not supported and delayed signal "D_delayed" will not be driven.
/home/vinicius.silva/.ciel/ciel/sky130/versions/0fe599b2afb6708d281543108caf8310912f54af/sky130A/libs.ref/sky130_fd_sc_hd/verilog/sky130_fd_sc_hd.v:48991: warning: Timing checks are not supported and delayed signal "CLK_delayed" will not be driven.
/home/vinicius.silva/.ciel/ciel/sky130/versions/0fe599b2afb6708d281543108caf8310912f54af/sky130A/libs.ref/sky130_fd_sc_hd/verilog/sky130_fd_sc_hd.v:48991: warning: Timing checks are not supported and delayed signal "D_delayed" will not be driven.
/home/vinicius.silva/.ciel/ciel/sky130/versions/0fe599b2afb6708d281543108caf8310912f54af/sky130A/libs.ref/sky130_fd_sc_hd/verilog/sky130_fd_sc_hd.v:49347: warning: Timing checks are not supported and delayed signal "SET_B_delayed" will not be driven.
/home/vinicius.silva/.ciel/ciel/sky130/versions/0fe599b2afb6708d281543108caf8310912f54af/sky130A/libs.ref/sky130_fd_sc_hd/verilog/sky130_fd_sc_hd.v:49347: warning: Timing checks are not supported and delayed signal "CLK_delayed" will not be driven.
/home/vinicius.silva/.ciel/ciel/sky130/versions/0fe599b2afb6708d281543108caf8310912f54af/sky130A/libs.ref/sky130_fd_sc_hd/verilog/sky130_fd_sc_hd.v:49348: warning: Timing checks are not supported and delayed signal "CLK_delayed" will not be driven.
/home/vinicius.silva/.ciel/ciel/sky130/versions/0fe599b2afb6708d281543108caf8310912f54af/sky130A/libs.ref/sky130_fd_sc_hd/verilog/sky130_fd_sc_hd.v:49348: warning: Timing checks are not supported and delayed signal "D_delayed" will not be driven.
/home/vinicius.silva/.ciel/ciel/sky130/versions/0fe599b2afb6708d281543108caf8310912f54af/sky130A/libs.ref/sky130_fd_sc_hd/verilog/sky130_fd_sc_hd.v:49349: warning: Timing checks are not supported and delayed signal "CLK_delayed" will not be driven.
/home/vinicius.silva/.ciel/ciel/sky130/versions/0fe599b2afb6708d281543108caf8310912f54af/sky130A/libs.ref/sky130_fd_sc_hd/verilog/sky130_fd_sc_hd.v:49349: warning: Timing checks are not supported and delayed signal "D_delayed" will not be driven.
/home/vinicius.silva/.ciel/ciel/sky130/versions/0fe599b2afb6708d281543108caf8310912f54af/sky130A/libs.ref/sky130_fd_sc_hd/verilog/sky130_fd_sc_hd.v:49691: warning: Timing checks are not supported and delayed signal "CLK_delayed" will not be driven.
/home/vinicius.silva/.ciel/ciel/sky130/versions/0fe599b2afb6708d281543108caf8310912f54af/sky130A/libs.ref/sky130_fd_sc_hd/verilog/sky130_fd_sc_hd.v:49691: warning: Timing checks are not supported and delayed signal "D_delayed" will not be driven.
/home/vinicius.silva/.ciel/ciel/sky130/versions/0fe599b2afb6708d281543108caf8310912f54af/sky130A/libs.ref/sky130_fd_sc_hd/verilog/sky130_fd_sc_hd.v:49692: warning: Timing checks are not supported and delayed signal "CLK_delayed" will not be driven.
/home/vinicius.silva/.ciel/ciel/sky130/versions/0fe599b2afb6708d281543108caf8310912f54af/sky130A/libs.ref/sky130_fd_sc_hd/verilog/sky130_fd_sc_hd.v:49692: warning: Timing checks are not supported and delayed signal "D_delayed" will not be driven.
/home/vinicius.silva/.ciel/ciel/sky130/versions/0fe599b2afb6708d281543108caf8310912f54af/sky130A/libs.ref/sky130_fd_sc_hd/verilog/sky130_fd_sc_hd.v:50031: warning: Timing checks are not supported and delayed signal "CLK_delayed" will not be driven.
/home/vinicius.silva/.ciel/ciel/sky130/versions/0fe599b2afb6708d281543108caf8310912f54af/sky130A/libs.ref/sky130_fd_sc_hd/verilog/sky130_fd_sc_hd.v:50031: warning: Timing checks are not supported and delayed signal "D_delayed" will not be driven.
/home/vinicius.silva/.ciel/ciel/sky130/versions/0fe599b2afb6708d281543108caf8310912f54af/sky130A/libs.ref/sky130_fd_sc_hd/verilog/sky130_fd_sc_hd.v:50032: warning: Timing checks are not supported and delayed signal "CLK_delayed" will not be driven.
/home/vinicius.silva/.ciel/ciel/sky130/versions/0fe599b2afb6708d281543108caf8310912f54af/sky130A/libs.ref/sky130_fd_sc_hd/verilog/sky130_fd_sc_hd.v:50032: warning: Timing checks are not supported and delayed signal "D_delayed" will not be driven.
/home/vinicius.silva/.ciel/ciel/sky130/versions/0fe599b2afb6708d281543108caf8310912f54af/sky130A/libs.ref/sky130_fd_sc_hd/verilog/sky130_fd_sc_hd.v:50357: warning: Timing checks are not supported and delayed signal "CLK_delayed" will not be driven.
/home/vinicius.silva/.ciel/ciel/sky130/versions/0fe599b2afb6708d281543108caf8310912f54af/sky130A/libs.ref/sky130_fd_sc_hd/verilog/sky130_fd_sc_hd.v:50357: warning: Timing checks are not supported and delayed signal "D_delayed" will not be driven.
/home/vinicius.silva/.ciel/ciel/sky130/versions/0fe599b2afb6708d281543108caf8310912f54af/sky130A/libs.ref/sky130_fd_sc_hd/verilog/sky130_fd_sc_hd.v:50358: warning: Timing checks are not supported and delayed signal "CLK_delayed" will not be driven.
/home/vinicius.silva/.ciel/ciel/sky130/versions/0fe599b2afb6708d281543108caf8310912f54af/sky130A/libs.ref/sky130_fd_sc_hd/verilog/sky130_fd_sc_hd.v:50358: warning: Timing checks are not supported and delayed signal "D_delayed" will not be driven.
/home/vinicius.silva/.ciel/ciel/sky130/versions/0fe599b2afb6708d281543108caf8310912f54af/sky130A/libs.ref/sky130_fd_sc_hd/verilog/sky130_fd_sc_hd.v:50683: warning: Timing checks are not supported and delayed signal "CLK_delayed" will not be driven.
/home/vinicius.silva/.ciel/ciel/sky130/versions/0fe599b2afb6708d281543108caf8310912f54af/sky130A/libs.ref/sky130_fd_sc_hd/verilog/sky130_fd_sc_hd.v:50683: warning: Timing checks are not supported and delayed signal "D_delayed" will not be driven.
/home/vinicius.silva/.ciel/ciel/sky130/versions/0fe599b2afb6708d281543108caf8310912f54af/sky130A/libs.ref/sky130_fd_sc_hd/verilog/sky130_fd_sc_hd.v:50684: warning: Timing checks are not supported and delayed signal "CLK_delayed" will not be driven.
/home/vinicius.silva/.ciel/ciel/sky130/versions/0fe599b2afb6708d281543108caf8310912f54af/sky130A/libs.ref/sky130_fd_sc_hd/verilog/sky130_fd_sc_hd.v:50684: warning: Timing checks are not supported and delayed signal "D_delayed" will not be driven.
/home/vinicius.silva/.ciel/ciel/sky130/versions/0fe599b2afb6708d281543108caf8310912f54af/sky130A/libs.ref/sky130_fd_sc_hd/verilog/sky130_fd_sc_hd.v:51009: warning: Timing checks are not supported and delayed signal "CLK_delayed" will not be driven.
/home/vinicius.silva/.ciel/ciel/sky130/versions/0fe599b2afb6708d281543108caf8310912f54af/sky130A/libs.ref/sky130_fd_sc_hd/verilog/sky130_fd_sc_hd.v:51009: warning: Timing checks are not supported and delayed signal "D_delayed" will not be driven.
/home/vinicius.silva/.ciel/ciel/sky130/versions/0fe599b2afb6708d281543108caf8310912f54af/sky130A/libs.ref/sky130_fd_sc_hd/verilog/sky130_fd_sc_hd.v:51010: warning: Timing checks are not supported and delayed signal "CLK_delayed" will not be driven.
/home/vinicius.silva/.ciel/ciel/sky130/versions/0fe599b2afb6708d281543108caf8310912f54af/sky130A/libs.ref/sky130_fd_sc_hd/verilog/sky130_fd_sc_hd.v:51010: warning: Timing checks are not supported and delayed signal "D_delayed" will not be driven.
/home/vinicius.silva/.ciel/ciel/sky130/versions/0fe599b2afb6708d281543108caf8310912f54af/sky130A/libs.ref/sky130_fd_sc_hd/verilog/sky130_fd_sc_hd.v:51591: warning: Timing checks are not supported and delayed signal "CLK_delayed" will not be driven.
/home/vinicius.silva/.ciel/ciel/sky130/versions/0fe599b2afb6708d281543108caf8310912f54af/sky130A/libs.ref/sky130_fd_sc_hd/verilog/sky130_fd_sc_hd.v:51591: warning: Timing checks are not supported and delayed signal "GATE_delayed" will not be driven.
/home/vinicius.silva/.ciel/ciel/sky130/versions/0fe599b2afb6708d281543108caf8310912f54af/sky130A/libs.ref/sky130_fd_sc_hd/verilog/sky130_fd_sc_hd.v:51592: warning: Timing checks are not supported and delayed signal "CLK_delayed" will not be driven.
/home/vinicius.silva/.ciel/ciel/sky130/versions/0fe599b2afb6708d281543108caf8310912f54af/sky130A/libs.ref/sky130_fd_sc_hd/verilog/sky130_fd_sc_hd.v:51592: warning: Timing checks are not supported and delayed signal "GATE_delayed" will not be driven.
/home/vinicius.silva/.ciel/ciel/sky130/versions/0fe599b2afb6708d281543108caf8310912f54af/sky130A/libs.ref/sky130_fd_sc_hd/verilog/sky130_fd_sc_hd.v:51923: warning: Timing checks are not supported and delayed signal "CLK_delayed" will not be driven.
/home/vinicius.silva/.ciel/ciel/sky130/versions/0fe599b2afb6708d281543108caf8310912f54af/sky130A/libs.ref/sky130_fd_sc_hd/verilog/sky130_fd_sc_hd.v:51923: warning: Timing checks are not supported and delayed signal "GATE_delayed" will not be driven.
/home/vinicius.silva/.ciel/ciel/sky130/versions/0fe599b2afb6708d281543108caf8310912f54af/sky130A/libs.ref/sky130_fd_sc_hd/verilog/sky130_fd_sc_hd.v:51924: warning: Timing checks are not supported and delayed signal "CLK_delayed" will not be driven.
/home/vinicius.silva/.ciel/ciel/sky130/versions/0fe599b2afb6708d281543108caf8310912f54af/sky130A/libs.ref/sky130_fd_sc_hd/verilog/sky130_fd_sc_hd.v:51924: warning: Timing checks are not supported and delayed signal "GATE_delayed" will not be driven.
/home/vinicius.silva/.ciel/ciel/sky130/versions/0fe599b2afb6708d281543108caf8310912f54af/sky130A/libs.ref/sky130_fd_sc_hd/verilog/sky130_fd_sc_hd.v:52255: warning: Timing checks are not supported and delayed signal "CLK_delayed" will not be driven.
/home/vinicius.silva/.ciel/ciel/sky130/versions/0fe599b2afb6708d281543108caf8310912f54af/sky130A/libs.ref/sky130_fd_sc_hd/verilog/sky130_fd_sc_hd.v:52255: warning: Timing checks are not supported and delayed signal "GATE_delayed" will not be driven.
/home/vinicius.silva/.ciel/ciel/sky130/versions/0fe599b2afb6708d281543108caf8310912f54af/sky130A/libs.ref/sky130_fd_sc_hd/verilog/sky130_fd_sc_hd.v:52256: warning: Timing checks are not supported and delayed signal "CLK_delayed" will not be driven.
/home/vinicius.silva/.ciel/ciel/sky130/versions/0fe599b2afb6708d281543108caf8310912f54af/sky130A/libs.ref/sky130_fd_sc_hd/verilog/sky130_fd_sc_hd.v:52256: warning: Timing checks are not supported and delayed signal "GATE_delayed" will not be driven.
/home/vinicius.silva/.ciel/ciel/sky130/versions/0fe599b2afb6708d281543108caf8310912f54af/sky130A/libs.ref/sky130_fd_sc_hd/verilog/sky130_fd_sc_hd.v:52644: warning: Timing checks are not supported and delayed signal "RESET_B_delayed" will not be driven.
/home/vinicius.silva/.ciel/ciel/sky130/versions/0fe599b2afb6708d281543108caf8310912f54af/sky130A/libs.ref/sky130_fd_sc_hd/verilog/sky130_fd_sc_hd.v:52644: warning: Timing checks are not supported and delayed signal "GATE_N_delayed" will not be driven.
/home/vinicius.silva/.ciel/ciel/sky130/versions/0fe599b2afb6708d281543108caf8310912f54af/sky130A/libs.ref/sky130_fd_sc_hd/verilog/sky130_fd_sc_hd.v:52645: warning: Timing checks are not supported and delayed signal "GATE_N_delayed" will not be driven.
/home/vinicius.silva/.ciel/ciel/sky130/versions/0fe599b2afb6708d281543108caf8310912f54af/sky130A/libs.ref/sky130_fd_sc_hd/verilog/sky130_fd_sc_hd.v:52645: warning: Timing checks are not supported and delayed signal "D_delayed" will not be driven.
/home/vinicius.silva/.ciel/ciel/sky130/versions/0fe599b2afb6708d281543108caf8310912f54af/sky130A/libs.ref/sky130_fd_sc_hd/verilog/sky130_fd_sc_hd.v:52646: warning: Timing checks are not supported and delayed signal "GATE_N_delayed" will not be driven.
/home/vinicius.silva/.ciel/ciel/sky130/versions/0fe599b2afb6708d281543108caf8310912f54af/sky130A/libs.ref/sky130_fd_sc_hd/verilog/sky130_fd_sc_hd.v:52646: warning: Timing checks are not supported and delayed signal "D_delayed" will not be driven.
/home/vinicius.silva/.ciel/ciel/sky130/versions/0fe599b2afb6708d281543108caf8310912f54af/sky130A/libs.ref/sky130_fd_sc_hd/verilog/sky130_fd_sc_hd.v:53037: warning: Timing checks are not supported and delayed signal "RESET_B_delayed" will not be driven.
/home/vinicius.silva/.ciel/ciel/sky130/versions/0fe599b2afb6708d281543108caf8310912f54af/sky130A/libs.ref/sky130_fd_sc_hd/verilog/sky130_fd_sc_hd.v:53037: warning: Timing checks are not supported and delayed signal "GATE_N_delayed" will not be driven.
/home/vinicius.silva/.ciel/ciel/sky130/versions/0fe599b2afb6708d281543108caf8310912f54af/sky130A/libs.ref/sky130_fd_sc_hd/verilog/sky130_fd_sc_hd.v:53038: warning: Timing checks are not supported and delayed signal "GATE_N_delayed" will not be driven.
/home/vinicius.silva/.ciel/ciel/sky130/versions/0fe599b2afb6708d281543108caf8310912f54af/sky130A/libs.ref/sky130_fd_sc_hd/verilog/sky130_fd_sc_hd.v:53038: warning: Timing checks are not supported and delayed signal "D_delayed" will not be driven.
/home/vinicius.silva/.ciel/ciel/sky130/versions/0fe599b2afb6708d281543108caf8310912f54af/sky130A/libs.ref/sky130_fd_sc_hd/verilog/sky130_fd_sc_hd.v:53039: warning: Timing checks are not supported and delayed signal "GATE_N_delayed" will not be driven.
/home/vinicius.silva/.ciel/ciel/sky130/versions/0fe599b2afb6708d281543108caf8310912f54af/sky130A/libs.ref/sky130_fd_sc_hd/verilog/sky130_fd_sc_hd.v:53039: warning: Timing checks are not supported and delayed signal "D_delayed" will not be driven.
/home/vinicius.silva/.ciel/ciel/sky130/versions/0fe599b2afb6708d281543108caf8310912f54af/sky130A/libs.ref/sky130_fd_sc_hd/verilog/sky130_fd_sc_hd.v:53422: warning: Timing checks are not supported and delayed signal "RESET_B_delayed" will not be driven.
/home/vinicius.silva/.ciel/ciel/sky130/versions/0fe599b2afb6708d281543108caf8310912f54af/sky130A/libs.ref/sky130_fd_sc_hd/verilog/sky130_fd_sc_hd.v:53422: warning: Timing checks are not supported and delayed signal "GATE_delayed" will not be driven.
/home/vinicius.silva/.ciel/ciel/sky130/versions/0fe599b2afb6708d281543108caf8310912f54af/sky130A/libs.ref/sky130_fd_sc_hd/verilog/sky130_fd_sc_hd.v:53423: warning: Timing checks are not supported and delayed signal "GATE_delayed" will not be driven.
/home/vinicius.silva/.ciel/ciel/sky130/versions/0fe599b2afb6708d281543108caf8310912f54af/sky130A/libs.ref/sky130_fd_sc_hd/verilog/sky130_fd_sc_hd.v:53423: warning: Timing checks are not supported and delayed signal "D_delayed" will not be driven.
/home/vinicius.silva/.ciel/ciel/sky130/versions/0fe599b2afb6708d281543108caf8310912f54af/sky130A/libs.ref/sky130_fd_sc_hd/verilog/sky130_fd_sc_hd.v:53424: warning: Timing checks are not supported and delayed signal "GATE_delayed" will not be driven.
/home/vinicius.silva/.ciel/ciel/sky130/versions/0fe599b2afb6708d281543108caf8310912f54af/sky130A/libs.ref/sky130_fd_sc_hd/verilog/sky130_fd_sc_hd.v:53424: warning: Timing checks are not supported and delayed signal "D_delayed" will not be driven.
/home/vinicius.silva/.ciel/ciel/sky130/versions/0fe599b2afb6708d281543108caf8310912f54af/sky130A/libs.ref/sky130_fd_sc_hd/verilog/sky130_fd_sc_hd.v:53807: warning: Timing checks are not supported and delayed signal "RESET_B_delayed" will not be driven.
/home/vinicius.silva/.ciel/ciel/sky130/versions/0fe599b2afb6708d281543108caf8310912f54af/sky130A/libs.ref/sky130_fd_sc_hd/verilog/sky130_fd_sc_hd.v:53807: warning: Timing checks are not supported and delayed signal "GATE_delayed" will not be driven.
/home/vinicius.silva/.ciel/ciel/sky130/versions/0fe599b2afb6708d281543108caf8310912f54af/sky130A/libs.ref/sky130_fd_sc_hd/verilog/sky130_fd_sc_hd.v:53808: warning: Timing checks are not supported and delayed signal "GATE_delayed" will not be driven.
/home/vinicius.silva/.ciel/ciel/sky130/versions/0fe599b2afb6708d281543108caf8310912f54af/sky130A/libs.ref/sky130_fd_sc_hd/verilog/sky130_fd_sc_hd.v:53808: warning: Timing checks are not supported and delayed signal "D_delayed" will not be driven.
/home/vinicius.silva/.ciel/ciel/sky130/versions/0fe599b2afb6708d281543108caf8310912f54af/sky130A/libs.ref/sky130_fd_sc_hd/verilog/sky130_fd_sc_hd.v:53809: warning: Timing checks are not supported and delayed signal "GATE_delayed" will not be driven.
/home/vinicius.silva/.ciel/ciel/sky130/versions/0fe599b2afb6708d281543108caf8310912f54af/sky130A/libs.ref/sky130_fd_sc_hd/verilog/sky130_fd_sc_hd.v:53809: warning: Timing checks are not supported and delayed signal "D_delayed" will not be driven.
/home/vinicius.silva/.ciel/ciel/sky130/versions/0fe599b2afb6708d281543108caf8310912f54af/sky130A/libs.ref/sky130_fd_sc_hd/verilog/sky130_fd_sc_hd.v:54177: warning: Timing checks are not supported and delayed signal "RESET_B_delayed" will not be driven.
/home/vinicius.silva/.ciel/ciel/sky130/versions/0fe599b2afb6708d281543108caf8310912f54af/sky130A/libs.ref/sky130_fd_sc_hd/verilog/sky130_fd_sc_hd.v:54177: warning: Timing checks are not supported and delayed signal "GATE_N_delayed" will not be driven.
/home/vinicius.silva/.ciel/ciel/sky130/versions/0fe599b2afb6708d281543108caf8310912f54af/sky130A/libs.ref/sky130_fd_sc_hd/verilog/sky130_fd_sc_hd.v:54178: warning: Timing checks are not supported and delayed signal "GATE_N_delayed" will not be driven.
/home/vinicius.silva/.ciel/ciel/sky130/versions/0fe599b2afb6708d281543108caf8310912f54af/sky130A/libs.ref/sky130_fd_sc_hd/verilog/sky130_fd_sc_hd.v:54178: warning: Timing checks are not supported and delayed signal "D_delayed" will not be driven.
/home/vinicius.silva/.ciel/ciel/sky130/versions/0fe599b2afb6708d281543108caf8310912f54af/sky130A/libs.ref/sky130_fd_sc_hd/verilog/sky130_fd_sc_hd.v:54179: warning: Timing checks are not supported and delayed signal "GATE_N_delayed" will not be driven.
/home/vinicius.silva/.ciel/ciel/sky130/versions/0fe599b2afb6708d281543108caf8310912f54af/sky130A/libs.ref/sky130_fd_sc_hd/verilog/sky130_fd_sc_hd.v:54179: warning: Timing checks are not supported and delayed signal "D_delayed" will not be driven.
/home/vinicius.silva/.ciel/ciel/sky130/versions/0fe599b2afb6708d281543108caf8310912f54af/sky130A/libs.ref/sky130_fd_sc_hd/verilog/sky130_fd_sc_hd.v:54547: warning: Timing checks are not supported and delayed signal "RESET_B_delayed" will not be driven.
/home/vinicius.silva/.ciel/ciel/sky130/versions/0fe599b2afb6708d281543108caf8310912f54af/sky130A/libs.ref/sky130_fd_sc_hd/verilog/sky130_fd_sc_hd.v:54547: warning: Timing checks are not supported and delayed signal "GATE_N_delayed" will not be driven.
/home/vinicius.silva/.ciel/ciel/sky130/versions/0fe599b2afb6708d281543108caf8310912f54af/sky130A/libs.ref/sky130_fd_sc_hd/verilog/sky130_fd_sc_hd.v:54548: warning: Timing checks are not supported and delayed signal "GATE_N_delayed" will not be driven.
/home/vinicius.silva/.ciel/ciel/sky130/versions/0fe599b2afb6708d281543108caf8310912f54af/sky130A/libs.ref/sky130_fd_sc_hd/verilog/sky130_fd_sc_hd.v:54548: warning: Timing checks are not supported and delayed signal "D_delayed" will not be driven.
/home/vinicius.silva/.ciel/ciel/sky130/versions/0fe599b2afb6708d281543108caf8310912f54af/sky130A/libs.ref/sky130_fd_sc_hd/verilog/sky130_fd_sc_hd.v:54549: warning: Timing checks are not supported and delayed signal "GATE_N_delayed" will not be driven.
/home/vinicius.silva/.ciel/ciel/sky130/versions/0fe599b2afb6708d281543108caf8310912f54af/sky130A/libs.ref/sky130_fd_sc_hd/verilog/sky130_fd_sc_hd.v:54549: warning: Timing checks are not supported and delayed signal "D_delayed" will not be driven.
/home/vinicius.silva/.ciel/ciel/sky130/versions/0fe599b2afb6708d281543108caf8310912f54af/sky130A/libs.ref/sky130_fd_sc_hd/verilog/sky130_fd_sc_hd.v:54917: warning: Timing checks are not supported and delayed signal "RESET_B_delayed" will not be driven.
/home/vinicius.silva/.ciel/ciel/sky130/versions/0fe599b2afb6708d281543108caf8310912f54af/sky130A/libs.ref/sky130_fd_sc_hd/verilog/sky130_fd_sc_hd.v:54917: warning: Timing checks are not supported and delayed signal "GATE_N_delayed" will not be driven.
/home/vinicius.silva/.ciel/ciel/sky130/versions/0fe599b2afb6708d281543108caf8310912f54af/sky130A/libs.ref/sky130_fd_sc_hd/verilog/sky130_fd_sc_hd.v:54918: warning: Timing checks are not supported and delayed signal "GATE_N_delayed" will not be driven.
/home/vinicius.silva/.ciel/ciel/sky130/versions/0fe599b2afb6708d281543108caf8310912f54af/sky130A/libs.ref/sky130_fd_sc_hd/verilog/sky130_fd_sc_hd.v:54918: warning: Timing checks are not supported and delayed signal "D_delayed" will not be driven.
/home/vinicius.silva/.ciel/ciel/sky130/versions/0fe599b2afb6708d281543108caf8310912f54af/sky130A/libs.ref/sky130_fd_sc_hd/verilog/sky130_fd_sc_hd.v:54919: warning: Timing checks are not supported and delayed signal "GATE_N_delayed" will not be driven.
/home/vinicius.silva/.ciel/ciel/sky130/versions/0fe599b2afb6708d281543108caf8310912f54af/sky130A/libs.ref/sky130_fd_sc_hd/verilog/sky130_fd_sc_hd.v:54919: warning: Timing checks are not supported and delayed signal "D_delayed" will not be driven.
/home/vinicius.silva/.ciel/ciel/sky130/versions/0fe599b2afb6708d281543108caf8310912f54af/sky130A/libs.ref/sky130_fd_sc_hd/verilog/sky130_fd_sc_hd.v:55284: warning: Timing checks are not supported and delayed signal "RESET_B_delayed" will not be driven.
/home/vinicius.silva/.ciel/ciel/sky130/versions/0fe599b2afb6708d281543108caf8310912f54af/sky130A/libs.ref/sky130_fd_sc_hd/verilog/sky130_fd_sc_hd.v:55284: warning: Timing checks are not supported and delayed signal "GATE_delayed" will not be driven.
/home/vinicius.silva/.ciel/ciel/sky130/versions/0fe599b2afb6708d281543108caf8310912f54af/sky130A/libs.ref/sky130_fd_sc_hd/verilog/sky130_fd_sc_hd.v:55285: warning: Timing checks are not supported and delayed signal "GATE_delayed" will not be driven.
/home/vinicius.silva/.ciel/ciel/sky130/versions/0fe599b2afb6708d281543108caf8310912f54af/sky130A/libs.ref/sky130_fd_sc_hd/verilog/sky130_fd_sc_hd.v:55285: warning: Timing checks are not supported and delayed signal "D_delayed" will not be driven.
/home/vinicius.silva/.ciel/ciel/sky130/versions/0fe599b2afb6708d281543108caf8310912f54af/sky130A/libs.ref/sky130_fd_sc_hd/verilog/sky130_fd_sc_hd.v:55286: warning: Timing checks are not supported and delayed signal "GATE_delayed" will not be driven.
/home/vinicius.silva/.ciel/ciel/sky130/versions/0fe599b2afb6708d281543108caf8310912f54af/sky130A/libs.ref/sky130_fd_sc_hd/verilog/sky130_fd_sc_hd.v:55286: warning: Timing checks are not supported and delayed signal "D_delayed" will not be driven.
/home/vinicius.silva/.ciel/ciel/sky130/versions/0fe599b2afb6708d281543108caf8310912f54af/sky130A/libs.ref/sky130_fd_sc_hd/verilog/sky130_fd_sc_hd.v:55651: warning: Timing checks are not supported and delayed signal "RESET_B_delayed" will not be driven.
/home/vinicius.silva/.ciel/ciel/sky130/versions/0fe599b2afb6708d281543108caf8310912f54af/sky130A/libs.ref/sky130_fd_sc_hd/verilog/sky130_fd_sc_hd.v:55651: warning: Timing checks are not supported and delayed signal "GATE_delayed" will not be driven.
/home/vinicius.silva/.ciel/ciel/sky130/versions/0fe599b2afb6708d281543108caf8310912f54af/sky130A/libs.ref/sky130_fd_sc_hd/verilog/sky130_fd_sc_hd.v:55652: warning: Timing checks are not supported and delayed signal "GATE_delayed" will not be driven.
/home/vinicius.silva/.ciel/ciel/sky130/versions/0fe599b2afb6708d281543108caf8310912f54af/sky130A/libs.ref/sky130_fd_sc_hd/verilog/sky130_fd_sc_hd.v:55652: warning: Timing checks are not supported and delayed signal "D_delayed" will not be driven.
/home/vinicius.silva/.ciel/ciel/sky130/versions/0fe599b2afb6708d281543108caf8310912f54af/sky130A/libs.ref/sky130_fd_sc_hd/verilog/sky130_fd_sc_hd.v:55653: warning: Timing checks are not supported and delayed signal "GATE_delayed" will not be driven.
/home/vinicius.silva/.ciel/ciel/sky130/versions/0fe599b2afb6708d281543108caf8310912f54af/sky130A/libs.ref/sky130_fd_sc_hd/verilog/sky130_fd_sc_hd.v:55653: warning: Timing checks are not supported and delayed signal "D_delayed" will not be driven.
/home/vinicius.silva/.ciel/ciel/sky130/versions/0fe599b2afb6708d281543108caf8310912f54af/sky130A/libs.ref/sky130_fd_sc_hd/verilog/sky130_fd_sc_hd.v:56018: warning: Timing checks are not supported and delayed signal "RESET_B_delayed" will not be driven.
/home/vinicius.silva/.ciel/ciel/sky130/versions/0fe599b2afb6708d281543108caf8310912f54af/sky130A/libs.ref/sky130_fd_sc_hd/verilog/sky130_fd_sc_hd.v:56018: warning: Timing checks are not supported and delayed signal "GATE_delayed" will not be driven.
/home/vinicius.silva/.ciel/ciel/sky130/versions/0fe599b2afb6708d281543108caf8310912f54af/sky130A/libs.ref/sky130_fd_sc_hd/verilog/sky130_fd_sc_hd.v:56019: warning: Timing checks are not supported and delayed signal "GATE_delayed" will not be driven.
/home/vinicius.silva/.ciel/ciel/sky130/versions/0fe599b2afb6708d281543108caf8310912f54af/sky130A/libs.ref/sky130_fd_sc_hd/verilog/sky130_fd_sc_hd.v:56019: warning: Timing checks are not supported and delayed signal "D_delayed" will not be driven.
/home/vinicius.silva/.ciel/ciel/sky130/versions/0fe599b2afb6708d281543108caf8310912f54af/sky130A/libs.ref/sky130_fd_sc_hd/verilog/sky130_fd_sc_hd.v:56020: warning: Timing checks are not supported and delayed signal "GATE_delayed" will not be driven.
/home/vinicius.silva/.ciel/ciel/sky130/versions/0fe599b2afb6708d281543108caf8310912f54af/sky130A/libs.ref/sky130_fd_sc_hd/verilog/sky130_fd_sc_hd.v:56020: warning: Timing checks are not supported and delayed signal "D_delayed" will not be driven.
/home/vinicius.silva/.ciel/ciel/sky130/versions/0fe599b2afb6708d281543108caf8310912f54af/sky130A/libs.ref/sky130_fd_sc_hd/verilog/sky130_fd_sc_hd.v:56372: warning: Timing checks are not supported and delayed signal "GATE_N_delayed" will not be driven.
/home/vinicius.silva/.ciel/ciel/sky130/versions/0fe599b2afb6708d281543108caf8310912f54af/sky130A/libs.ref/sky130_fd_sc_hd/verilog/sky130_fd_sc_hd.v:56372: warning: Timing checks are not supported and delayed signal "D_delayed" will not be driven.
/home/vinicius.silva/.ciel/ciel/sky130/versions/0fe599b2afb6708d281543108caf8310912f54af/sky130A/libs.ref/sky130_fd_sc_hd/verilog/sky130_fd_sc_hd.v:56373: warning: Timing checks are not supported and delayed signal "GATE_N_delayed" will not be driven.
/home/vinicius.silva/.ciel/ciel/sky130/versions/0fe599b2afb6708d281543108caf8310912f54af/sky130A/libs.ref/sky130_fd_sc_hd/verilog/sky130_fd_sc_hd.v:56373: warning: Timing checks are not supported and delayed signal "D_delayed" will not be driven.
/home/vinicius.silva/.ciel/ciel/sky130/versions/0fe599b2afb6708d281543108caf8310912f54af/sky130A/libs.ref/sky130_fd_sc_hd/verilog/sky130_fd_sc_hd.v:56722: warning: Timing checks are not supported and delayed signal "GATE_N_delayed" will not be driven.
/home/vinicius.silva/.ciel/ciel/sky130/versions/0fe599b2afb6708d281543108caf8310912f54af/sky130A/libs.ref/sky130_fd_sc_hd/verilog/sky130_fd_sc_hd.v:56722: warning: Timing checks are not supported and delayed signal "D_delayed" will not be driven.
/home/vinicius.silva/.ciel/ciel/sky130/versions/0fe599b2afb6708d281543108caf8310912f54af/sky130A/libs.ref/sky130_fd_sc_hd/verilog/sky130_fd_sc_hd.v:56723: warning: Timing checks are not supported and delayed signal "GATE_N_delayed" will not be driven.
/home/vinicius.silva/.ciel/ciel/sky130/versions/0fe599b2afb6708d281543108caf8310912f54af/sky130A/libs.ref/sky130_fd_sc_hd/verilog/sky130_fd_sc_hd.v:56723: warning: Timing checks are not supported and delayed signal "D_delayed" will not be driven.
/home/vinicius.silva/.ciel/ciel/sky130/versions/0fe599b2afb6708d281543108caf8310912f54af/sky130A/libs.ref/sky130_fd_sc_hd/verilog/sky130_fd_sc_hd.v:57064: warning: Timing checks are not supported and delayed signal "GATE_delayed" will not be driven.
/home/vinicius.silva/.ciel/ciel/sky130/versions/0fe599b2afb6708d281543108caf8310912f54af/sky130A/libs.ref/sky130_fd_sc_hd/verilog/sky130_fd_sc_hd.v:57064: warning: Timing checks are not supported and delayed signal "D_delayed" will not be driven.
/home/vinicius.silva/.ciel/ciel/sky130/versions/0fe599b2afb6708d281543108caf8310912f54af/sky130A/libs.ref/sky130_fd_sc_hd/verilog/sky130_fd_sc_hd.v:57065: warning: Timing checks are not supported and delayed signal "GATE_delayed" will not be driven.
/home/vinicius.silva/.ciel/ciel/sky130/versions/0fe599b2afb6708d281543108caf8310912f54af/sky130A/libs.ref/sky130_fd_sc_hd/verilog/sky130_fd_sc_hd.v:57065: warning: Timing checks are not supported and delayed signal "D_delayed" will not be driven.
/home/vinicius.silva/.ciel/ciel/sky130/versions/0fe599b2afb6708d281543108caf8310912f54af/sky130A/libs.ref/sky130_fd_sc_hd/verilog/sky130_fd_sc_hd.v:57398: warning: Timing checks are not supported and delayed signal "GATE_N_delayed" will not be driven.
/home/vinicius.silva/.ciel/ciel/sky130/versions/0fe599b2afb6708d281543108caf8310912f54af/sky130A/libs.ref/sky130_fd_sc_hd/verilog/sky130_fd_sc_hd.v:57398: warning: Timing checks are not supported and delayed signal "D_delayed" will not be driven.
/home/vinicius.silva/.ciel/ciel/sky130/versions/0fe599b2afb6708d281543108caf8310912f54af/sky130A/libs.ref/sky130_fd_sc_hd/verilog/sky130_fd_sc_hd.v:57399: warning: Timing checks are not supported and delayed signal "GATE_N_delayed" will not be driven.
/home/vinicius.silva/.ciel/ciel/sky130/versions/0fe599b2afb6708d281543108caf8310912f54af/sky130A/libs.ref/sky130_fd_sc_hd/verilog/sky130_fd_sc_hd.v:57399: warning: Timing checks are not supported and delayed signal "D_delayed" will not be driven.
/home/vinicius.silva/.ciel/ciel/sky130/versions/0fe599b2afb6708d281543108caf8310912f54af/sky130A/libs.ref/sky130_fd_sc_hd/verilog/sky130_fd_sc_hd.v:57732: warning: Timing checks are not supported and delayed signal "GATE_N_delayed" will not be driven.
/home/vinicius.silva/.ciel/ciel/sky130/versions/0fe599b2afb6708d281543108caf8310912f54af/sky130A/libs.ref/sky130_fd_sc_hd/verilog/sky130_fd_sc_hd.v:57732: warning: Timing checks are not supported and delayed signal "D_delayed" will not be driven.
/home/vinicius.silva/.ciel/ciel/sky130/versions/0fe599b2afb6708d281543108caf8310912f54af/sky130A/libs.ref/sky130_fd_sc_hd/verilog/sky130_fd_sc_hd.v:57733: warning: Timing checks are not supported and delayed signal "GATE_N_delayed" will not be driven.
/home/vinicius.silva/.ciel/ciel/sky130/versions/0fe599b2afb6708d281543108caf8310912f54af/sky130A/libs.ref/sky130_fd_sc_hd/verilog/sky130_fd_sc_hd.v:57733: warning: Timing checks are not supported and delayed signal "D_delayed" will not be driven.
/home/vinicius.silva/.ciel/ciel/sky130/versions/0fe599b2afb6708d281543108caf8310912f54af/sky130A/libs.ref/sky130_fd_sc_hd/verilog/sky130_fd_sc_hd.v:58066: warning: Timing checks are not supported and delayed signal "GATE_N_delayed" will not be driven.
/home/vinicius.silva/.ciel/ciel/sky130/versions/0fe599b2afb6708d281543108caf8310912f54af/sky130A/libs.ref/sky130_fd_sc_hd/verilog/sky130_fd_sc_hd.v:58066: warning: Timing checks are not supported and delayed signal "D_delayed" will not be driven.
/home/vinicius.silva/.ciel/ciel/sky130/versions/0fe599b2afb6708d281543108caf8310912f54af/sky130A/libs.ref/sky130_fd_sc_hd/verilog/sky130_fd_sc_hd.v:58067: warning: Timing checks are not supported and delayed signal "GATE_N_delayed" will not be driven.
/home/vinicius.silva/.ciel/ciel/sky130/versions/0fe599b2afb6708d281543108caf8310912f54af/sky130A/libs.ref/sky130_fd_sc_hd/verilog/sky130_fd_sc_hd.v:58067: warning: Timing checks are not supported and delayed signal "D_delayed" will not be driven.
/home/vinicius.silva/.ciel/ciel/sky130/versions/0fe599b2afb6708d281543108caf8310912f54af/sky130A/libs.ref/sky130_fd_sc_hd/verilog/sky130_fd_sc_hd.v:58392: warning: Timing checks are not supported and delayed signal "GATE_delayed" will not be driven.
/home/vinicius.silva/.ciel/ciel/sky130/versions/0fe599b2afb6708d281543108caf8310912f54af/sky130A/libs.ref/sky130_fd_sc_hd/verilog/sky130_fd_sc_hd.v:58392: warning: Timing checks are not supported and delayed signal "D_delayed" will not be driven.
/home/vinicius.silva/.ciel/ciel/sky130/versions/0fe599b2afb6708d281543108caf8310912f54af/sky130A/libs.ref/sky130_fd_sc_hd/verilog/sky130_fd_sc_hd.v:58393: warning: Timing checks are not supported and delayed signal "GATE_delayed" will not be driven.
/home/vinicius.silva/.ciel/ciel/sky130/versions/0fe599b2afb6708d281543108caf8310912f54af/sky130A/libs.ref/sky130_fd_sc_hd/verilog/sky130_fd_sc_hd.v:58393: warning: Timing checks are not supported and delayed signal "D_delayed" will not be driven.
/home/vinicius.silva/.ciel/ciel/sky130/versions/0fe599b2afb6708d281543108caf8310912f54af/sky130A/libs.ref/sky130_fd_sc_hd/verilog/sky130_fd_sc_hd.v:61784: warning: Timing checks are not supported and delayed signal "CLK_delayed" will not be driven.
/home/vinicius.silva/.ciel/ciel/sky130/versions/0fe599b2afb6708d281543108caf8310912f54af/sky130A/libs.ref/sky130_fd_sc_hd/verilog/sky130_fd_sc_hd.v:61784: warning: Timing checks are not supported and delayed signal "DE_delayed" will not be driven.
/home/vinicius.silva/.ciel/ciel/sky130/versions/0fe599b2afb6708d281543108caf8310912f54af/sky130A/libs.ref/sky130_fd_sc_hd/verilog/sky130_fd_sc_hd.v:61785: warning: Timing checks are not supported and delayed signal "CLK_delayed" will not be driven.
/home/vinicius.silva/.ciel/ciel/sky130/versions/0fe599b2afb6708d281543108caf8310912f54af/sky130A/libs.ref/sky130_fd_sc_hd/verilog/sky130_fd_sc_hd.v:61785: warning: Timing checks are not supported and delayed signal "DE_delayed" will not be driven.
/home/vinicius.silva/.ciel/ciel/sky130/versions/0fe599b2afb6708d281543108caf8310912f54af/sky130A/libs.ref/sky130_fd_sc_hd/verilog/sky130_fd_sc_hd.v:61786: warning: Timing checks are not supported and delayed signal "CLK_delayed" will not be driven.
/home/vinicius.silva/.ciel/ciel/sky130/versions/0fe599b2afb6708d281543108caf8310912f54af/sky130A/libs.ref/sky130_fd_sc_hd/verilog/sky130_fd_sc_hd.v:61786: warning: Timing checks are not supported and delayed signal "D_delayed" will not be driven.
/home/vinicius.silva/.ciel/ciel/sky130/versions/0fe599b2afb6708d281543108caf8310912f54af/sky130A/libs.ref/sky130_fd_sc_hd/verilog/sky130_fd_sc_hd.v:61787: warning: Timing checks are not supported and delayed signal "CLK_delayed" will not be driven.
/home/vinicius.silva/.ciel/ciel/sky130/versions/0fe599b2afb6708d281543108caf8310912f54af/sky130A/libs.ref/sky130_fd_sc_hd/verilog/sky130_fd_sc_hd.v:61787: warning: Timing checks are not supported and delayed signal "D_delayed" will not be driven.
/home/vinicius.silva/.ciel/ciel/sky130/versions/0fe599b2afb6708d281543108caf8310912f54af/sky130A/libs.ref/sky130_fd_sc_hd/verilog/sky130_fd_sc_hd.v:62141: warning: Timing checks are not supported and delayed signal "CLK_delayed" will not be driven.
/home/vinicius.silva/.ciel/ciel/sky130/versions/0fe599b2afb6708d281543108caf8310912f54af/sky130A/libs.ref/sky130_fd_sc_hd/verilog/sky130_fd_sc_hd.v:62141: warning: Timing checks are not supported and delayed signal "DE_delayed" will not be driven.
/home/vinicius.silva/.ciel/ciel/sky130/versions/0fe599b2afb6708d281543108caf8310912f54af/sky130A/libs.ref/sky130_fd_sc_hd/verilog/sky130_fd_sc_hd.v:62142: warning: Timing checks are not supported and delayed signal "CLK_delayed" will not be driven.
/home/vinicius.silva/.ciel/ciel/sky130/versions/0fe599b2afb6708d281543108caf8310912f54af/sky130A/libs.ref/sky130_fd_sc_hd/verilog/sky130_fd_sc_hd.v:62142: warning: Timing checks are not supported and delayed signal "DE_delayed" will not be driven.
/home/vinicius.silva/.ciel/ciel/sky130/versions/0fe599b2afb6708d281543108caf8310912f54af/sky130A/libs.ref/sky130_fd_sc_hd/verilog/sky130_fd_sc_hd.v:62143: warning: Timing checks are not supported and delayed signal "CLK_delayed" will not be driven.
/home/vinicius.silva/.ciel/ciel/sky130/versions/0fe599b2afb6708d281543108caf8310912f54af/sky130A/libs.ref/sky130_fd_sc_hd/verilog/sky130_fd_sc_hd.v:62143: warning: Timing checks are not supported and delayed signal "D_delayed" will not be driven.
/home/vinicius.silva/.ciel/ciel/sky130/versions/0fe599b2afb6708d281543108caf8310912f54af/sky130A/libs.ref/sky130_fd_sc_hd/verilog/sky130_fd_sc_hd.v:62144: warning: Timing checks are not supported and delayed signal "CLK_delayed" will not be driven.
/home/vinicius.silva/.ciel/ciel/sky130/versions/0fe599b2afb6708d281543108caf8310912f54af/sky130A/libs.ref/sky130_fd_sc_hd/verilog/sky130_fd_sc_hd.v:62144: warning: Timing checks are not supported and delayed signal "D_delayed" will not be driven.
/home/vinicius.silva/.ciel/ciel/sky130/versions/0fe599b2afb6708d281543108caf8310912f54af/sky130A/libs.ref/sky130_fd_sc_hd/verilog/sky130_fd_sc_hd.v:77506: warning: Timing checks are not supported and delayed signal "SLEEP_B_delayed" will not be driven.
/home/vinicius.silva/.ciel/ciel/sky130/versions/0fe599b2afb6708d281543108caf8310912f54af/sky130A/libs.ref/sky130_fd_sc_hd/verilog/sky130_fd_sc_hd.v:77506: warning: Timing checks are not supported and delayed signal "D_delayed" will not be driven.
/home/vinicius.silva/.ciel/ciel/sky130/versions/0fe599b2afb6708d281543108caf8310912f54af/sky130A/libs.ref/sky130_fd_sc_hd/verilog/sky130_fd_sc_hd.v:77507: warning: Timing checks are not supported and delayed signal "SLEEP_B_delayed" will not be driven.
/home/vinicius.silva/.ciel/ciel/sky130/versions/0fe599b2afb6708d281543108caf8310912f54af/sky130A/libs.ref/sky130_fd_sc_hd/verilog/sky130_fd_sc_hd.v:77507: warning: Timing checks are not supported and delayed signal "D_delayed" will not be driven.
/home/vinicius.silva/.ciel/ciel/sky130/versions/0fe599b2afb6708d281543108caf8310912f54af/sky130A/libs.ref/sky130_fd_sc_hd/verilog/sky130_fd_sc_hd.v:134652: warning: Timing checks are not supported and delayed signal "SET_B_delayed" will not be driven.
/home/vinicius.silva/.ciel/ciel/sky130/versions/0fe599b2afb6708d281543108caf8310912f54af/sky130A/libs.ref/sky130_fd_sc_hd/verilog/sky130_fd_sc_hd.v:134652: warning: Timing checks are not supported and delayed signal "CLK_N_delayed" will not be driven.
/home/vinicius.silva/.ciel/ciel/sky130/versions/0fe599b2afb6708d281543108caf8310912f54af/sky130A/libs.ref/sky130_fd_sc_hd/verilog/sky130_fd_sc_hd.v:134653: warning: Timing checks are not supported and delayed signal "RESET_B_delayed" will not be driven.
/home/vinicius.silva/.ciel/ciel/sky130/versions/0fe599b2afb6708d281543108caf8310912f54af/sky130A/libs.ref/sky130_fd_sc_hd/verilog/sky130_fd_sc_hd.v:134653: warning: Timing checks are not supported and delayed signal "CLK_N_delayed" will not be driven.
/home/vinicius.silva/.ciel/ciel/sky130/versions/0fe599b2afb6708d281543108caf8310912f54af/sky130A/libs.ref/sky130_fd_sc_hd/verilog/sky130_fd_sc_hd.v:134654: warning: Timing checks are not supported and delayed signal "CLK_N_delayed" will not be driven.
/home/vinicius.silva/.ciel/ciel/sky130/versions/0fe599b2afb6708d281543108caf8310912f54af/sky130A/libs.ref/sky130_fd_sc_hd/verilog/sky130_fd_sc_hd.v:134654: warning: Timing checks are not supported and delayed signal "D_delayed" will not be driven.
/home/vinicius.silva/.ciel/ciel/sky130/versions/0fe599b2afb6708d281543108caf8310912f54af/sky130A/libs.ref/sky130_fd_sc_hd/verilog/sky130_fd_sc_hd.v:134655: warning: Timing checks are not supported and delayed signal "CLK_N_delayed" will not be driven.
/home/vinicius.silva/.ciel/ciel/sky130/versions/0fe599b2afb6708d281543108caf8310912f54af/sky130A/libs.ref/sky130_fd_sc_hd/verilog/sky130_fd_sc_hd.v:134655: warning: Timing checks are not supported and delayed signal "D_delayed" will not be driven.
/home/vinicius.silva/.ciel/ciel/sky130/versions/0fe599b2afb6708d281543108caf8310912f54af/sky130A/libs.ref/sky130_fd_sc_hd/verilog/sky130_fd_sc_hd.v:134656: warning: Timing checks are not supported and delayed signal "CLK_N_delayed" will not be driven.
/home/vinicius.silva/.ciel/ciel/sky130/versions/0fe599b2afb6708d281543108caf8310912f54af/sky130A/libs.ref/sky130_fd_sc_hd/verilog/sky130_fd_sc_hd.v:134656: warning: Timing checks are not supported and delayed signal "SCD_delayed" will not be driven.
/home/vinicius.silva/.ciel/ciel/sky130/versions/0fe599b2afb6708d281543108caf8310912f54af/sky130A/libs.ref/sky130_fd_sc_hd/verilog/sky130_fd_sc_hd.v:134657: warning: Timing checks are not supported and delayed signal "CLK_N_delayed" will not be driven.
/home/vinicius.silva/.ciel/ciel/sky130/versions/0fe599b2afb6708d281543108caf8310912f54af/sky130A/libs.ref/sky130_fd_sc_hd/verilog/sky130_fd_sc_hd.v:134657: warning: Timing checks are not supported and delayed signal "SCD_delayed" will not be driven.
/home/vinicius.silva/.ciel/ciel/sky130/versions/0fe599b2afb6708d281543108caf8310912f54af/sky130A/libs.ref/sky130_fd_sc_hd/verilog/sky130_fd_sc_hd.v:134658: warning: Timing checks are not supported and delayed signal "CLK_N_delayed" will not be driven.
/home/vinicius.silva/.ciel/ciel/sky130/versions/0fe599b2afb6708d281543108caf8310912f54af/sky130A/libs.ref/sky130_fd_sc_hd/verilog/sky130_fd_sc_hd.v:134658: warning: Timing checks are not supported and delayed signal "SCE_delayed" will not be driven.
/home/vinicius.silva/.ciel/ciel/sky130/versions/0fe599b2afb6708d281543108caf8310912f54af/sky130A/libs.ref/sky130_fd_sc_hd/verilog/sky130_fd_sc_hd.v:134659: warning: Timing checks are not supported and delayed signal "CLK_N_delayed" will not be driven.
/home/vinicius.silva/.ciel/ciel/sky130/versions/0fe599b2afb6708d281543108caf8310912f54af/sky130A/libs.ref/sky130_fd_sc_hd/verilog/sky130_fd_sc_hd.v:134659: warning: Timing checks are not supported and delayed signal "SCE_delayed" will not be driven.
/home/vinicius.silva/.ciel/ciel/sky130/versions/0fe599b2afb6708d281543108caf8310912f54af/sky130A/libs.ref/sky130_fd_sc_hd/verilog/sky130_fd_sc_hd.v:134660: warning: Timing checks are not supported and delayed signal "SET_B_delayed" will not be driven.
/home/vinicius.silva/.ciel/ciel/sky130/versions/0fe599b2afb6708d281543108caf8310912f54af/sky130A/libs.ref/sky130_fd_sc_hd/verilog/sky130_fd_sc_hd.v:134660: warning: Timing checks are not supported and delayed signal "RESET_B_delayed" will not be driven.
/home/vinicius.silva/.ciel/ciel/sky130/versions/0fe599b2afb6708d281543108caf8310912f54af/sky130A/libs.ref/sky130_fd_sc_hd/verilog/sky130_fd_sc_hd.v:134661: warning: Timing checks are not supported and delayed signal "RESET_B_delayed" will not be driven.
/home/vinicius.silva/.ciel/ciel/sky130/versions/0fe599b2afb6708d281543108caf8310912f54af/sky130A/libs.ref/sky130_fd_sc_hd/verilog/sky130_fd_sc_hd.v:134661: warning: Timing checks are not supported and delayed signal "SET_B_delayed" will not be driven.
/home/vinicius.silva/.ciel/ciel/sky130/versions/0fe599b2afb6708d281543108caf8310912f54af/sky130A/libs.ref/sky130_fd_sc_hd/verilog/sky130_fd_sc_hd.v:135121: warning: Timing checks are not supported and delayed signal "SET_B_delayed" will not be driven.
/home/vinicius.silva/.ciel/ciel/sky130/versions/0fe599b2afb6708d281543108caf8310912f54af/sky130A/libs.ref/sky130_fd_sc_hd/verilog/sky130_fd_sc_hd.v:135121: warning: Timing checks are not supported and delayed signal "CLK_N_delayed" will not be driven.
/home/vinicius.silva/.ciel/ciel/sky130/versions/0fe599b2afb6708d281543108caf8310912f54af/sky130A/libs.ref/sky130_fd_sc_hd/verilog/sky130_fd_sc_hd.v:135122: warning: Timing checks are not supported and delayed signal "RESET_B_delayed" will not be driven.
/home/vinicius.silva/.ciel/ciel/sky130/versions/0fe599b2afb6708d281543108caf8310912f54af/sky130A/libs.ref/sky130_fd_sc_hd/verilog/sky130_fd_sc_hd.v:135122: warning: Timing checks are not supported and delayed signal "CLK_N_delayed" will not be driven.
/home/vinicius.silva/.ciel/ciel/sky130/versions/0fe599b2afb6708d281543108caf8310912f54af/sky130A/libs.ref/sky130_fd_sc_hd/verilog/sky130_fd_sc_hd.v:135123: warning: Timing checks are not supported and delayed signal "CLK_N_delayed" will not be driven.
/home/vinicius.silva/.ciel/ciel/sky130/versions/0fe599b2afb6708d281543108caf8310912f54af/sky130A/libs.ref/sky130_fd_sc_hd/verilog/sky130_fd_sc_hd.v:135123: warning: Timing checks are not supported and delayed signal "D_delayed" will not be driven.
/home/vinicius.silva/.ciel/ciel/sky130/versions/0fe599b2afb6708d281543108caf8310912f54af/sky130A/libs.ref/sky130_fd_sc_hd/verilog/sky130_fd_sc_hd.v:135124: warning: Timing checks are not supported and delayed signal "CLK_N_delayed" will not be driven.
/home/vinicius.silva/.ciel/ciel/sky130/versions/0fe599b2afb6708d281543108caf8310912f54af/sky130A/libs.ref/sky130_fd_sc_hd/verilog/sky130_fd_sc_hd.v:135124: warning: Timing checks are not supported and delayed signal "D_delayed" will not be driven.
/home/vinicius.silva/.ciel/ciel/sky130/versions/0fe599b2afb6708d281543108caf8310912f54af/sky130A/libs.ref/sky130_fd_sc_hd/verilog/sky130_fd_sc_hd.v:135125: warning: Timing checks are not supported and delayed signal "CLK_N_delayed" will not be driven.
/home/vinicius.silva/.ciel/ciel/sky130/versions/0fe599b2afb6708d281543108caf8310912f54af/sky130A/libs.ref/sky130_fd_sc_hd/verilog/sky130_fd_sc_hd.v:135125: warning: Timing checks are not supported and delayed signal "SCD_delayed" will not be driven.
/home/vinicius.silva/.ciel/ciel/sky130/versions/0fe599b2afb6708d281543108caf8310912f54af/sky130A/libs.ref/sky130_fd_sc_hd/verilog/sky130_fd_sc_hd.v:135126: warning: Timing checks are not supported and delayed signal "CLK_N_delayed" will not be driven.
/home/vinicius.silva/.ciel/ciel/sky130/versions/0fe599b2afb6708d281543108caf8310912f54af/sky130A/libs.ref/sky130_fd_sc_hd/verilog/sky130_fd_sc_hd.v:135126: warning: Timing checks are not supported and delayed signal "SCD_delayed" will not be driven.
/home/vinicius.silva/.ciel/ciel/sky130/versions/0fe599b2afb6708d281543108caf8310912f54af/sky130A/libs.ref/sky130_fd_sc_hd/verilog/sky130_fd_sc_hd.v:135127: warning: Timing checks are not supported and delayed signal "CLK_N_delayed" will not be driven.
/home/vinicius.silva/.ciel/ciel/sky130/versions/0fe599b2afb6708d281543108caf8310912f54af/sky130A/libs.ref/sky130_fd_sc_hd/verilog/sky130_fd_sc_hd.v:135127: warning: Timing checks are not supported and delayed signal "SCE_delayed" will not be driven.
/home/vinicius.silva/.ciel/ciel/sky130/versions/0fe599b2afb6708d281543108caf8310912f54af/sky130A/libs.ref/sky130_fd_sc_hd/verilog/sky130_fd_sc_hd.v:135128: warning: Timing checks are not supported and delayed signal "CLK_N_delayed" will not be driven.
/home/vinicius.silva/.ciel/ciel/sky130/versions/0fe599b2afb6708d281543108caf8310912f54af/sky130A/libs.ref/sky130_fd_sc_hd/verilog/sky130_fd_sc_hd.v:135128: warning: Timing checks are not supported and delayed signal "SCE_delayed" will not be driven.
/home/vinicius.silva/.ciel/ciel/sky130/versions/0fe599b2afb6708d281543108caf8310912f54af/sky130A/libs.ref/sky130_fd_sc_hd/verilog/sky130_fd_sc_hd.v:135129: warning: Timing checks are not supported and delayed signal "SET_B_delayed" will not be driven.
/home/vinicius.silva/.ciel/ciel/sky130/versions/0fe599b2afb6708d281543108caf8310912f54af/sky130A/libs.ref/sky130_fd_sc_hd/verilog/sky130_fd_sc_hd.v:135129: warning: Timing checks are not supported and delayed signal "RESET_B_delayed" will not be driven.
/home/vinicius.silva/.ciel/ciel/sky130/versions/0fe599b2afb6708d281543108caf8310912f54af/sky130A/libs.ref/sky130_fd_sc_hd/verilog/sky130_fd_sc_hd.v:135130: warning: Timing checks are not supported and delayed signal "RESET_B_delayed" will not be driven.
/home/vinicius.silva/.ciel/ciel/sky130/versions/0fe599b2afb6708d281543108caf8310912f54af/sky130A/libs.ref/sky130_fd_sc_hd/verilog/sky130_fd_sc_hd.v:135130: warning: Timing checks are not supported and delayed signal "SET_B_delayed" will not be driven.
/home/vinicius.silva/.ciel/ciel/sky130/versions/0fe599b2afb6708d281543108caf8310912f54af/sky130A/libs.ref/sky130_fd_sc_hd/verilog/sky130_fd_sc_hd.v:135582: warning: Timing checks are not supported and delayed signal "SET_B_delayed" will not be driven.
/home/vinicius.silva/.ciel/ciel/sky130/versions/0fe599b2afb6708d281543108caf8310912f54af/sky130A/libs.ref/sky130_fd_sc_hd/verilog/sky130_fd_sc_hd.v:135582: warning: Timing checks are not supported and delayed signal "CLK_delayed" will not be driven.
/home/vinicius.silva/.ciel/ciel/sky130/versions/0fe599b2afb6708d281543108caf8310912f54af/sky130A/libs.ref/sky130_fd_sc_hd/verilog/sky130_fd_sc_hd.v:135583: warning: Timing checks are not supported and delayed signal "RESET_B_delayed" will not be driven.
/home/vinicius.silva/.ciel/ciel/sky130/versions/0fe599b2afb6708d281543108caf8310912f54af/sky130A/libs.ref/sky130_fd_sc_hd/verilog/sky130_fd_sc_hd.v:135583: warning: Timing checks are not supported and delayed signal "CLK_delayed" will not be driven.
/home/vinicius.silva/.ciel/ciel/sky130/versions/0fe599b2afb6708d281543108caf8310912f54af/sky130A/libs.ref/sky130_fd_sc_hd/verilog/sky130_fd_sc_hd.v:135584: warning: Timing checks are not supported and delayed signal "CLK_delayed" will not be driven.
/home/vinicius.silva/.ciel/ciel/sky130/versions/0fe599b2afb6708d281543108caf8310912f54af/sky130A/libs.ref/sky130_fd_sc_hd/verilog/sky130_fd_sc_hd.v:135584: warning: Timing checks are not supported and delayed signal "D_delayed" will not be driven.
/home/vinicius.silva/.ciel/ciel/sky130/versions/0fe599b2afb6708d281543108caf8310912f54af/sky130A/libs.ref/sky130_fd_sc_hd/verilog/sky130_fd_sc_hd.v:135585: warning: Timing checks are not supported and delayed signal "CLK_delayed" will not be driven.
/home/vinicius.silva/.ciel/ciel/sky130/versions/0fe599b2afb6708d281543108caf8310912f54af/sky130A/libs.ref/sky130_fd_sc_hd/verilog/sky130_fd_sc_hd.v:135585: warning: Timing checks are not supported and delayed signal "D_delayed" will not be driven.
/home/vinicius.silva/.ciel/ciel/sky130/versions/0fe599b2afb6708d281543108caf8310912f54af/sky130A/libs.ref/sky130_fd_sc_hd/verilog/sky130_fd_sc_hd.v:135586: warning: Timing checks are not supported and delayed signal "CLK_delayed" will not be driven.
/home/vinicius.silva/.ciel/ciel/sky130/versions/0fe599b2afb6708d281543108caf8310912f54af/sky130A/libs.ref/sky130_fd_sc_hd/verilog/sky130_fd_sc_hd.v:135586: warning: Timing checks are not supported and delayed signal "SCD_delayed" will not be driven.
/home/vinicius.silva/.ciel/ciel/sky130/versions/0fe599b2afb6708d281543108caf8310912f54af/sky130A/libs.ref/sky130_fd_sc_hd/verilog/sky130_fd_sc_hd.v:135587: warning: Timing checks are not supported and delayed signal "CLK_delayed" will not be driven.
/home/vinicius.silva/.ciel/ciel/sky130/versions/0fe599b2afb6708d281543108caf8310912f54af/sky130A/libs.ref/sky130_fd_sc_hd/verilog/sky130_fd_sc_hd.v:135587: warning: Timing checks are not supported and delayed signal "SCD_delayed" will not be driven.
/home/vinicius.silva/.ciel/ciel/sky130/versions/0fe599b2afb6708d281543108caf8310912f54af/sky130A/libs.ref/sky130_fd_sc_hd/verilog/sky130_fd_sc_hd.v:135588: warning: Timing checks are not supported and delayed signal "CLK_delayed" will not be driven.
/home/vinicius.silva/.ciel/ciel/sky130/versions/0fe599b2afb6708d281543108caf8310912f54af/sky130A/libs.ref/sky130_fd_sc_hd/verilog/sky130_fd_sc_hd.v:135588: warning: Timing checks are not supported and delayed signal "SCE_delayed" will not be driven.
/home/vinicius.silva/.ciel/ciel/sky130/versions/0fe599b2afb6708d281543108caf8310912f54af/sky130A/libs.ref/sky130_fd_sc_hd/verilog/sky130_fd_sc_hd.v:135589: warning: Timing checks are not supported and delayed signal "CLK_delayed" will not be driven.
/home/vinicius.silva/.ciel/ciel/sky130/versions/0fe599b2afb6708d281543108caf8310912f54af/sky130A/libs.ref/sky130_fd_sc_hd/verilog/sky130_fd_sc_hd.v:135589: warning: Timing checks are not supported and delayed signal "SCE_delayed" will not be driven.
/home/vinicius.silva/.ciel/ciel/sky130/versions/0fe599b2afb6708d281543108caf8310912f54af/sky130A/libs.ref/sky130_fd_sc_hd/verilog/sky130_fd_sc_hd.v:135590: warning: Timing checks are not supported and delayed signal "SET_B_delayed" will not be driven.
/home/vinicius.silva/.ciel/ciel/sky130/versions/0fe599b2afb6708d281543108caf8310912f54af/sky130A/libs.ref/sky130_fd_sc_hd/verilog/sky130_fd_sc_hd.v:135590: warning: Timing checks are not supported and delayed signal "RESET_B_delayed" will not be driven.
/home/vinicius.silva/.ciel/ciel/sky130/versions/0fe599b2afb6708d281543108caf8310912f54af/sky130A/libs.ref/sky130_fd_sc_hd/verilog/sky130_fd_sc_hd.v:135591: warning: Timing checks are not supported and delayed signal "RESET_B_delayed" will not be driven.
/home/vinicius.silva/.ciel/ciel/sky130/versions/0fe599b2afb6708d281543108caf8310912f54af/sky130A/libs.ref/sky130_fd_sc_hd/verilog/sky130_fd_sc_hd.v:135591: warning: Timing checks are not supported and delayed signal "SET_B_delayed" will not be driven.
/home/vinicius.silva/.ciel/ciel/sky130/versions/0fe599b2afb6708d281543108caf8310912f54af/sky130A/libs.ref/sky130_fd_sc_hd/verilog/sky130_fd_sc_hd.v:136013: warning: Timing checks are not supported and delayed signal "RESET_B_delayed" will not be driven.
/home/vinicius.silva/.ciel/ciel/sky130/versions/0fe599b2afb6708d281543108caf8310912f54af/sky130A/libs.ref/sky130_fd_sc_hd/verilog/sky130_fd_sc_hd.v:136013: warning: Timing checks are not supported and delayed signal "CLK_delayed" will not be driven.
/home/vinicius.silva/.ciel/ciel/sky130/versions/0fe599b2afb6708d281543108caf8310912f54af/sky130A/libs.ref/sky130_fd_sc_hd/verilog/sky130_fd_sc_hd.v:136014: warning: Timing checks are not supported and delayed signal "CLK_delayed" will not be driven.
/home/vinicius.silva/.ciel/ciel/sky130/versions/0fe599b2afb6708d281543108caf8310912f54af/sky130A/libs.ref/sky130_fd_sc_hd/verilog/sky130_fd_sc_hd.v:136014: warning: Timing checks are not supported and delayed signal "D_delayed" will not be driven.
/home/vinicius.silva/.ciel/ciel/sky130/versions/0fe599b2afb6708d281543108caf8310912f54af/sky130A/libs.ref/sky130_fd_sc_hd/verilog/sky130_fd_sc_hd.v:136015: warning: Timing checks are not supported and delayed signal "CLK_delayed" will not be driven.
/home/vinicius.silva/.ciel/ciel/sky130/versions/0fe599b2afb6708d281543108caf8310912f54af/sky130A/libs.ref/sky130_fd_sc_hd/verilog/sky130_fd_sc_hd.v:136015: warning: Timing checks are not supported and delayed signal "D_delayed" will not be driven.
/home/vinicius.silva/.ciel/ciel/sky130/versions/0fe599b2afb6708d281543108caf8310912f54af/sky130A/libs.ref/sky130_fd_sc_hd/verilog/sky130_fd_sc_hd.v:136016: warning: Timing checks are not supported and delayed signal "CLK_delayed" will not be driven.
/home/vinicius.silva/.ciel/ciel/sky130/versions/0fe599b2afb6708d281543108caf8310912f54af/sky130A/libs.ref/sky130_fd_sc_hd/verilog/sky130_fd_sc_hd.v:136016: warning: Timing checks are not supported and delayed signal "SCD_delayed" will not be driven.
/home/vinicius.silva/.ciel/ciel/sky130/versions/0fe599b2afb6708d281543108caf8310912f54af/sky130A/libs.ref/sky130_fd_sc_hd/verilog/sky130_fd_sc_hd.v:136017: warning: Timing checks are not supported and delayed signal "CLK_delayed" will not be driven.
/home/vinicius.silva/.ciel/ciel/sky130/versions/0fe599b2afb6708d281543108caf8310912f54af/sky130A/libs.ref/sky130_fd_sc_hd/verilog/sky130_fd_sc_hd.v:136017: warning: Timing checks are not supported and delayed signal "SCD_delayed" will not be driven.
/home/vinicius.silva/.ciel/ciel/sky130/versions/0fe599b2afb6708d281543108caf8310912f54af/sky130A/libs.ref/sky130_fd_sc_hd/verilog/sky130_fd_sc_hd.v:136018: warning: Timing checks are not supported and delayed signal "CLK_delayed" will not be driven.
/home/vinicius.silva/.ciel/ciel/sky130/versions/0fe599b2afb6708d281543108caf8310912f54af/sky130A/libs.ref/sky130_fd_sc_hd/verilog/sky130_fd_sc_hd.v:136018: warning: Timing checks are not supported and delayed signal "SCE_delayed" will not be driven.
/home/vinicius.silva/.ciel/ciel/sky130/versions/0fe599b2afb6708d281543108caf8310912f54af/sky130A/libs.ref/sky130_fd_sc_hd/verilog/sky130_fd_sc_hd.v:136019: warning: Timing checks are not supported and delayed signal "CLK_delayed" will not be driven.
/home/vinicius.silva/.ciel/ciel/sky130/versions/0fe599b2afb6708d281543108caf8310912f54af/sky130A/libs.ref/sky130_fd_sc_hd/verilog/sky130_fd_sc_hd.v:136019: warning: Timing checks are not supported and delayed signal "SCE_delayed" will not be driven.
/home/vinicius.silva/.ciel/ciel/sky130/versions/0fe599b2afb6708d281543108caf8310912f54af/sky130A/libs.ref/sky130_fd_sc_hd/verilog/sky130_fd_sc_hd.v:136440: warning: Timing checks are not supported and delayed signal "RESET_B_delayed" will not be driven.
/home/vinicius.silva/.ciel/ciel/sky130/versions/0fe599b2afb6708d281543108caf8310912f54af/sky130A/libs.ref/sky130_fd_sc_hd/verilog/sky130_fd_sc_hd.v:136440: warning: Timing checks are not supported and delayed signal "CLK_delayed" will not be driven.
/home/vinicius.silva/.ciel/ciel/sky130/versions/0fe599b2afb6708d281543108caf8310912f54af/sky130A/libs.ref/sky130_fd_sc_hd/verilog/sky130_fd_sc_hd.v:136441: warning: Timing checks are not supported and delayed signal "CLK_delayed" will not be driven.
/home/vinicius.silva/.ciel/ciel/sky130/versions/0fe599b2afb6708d281543108caf8310912f54af/sky130A/libs.ref/sky130_fd_sc_hd/verilog/sky130_fd_sc_hd.v:136441: warning: Timing checks are not supported and delayed signal "D_delayed" will not be driven.
/home/vinicius.silva/.ciel/ciel/sky130/versions/0fe599b2afb6708d281543108caf8310912f54af/sky130A/libs.ref/sky130_fd_sc_hd/verilog/sky130_fd_sc_hd.v:136442: warning: Timing checks are not supported and delayed signal "CLK_delayed" will not be driven.
/home/vinicius.silva/.ciel/ciel/sky130/versions/0fe599b2afb6708d281543108caf8310912f54af/sky130A/libs.ref/sky130_fd_sc_hd/verilog/sky130_fd_sc_hd.v:136442: warning: Timing checks are not supported and delayed signal "D_delayed" will not be driven.
/home/vinicius.silva/.ciel/ciel/sky130/versions/0fe599b2afb6708d281543108caf8310912f54af/sky130A/libs.ref/sky130_fd_sc_hd/verilog/sky130_fd_sc_hd.v:136443: warning: Timing checks are not supported and delayed signal "CLK_delayed" will not be driven.
/home/vinicius.silva/.ciel/ciel/sky130/versions/0fe599b2afb6708d281543108caf8310912f54af/sky130A/libs.ref/sky130_fd_sc_hd/verilog/sky130_fd_sc_hd.v:136443: warning: Timing checks are not supported and delayed signal "SCD_delayed" will not be driven.
/home/vinicius.silva/.ciel/ciel/sky130/versions/0fe599b2afb6708d281543108caf8310912f54af/sky130A/libs.ref/sky130_fd_sc_hd/verilog/sky130_fd_sc_hd.v:136444: warning: Timing checks are not supported and delayed signal "CLK_delayed" will not be driven.
/home/vinicius.silva/.ciel/ciel/sky130/versions/0fe599b2afb6708d281543108caf8310912f54af/sky130A/libs.ref/sky130_fd_sc_hd/verilog/sky130_fd_sc_hd.v:136444: warning: Timing checks are not supported and delayed signal "SCD_delayed" will not be driven.
/home/vinicius.silva/.ciel/ciel/sky130/versions/0fe599b2afb6708d281543108caf8310912f54af/sky130A/libs.ref/sky130_fd_sc_hd/verilog/sky130_fd_sc_hd.v:136445: warning: Timing checks are not supported and delayed signal "CLK_delayed" will not be driven.
/home/vinicius.silva/.ciel/ciel/sky130/versions/0fe599b2afb6708d281543108caf8310912f54af/sky130A/libs.ref/sky130_fd_sc_hd/verilog/sky130_fd_sc_hd.v:136445: warning: Timing checks are not supported and delayed signal "SCE_delayed" will not be driven.
/home/vinicius.silva/.ciel/ciel/sky130/versions/0fe599b2afb6708d281543108caf8310912f54af/sky130A/libs.ref/sky130_fd_sc_hd/verilog/sky130_fd_sc_hd.v:136446: warning: Timing checks are not supported and delayed signal "CLK_delayed" will not be driven.
/home/vinicius.silva/.ciel/ciel/sky130/versions/0fe599b2afb6708d281543108caf8310912f54af/sky130A/libs.ref/sky130_fd_sc_hd/verilog/sky130_fd_sc_hd.v:136446: warning: Timing checks are not supported and delayed signal "SCE_delayed" will not be driven.
/home/vinicius.silva/.ciel/ciel/sky130/versions/0fe599b2afb6708d281543108caf8310912f54af/sky130A/libs.ref/sky130_fd_sc_hd/verilog/sky130_fd_sc_hd.v:136859: warning: Timing checks are not supported and delayed signal "RESET_B_delayed" will not be driven.
/home/vinicius.silva/.ciel/ciel/sky130/versions/0fe599b2afb6708d281543108caf8310912f54af/sky130A/libs.ref/sky130_fd_sc_hd/verilog/sky130_fd_sc_hd.v:136859: warning: Timing checks are not supported and delayed signal "CLK_N_delayed" will not be driven.
/home/vinicius.silva/.ciel/ciel/sky130/versions/0fe599b2afb6708d281543108caf8310912f54af/sky130A/libs.ref/sky130_fd_sc_hd/verilog/sky130_fd_sc_hd.v:136860: warning: Timing checks are not supported and delayed signal "CLK_N_delayed" will not be driven.
/home/vinicius.silva/.ciel/ciel/sky130/versions/0fe599b2afb6708d281543108caf8310912f54af/sky130A/libs.ref/sky130_fd_sc_hd/verilog/sky130_fd_sc_hd.v:136860: warning: Timing checks are not supported and delayed signal "D_delayed" will not be driven.
/home/vinicius.silva/.ciel/ciel/sky130/versions/0fe599b2afb6708d281543108caf8310912f54af/sky130A/libs.ref/sky130_fd_sc_hd/verilog/sky130_fd_sc_hd.v:136861: warning: Timing checks are not supported and delayed signal "CLK_N_delayed" will not be driven.
/home/vinicius.silva/.ciel/ciel/sky130/versions/0fe599b2afb6708d281543108caf8310912f54af/sky130A/libs.ref/sky130_fd_sc_hd/verilog/sky130_fd_sc_hd.v:136861: warning: Timing checks are not supported and delayed signal "D_delayed" will not be driven.
/home/vinicius.silva/.ciel/ciel/sky130/versions/0fe599b2afb6708d281543108caf8310912f54af/sky130A/libs.ref/sky130_fd_sc_hd/verilog/sky130_fd_sc_hd.v:136862: warning: Timing checks are not supported and delayed signal "CLK_N_delayed" will not be driven.
/home/vinicius.silva/.ciel/ciel/sky130/versions/0fe599b2afb6708d281543108caf8310912f54af/sky130A/libs.ref/sky130_fd_sc_hd/verilog/sky130_fd_sc_hd.v:136862: warning: Timing checks are not supported and delayed signal "SCD_delayed" will not be driven.
/home/vinicius.silva/.ciel/ciel/sky130/versions/0fe599b2afb6708d281543108caf8310912f54af/sky130A/libs.ref/sky130_fd_sc_hd/verilog/sky130_fd_sc_hd.v:136863: warning: Timing checks are not supported and delayed signal "CLK_N_delayed" will not be driven.
/home/vinicius.silva/.ciel/ciel/sky130/versions/0fe599b2afb6708d281543108caf8310912f54af/sky130A/libs.ref/sky130_fd_sc_hd/verilog/sky130_fd_sc_hd.v:136863: warning: Timing checks are not supported and delayed signal "SCD_delayed" will not be driven.
/home/vinicius.silva/.ciel/ciel/sky130/versions/0fe599b2afb6708d281543108caf8310912f54af/sky130A/libs.ref/sky130_fd_sc_hd/verilog/sky130_fd_sc_hd.v:136864: warning: Timing checks are not supported and delayed signal "CLK_N_delayed" will not be driven.
/home/vinicius.silva/.ciel/ciel/sky130/versions/0fe599b2afb6708d281543108caf8310912f54af/sky130A/libs.ref/sky130_fd_sc_hd/verilog/sky130_fd_sc_hd.v:136864: warning: Timing checks are not supported and delayed signal "SCE_delayed" will not be driven.
/home/vinicius.silva/.ciel/ciel/sky130/versions/0fe599b2afb6708d281543108caf8310912f54af/sky130A/libs.ref/sky130_fd_sc_hd/verilog/sky130_fd_sc_hd.v:136865: warning: Timing checks are not supported and delayed signal "CLK_N_delayed" will not be driven.
/home/vinicius.silva/.ciel/ciel/sky130/versions/0fe599b2afb6708d281543108caf8310912f54af/sky130A/libs.ref/sky130_fd_sc_hd/verilog/sky130_fd_sc_hd.v:136865: warning: Timing checks are not supported and delayed signal "SCE_delayed" will not be driven.
/home/vinicius.silva/.ciel/ciel/sky130/versions/0fe599b2afb6708d281543108caf8310912f54af/sky130A/libs.ref/sky130_fd_sc_hd/verilog/sky130_fd_sc_hd.v:137270: warning: Timing checks are not supported and delayed signal "RESET_B_delayed" will not be driven.
/home/vinicius.silva/.ciel/ciel/sky130/versions/0fe599b2afb6708d281543108caf8310912f54af/sky130A/libs.ref/sky130_fd_sc_hd/verilog/sky130_fd_sc_hd.v:137270: warning: Timing checks are not supported and delayed signal "CLK_delayed" will not be driven.
/home/vinicius.silva/.ciel/ciel/sky130/versions/0fe599b2afb6708d281543108caf8310912f54af/sky130A/libs.ref/sky130_fd_sc_hd/verilog/sky130_fd_sc_hd.v:137271: warning: Timing checks are not supported and delayed signal "CLK_delayed" will not be driven.
/home/vinicius.silva/.ciel/ciel/sky130/versions/0fe599b2afb6708d281543108caf8310912f54af/sky130A/libs.ref/sky130_fd_sc_hd/verilog/sky130_fd_sc_hd.v:137271: warning: Timing checks are not supported and delayed signal "D_delayed" will not be driven.
/home/vinicius.silva/.ciel/ciel/sky130/versions/0fe599b2afb6708d281543108caf8310912f54af/sky130A/libs.ref/sky130_fd_sc_hd/verilog/sky130_fd_sc_hd.v:137272: warning: Timing checks are not supported and delayed signal "CLK_delayed" will not be driven.
/home/vinicius.silva/.ciel/ciel/sky130/versions/0fe599b2afb6708d281543108caf8310912f54af/sky130A/libs.ref/sky130_fd_sc_hd/verilog/sky130_fd_sc_hd.v:137272: warning: Timing checks are not supported and delayed signal "D_delayed" will not be driven.
/home/vinicius.silva/.ciel/ciel/sky130/versions/0fe599b2afb6708d281543108caf8310912f54af/sky130A/libs.ref/sky130_fd_sc_hd/verilog/sky130_fd_sc_hd.v:137273: warning: Timing checks are not supported and delayed signal "CLK_delayed" will not be driven.
/home/vinicius.silva/.ciel/ciel/sky130/versions/0fe599b2afb6708d281543108caf8310912f54af/sky130A/libs.ref/sky130_fd_sc_hd/verilog/sky130_fd_sc_hd.v:137273: warning: Timing checks are not supported and delayed signal "SCD_delayed" will not be driven.
/home/vinicius.silva/.ciel/ciel/sky130/versions/0fe599b2afb6708d281543108caf8310912f54af/sky130A/libs.ref/sky130_fd_sc_hd/verilog/sky130_fd_sc_hd.v:137274: warning: Timing checks are not supported and delayed signal "CLK_delayed" will not be driven.
/home/vinicius.silva/.ciel/ciel/sky130/versions/0fe599b2afb6708d281543108caf8310912f54af/sky130A/libs.ref/sky130_fd_sc_hd/verilog/sky130_fd_sc_hd.v:137274: warning: Timing checks are not supported and delayed signal "SCD_delayed" will not be driven.
/home/vinicius.silva/.ciel/ciel/sky130/versions/0fe599b2afb6708d281543108caf8310912f54af/sky130A/libs.ref/sky130_fd_sc_hd/verilog/sky130_fd_sc_hd.v:137275: warning: Timing checks are not supported and delayed signal "CLK_delayed" will not be driven.
/home/vinicius.silva/.ciel/ciel/sky130/versions/0fe599b2afb6708d281543108caf8310912f54af/sky130A/libs.ref/sky130_fd_sc_hd/verilog/sky130_fd_sc_hd.v:137275: warning: Timing checks are not supported and delayed signal "SCE_delayed" will not be driven.
/home/vinicius.silva/.ciel/ciel/sky130/versions/0fe599b2afb6708d281543108caf8310912f54af/sky130A/libs.ref/sky130_fd_sc_hd/verilog/sky130_fd_sc_hd.v:137276: warning: Timing checks are not supported and delayed signal "CLK_delayed" will not be driven.
/home/vinicius.silva/.ciel/ciel/sky130/versions/0fe599b2afb6708d281543108caf8310912f54af/sky130A/libs.ref/sky130_fd_sc_hd/verilog/sky130_fd_sc_hd.v:137276: warning: Timing checks are not supported and delayed signal "SCE_delayed" will not be driven.
/home/vinicius.silva/.ciel/ciel/sky130/versions/0fe599b2afb6708d281543108caf8310912f54af/sky130A/libs.ref/sky130_fd_sc_hd/verilog/sky130_fd_sc_hd.v:137681: warning: Timing checks are not supported and delayed signal "RESET_B_delayed" will not be driven.
/home/vinicius.silva/.ciel/ciel/sky130/versions/0fe599b2afb6708d281543108caf8310912f54af/sky130A/libs.ref/sky130_fd_sc_hd/verilog/sky130_fd_sc_hd.v:137681: warning: Timing checks are not supported and delayed signal "CLK_delayed" will not be driven.
/home/vinicius.silva/.ciel/ciel/sky130/versions/0fe599b2afb6708d281543108caf8310912f54af/sky130A/libs.ref/sky130_fd_sc_hd/verilog/sky130_fd_sc_hd.v:137682: warning: Timing checks are not supported and delayed signal "CLK_delayed" will not be driven.
/home/vinicius.silva/.ciel/ciel/sky130/versions/0fe599b2afb6708d281543108caf8310912f54af/sky130A/libs.ref/sky130_fd_sc_hd/verilog/sky130_fd_sc_hd.v:137682: warning: Timing checks are not supported and delayed signal "D_delayed" will not be driven.
/home/vinicius.silva/.ciel/ciel/sky130/versions/0fe599b2afb6708d281543108caf8310912f54af/sky130A/libs.ref/sky130_fd_sc_hd/verilog/sky130_fd_sc_hd.v:137683: warning: Timing checks are not supported and delayed signal "CLK_delayed" will not be driven.
/home/vinicius.silva/.ciel/ciel/sky130/versions/0fe599b2afb6708d281543108caf8310912f54af/sky130A/libs.ref/sky130_fd_sc_hd/verilog/sky130_fd_sc_hd.v:137683: warning: Timing checks are not supported and delayed signal "D_delayed" will not be driven.
/home/vinicius.silva/.ciel/ciel/sky130/versions/0fe599b2afb6708d281543108caf8310912f54af/sky130A/libs.ref/sky130_fd_sc_hd/verilog/sky130_fd_sc_hd.v:137684: warning: Timing checks are not supported and delayed signal "CLK_delayed" will not be driven.
/home/vinicius.silva/.ciel/ciel/sky130/versions/0fe599b2afb6708d281543108caf8310912f54af/sky130A/libs.ref/sky130_fd_sc_hd/verilog/sky130_fd_sc_hd.v:137684: warning: Timing checks are not supported and delayed signal "SCD_delayed" will not be driven.
/home/vinicius.silva/.ciel/ciel/sky130/versions/0fe599b2afb6708d281543108caf8310912f54af/sky130A/libs.ref/sky130_fd_sc_hd/verilog/sky130_fd_sc_hd.v:137685: warning: Timing checks are not supported and delayed signal "CLK_delayed" will not be driven.
/home/vinicius.silva/.ciel/ciel/sky130/versions/0fe599b2afb6708d281543108caf8310912f54af/sky130A/libs.ref/sky130_fd_sc_hd/verilog/sky130_fd_sc_hd.v:137685: warning: Timing checks are not supported and delayed signal "SCD_delayed" will not be driven.
/home/vinicius.silva/.ciel/ciel/sky130/versions/0fe599b2afb6708d281543108caf8310912f54af/sky130A/libs.ref/sky130_fd_sc_hd/verilog/sky130_fd_sc_hd.v:137686: warning: Timing checks are not supported and delayed signal "CLK_delayed" will not be driven.
/home/vinicius.silva/.ciel/ciel/sky130/versions/0fe599b2afb6708d281543108caf8310912f54af/sky130A/libs.ref/sky130_fd_sc_hd/verilog/sky130_fd_sc_hd.v:137686: warning: Timing checks are not supported and delayed signal "SCE_delayed" will not be driven.
/home/vinicius.silva/.ciel/ciel/sky130/versions/0fe599b2afb6708d281543108caf8310912f54af/sky130A/libs.ref/sky130_fd_sc_hd/verilog/sky130_fd_sc_hd.v:137687: warning: Timing checks are not supported and delayed signal "CLK_delayed" will not be driven.
/home/vinicius.silva/.ciel/ciel/sky130/versions/0fe599b2afb6708d281543108caf8310912f54af/sky130A/libs.ref/sky130_fd_sc_hd/verilog/sky130_fd_sc_hd.v:137687: warning: Timing checks are not supported and delayed signal "SCE_delayed" will not be driven.
/home/vinicius.silva/.ciel/ciel/sky130/versions/0fe599b2afb6708d281543108caf8310912f54af/sky130A/libs.ref/sky130_fd_sc_hd/verilog/sky130_fd_sc_hd.v:138092: warning: Timing checks are not supported and delayed signal "RESET_B_delayed" will not be driven.
/home/vinicius.silva/.ciel/ciel/sky130/versions/0fe599b2afb6708d281543108caf8310912f54af/sky130A/libs.ref/sky130_fd_sc_hd/verilog/sky130_fd_sc_hd.v:138092: warning: Timing checks are not supported and delayed signal "CLK_delayed" will not be driven.
/home/vinicius.silva/.ciel/ciel/sky130/versions/0fe599b2afb6708d281543108caf8310912f54af/sky130A/libs.ref/sky130_fd_sc_hd/verilog/sky130_fd_sc_hd.v:138093: warning: Timing checks are not supported and delayed signal "CLK_delayed" will not be driven.
/home/vinicius.silva/.ciel/ciel/sky130/versions/0fe599b2afb6708d281543108caf8310912f54af/sky130A/libs.ref/sky130_fd_sc_hd/verilog/sky130_fd_sc_hd.v:138093: warning: Timing checks are not supported and delayed signal "D_delayed" will not be driven.
/home/vinicius.silva/.ciel/ciel/sky130/versions/0fe599b2afb6708d281543108caf8310912f54af/sky130A/libs.ref/sky130_fd_sc_hd/verilog/sky130_fd_sc_hd.v:138094: warning: Timing checks are not supported and delayed signal "CLK_delayed" will not be driven.
/home/vinicius.silva/.ciel/ciel/sky130/versions/0fe599b2afb6708d281543108caf8310912f54af/sky130A/libs.ref/sky130_fd_sc_hd/verilog/sky130_fd_sc_hd.v:138094: warning: Timing checks are not supported and delayed signal "D_delayed" will not be driven.
/home/vinicius.silva/.ciel/ciel/sky130/versions/0fe599b2afb6708d281543108caf8310912f54af/sky130A/libs.ref/sky130_fd_sc_hd/verilog/sky130_fd_sc_hd.v:138095: warning: Timing checks are not supported and delayed signal "CLK_delayed" will not be driven.
/home/vinicius.silva/.ciel/ciel/sky130/versions/0fe599b2afb6708d281543108caf8310912f54af/sky130A/libs.ref/sky130_fd_sc_hd/verilog/sky130_fd_sc_hd.v:138095: warning: Timing checks are not supported and delayed signal "SCD_delayed" will not be driven.
/home/vinicius.silva/.ciel/ciel/sky130/versions/0fe599b2afb6708d281543108caf8310912f54af/sky130A/libs.ref/sky130_fd_sc_hd/verilog/sky130_fd_sc_hd.v:138096: warning: Timing checks are not supported and delayed signal "CLK_delayed" will not be driven.
/home/vinicius.silva/.ciel/ciel/sky130/versions/0fe599b2afb6708d281543108caf8310912f54af/sky130A/libs.ref/sky130_fd_sc_hd/verilog/sky130_fd_sc_hd.v:138096: warning: Timing checks are not supported and delayed signal "SCD_delayed" will not be driven.
/home/vinicius.silva/.ciel/ciel/sky130/versions/0fe599b2afb6708d281543108caf8310912f54af/sky130A/libs.ref/sky130_fd_sc_hd/verilog/sky130_fd_sc_hd.v:138097: warning: Timing checks are not supported and delayed signal "CLK_delayed" will not be driven.
/home/vinicius.silva/.ciel/ciel/sky130/versions/0fe599b2afb6708d281543108caf8310912f54af/sky130A/libs.ref/sky130_fd_sc_hd/verilog/sky130_fd_sc_hd.v:138097: warning: Timing checks are not supported and delayed signal "SCE_delayed" will not be driven.
/home/vinicius.silva/.ciel/ciel/sky130/versions/0fe599b2afb6708d281543108caf8310912f54af/sky130A/libs.ref/sky130_fd_sc_hd/verilog/sky130_fd_sc_hd.v:138098: warning: Timing checks are not supported and delayed signal "CLK_delayed" will not be driven.
/home/vinicius.silva/.ciel/ciel/sky130/versions/0fe599b2afb6708d281543108caf8310912f54af/sky130A/libs.ref/sky130_fd_sc_hd/verilog/sky130_fd_sc_hd.v:138098: warning: Timing checks are not supported and delayed signal "SCE_delayed" will not be driven.
/home/vinicius.silva/.ciel/ciel/sky130/versions/0fe599b2afb6708d281543108caf8310912f54af/sky130A/libs.ref/sky130_fd_sc_hd/verilog/sky130_fd_sc_hd.v:138519: warning: Timing checks are not supported and delayed signal "SET_B_delayed" will not be driven.
/home/vinicius.silva/.ciel/ciel/sky130/versions/0fe599b2afb6708d281543108caf8310912f54af/sky130A/libs.ref/sky130_fd_sc_hd/verilog/sky130_fd_sc_hd.v:138519: warning: Timing checks are not supported and delayed signal "CLK_delayed" will not be driven.
/home/vinicius.silva/.ciel/ciel/sky130/versions/0fe599b2afb6708d281543108caf8310912f54af/sky130A/libs.ref/sky130_fd_sc_hd/verilog/sky130_fd_sc_hd.v:138520: warning: Timing checks are not supported and delayed signal "CLK_delayed" will not be driven.
/home/vinicius.silva/.ciel/ciel/sky130/versions/0fe599b2afb6708d281543108caf8310912f54af/sky130A/libs.ref/sky130_fd_sc_hd/verilog/sky130_fd_sc_hd.v:138520: warning: Timing checks are not supported and delayed signal "D_delayed" will not be driven.
/home/vinicius.silva/.ciel/ciel/sky130/versions/0fe599b2afb6708d281543108caf8310912f54af/sky130A/libs.ref/sky130_fd_sc_hd/verilog/sky130_fd_sc_hd.v:138521: warning: Timing checks are not supported and delayed signal "CLK_delayed" will not be driven.
/home/vinicius.silva/.ciel/ciel/sky130/versions/0fe599b2afb6708d281543108caf8310912f54af/sky130A/libs.ref/sky130_fd_sc_hd/verilog/sky130_fd_sc_hd.v:138521: warning: Timing checks are not supported and delayed signal "D_delayed" will not be driven.
/home/vinicius.silva/.ciel/ciel/sky130/versions/0fe599b2afb6708d281543108caf8310912f54af/sky130A/libs.ref/sky130_fd_sc_hd/verilog/sky130_fd_sc_hd.v:138522: warning: Timing checks are not supported and delayed signal "CLK_delayed" will not be driven.
/home/vinicius.silva/.ciel/ciel/sky130/versions/0fe599b2afb6708d281543108caf8310912f54af/sky130A/libs.ref/sky130_fd_sc_hd/verilog/sky130_fd_sc_hd.v:138522: warning: Timing checks are not supported and delayed signal "SCD_delayed" will not be driven.
/home/vinicius.silva/.ciel/ciel/sky130/versions/0fe599b2afb6708d281543108caf8310912f54af/sky130A/libs.ref/sky130_fd_sc_hd/verilog/sky130_fd_sc_hd.v:138523: warning: Timing checks are not supported and delayed signal "CLK_delayed" will not be driven.
/home/vinicius.silva/.ciel/ciel/sky130/versions/0fe599b2afb6708d281543108caf8310912f54af/sky130A/libs.ref/sky130_fd_sc_hd/verilog/sky130_fd_sc_hd.v:138523: warning: Timing checks are not supported and delayed signal "SCD_delayed" will not be driven.
/home/vinicius.silva/.ciel/ciel/sky130/versions/0fe599b2afb6708d281543108caf8310912f54af/sky130A/libs.ref/sky130_fd_sc_hd/verilog/sky130_fd_sc_hd.v:138524: warning: Timing checks are not supported and delayed signal "CLK_delayed" will not be driven.
/home/vinicius.silva/.ciel/ciel/sky130/versions/0fe599b2afb6708d281543108caf8310912f54af/sky130A/libs.ref/sky130_fd_sc_hd/verilog/sky130_fd_sc_hd.v:138524: warning: Timing checks are not supported and delayed signal "SCE_delayed" will not be driven.
/home/vinicius.silva/.ciel/ciel/sky130/versions/0fe599b2afb6708d281543108caf8310912f54af/sky130A/libs.ref/sky130_fd_sc_hd/verilog/sky130_fd_sc_hd.v:138525: warning: Timing checks are not supported and delayed signal "CLK_delayed" will not be driven.
/home/vinicius.silva/.ciel/ciel/sky130/versions/0fe599b2afb6708d281543108caf8310912f54af/sky130A/libs.ref/sky130_fd_sc_hd/verilog/sky130_fd_sc_hd.v:138525: warning: Timing checks are not supported and delayed signal "SCE_delayed" will not be driven.
/home/vinicius.silva/.ciel/ciel/sky130/versions/0fe599b2afb6708d281543108caf8310912f54af/sky130A/libs.ref/sky130_fd_sc_hd/verilog/sky130_fd_sc_hd.v:138946: warning: Timing checks are not supported and delayed signal "SET_B_delayed" will not be driven.
/home/vinicius.silva/.ciel/ciel/sky130/versions/0fe599b2afb6708d281543108caf8310912f54af/sky130A/libs.ref/sky130_fd_sc_hd/verilog/sky130_fd_sc_hd.v:138946: warning: Timing checks are not supported and delayed signal "CLK_delayed" will not be driven.
/home/vinicius.silva/.ciel/ciel/sky130/versions/0fe599b2afb6708d281543108caf8310912f54af/sky130A/libs.ref/sky130_fd_sc_hd/verilog/sky130_fd_sc_hd.v:138947: warning: Timing checks are not supported and delayed signal "CLK_delayed" will not be driven.
/home/vinicius.silva/.ciel/ciel/sky130/versions/0fe599b2afb6708d281543108caf8310912f54af/sky130A/libs.ref/sky130_fd_sc_hd/verilog/sky130_fd_sc_hd.v:138947: warning: Timing checks are not supported and delayed signal "D_delayed" will not be driven.
/home/vinicius.silva/.ciel/ciel/sky130/versions/0fe599b2afb6708d281543108caf8310912f54af/sky130A/libs.ref/sky130_fd_sc_hd/verilog/sky130_fd_sc_hd.v:138948: warning: Timing checks are not supported and delayed signal "CLK_delayed" will not be driven.
/home/vinicius.silva/.ciel/ciel/sky130/versions/0fe599b2afb6708d281543108caf8310912f54af/sky130A/libs.ref/sky130_fd_sc_hd/verilog/sky130_fd_sc_hd.v:138948: warning: Timing checks are not supported and delayed signal "D_delayed" will not be driven.
/home/vinicius.silva/.ciel/ciel/sky130/versions/0fe599b2afb6708d281543108caf8310912f54af/sky130A/libs.ref/sky130_fd_sc_hd/verilog/sky130_fd_sc_hd.v:138949: warning: Timing checks are not supported and delayed signal "CLK_delayed" will not be driven.
/home/vinicius.silva/.ciel/ciel/sky130/versions/0fe599b2afb6708d281543108caf8310912f54af/sky130A/libs.ref/sky130_fd_sc_hd/verilog/sky130_fd_sc_hd.v:138949: warning: Timing checks are not supported and delayed signal "SCD_delayed" will not be driven.
/home/vinicius.silva/.ciel/ciel/sky130/versions/0fe599b2afb6708d281543108caf8310912f54af/sky130A/libs.ref/sky130_fd_sc_hd/verilog/sky130_fd_sc_hd.v:138950: warning: Timing checks are not supported and delayed signal "CLK_delayed" will not be driven.
/home/vinicius.silva/.ciel/ciel/sky130/versions/0fe599b2afb6708d281543108caf8310912f54af/sky130A/libs.ref/sky130_fd_sc_hd/verilog/sky130_fd_sc_hd.v:138950: warning: Timing checks are not supported and delayed signal "SCD_delayed" will not be driven.
/home/vinicius.silva/.ciel/ciel/sky130/versions/0fe599b2afb6708d281543108caf8310912f54af/sky130A/libs.ref/sky130_fd_sc_hd/verilog/sky130_fd_sc_hd.v:138951: warning: Timing checks are not supported and delayed signal "CLK_delayed" will not be driven.
/home/vinicius.silva/.ciel/ciel/sky130/versions/0fe599b2afb6708d281543108caf8310912f54af/sky130A/libs.ref/sky130_fd_sc_hd/verilog/sky130_fd_sc_hd.v:138951: warning: Timing checks are not supported and delayed signal "SCE_delayed" will not be driven.
/home/vinicius.silva/.ciel/ciel/sky130/versions/0fe599b2afb6708d281543108caf8310912f54af/sky130A/libs.ref/sky130_fd_sc_hd/verilog/sky130_fd_sc_hd.v:138952: warning: Timing checks are not supported and delayed signal "CLK_delayed" will not be driven.
/home/vinicius.silva/.ciel/ciel/sky130/versions/0fe599b2afb6708d281543108caf8310912f54af/sky130A/libs.ref/sky130_fd_sc_hd/verilog/sky130_fd_sc_hd.v:138952: warning: Timing checks are not supported and delayed signal "SCE_delayed" will not be driven.
/home/vinicius.silva/.ciel/ciel/sky130/versions/0fe599b2afb6708d281543108caf8310912f54af/sky130A/libs.ref/sky130_fd_sc_hd/verilog/sky130_fd_sc_hd.v:139357: warning: Timing checks are not supported and delayed signal "SET_B_delayed" will not be driven.
/home/vinicius.silva/.ciel/ciel/sky130/versions/0fe599b2afb6708d281543108caf8310912f54af/sky130A/libs.ref/sky130_fd_sc_hd/verilog/sky130_fd_sc_hd.v:139357: warning: Timing checks are not supported and delayed signal "CLK_delayed" will not be driven.
/home/vinicius.silva/.ciel/ciel/sky130/versions/0fe599b2afb6708d281543108caf8310912f54af/sky130A/libs.ref/sky130_fd_sc_hd/verilog/sky130_fd_sc_hd.v:139358: warning: Timing checks are not supported and delayed signal "CLK_delayed" will not be driven.
/home/vinicius.silva/.ciel/ciel/sky130/versions/0fe599b2afb6708d281543108caf8310912f54af/sky130A/libs.ref/sky130_fd_sc_hd/verilog/sky130_fd_sc_hd.v:139358: warning: Timing checks are not supported and delayed signal "D_delayed" will not be driven.
/home/vinicius.silva/.ciel/ciel/sky130/versions/0fe599b2afb6708d281543108caf8310912f54af/sky130A/libs.ref/sky130_fd_sc_hd/verilog/sky130_fd_sc_hd.v:139359: warning: Timing checks are not supported and delayed signal "CLK_delayed" will not be driven.
/home/vinicius.silva/.ciel/ciel/sky130/versions/0fe599b2afb6708d281543108caf8310912f54af/sky130A/libs.ref/sky130_fd_sc_hd/verilog/sky130_fd_sc_hd.v:139359: warning: Timing checks are not supported and delayed signal "D_delayed" will not be driven.
/home/vinicius.silva/.ciel/ciel/sky130/versions/0fe599b2afb6708d281543108caf8310912f54af/sky130A/libs.ref/sky130_fd_sc_hd/verilog/sky130_fd_sc_hd.v:139360: warning: Timing checks are not supported and delayed signal "CLK_delayed" will not be driven.
/home/vinicius.silva/.ciel/ciel/sky130/versions/0fe599b2afb6708d281543108caf8310912f54af/sky130A/libs.ref/sky130_fd_sc_hd/verilog/sky130_fd_sc_hd.v:139360: warning: Timing checks are not supported and delayed signal "SCD_delayed" will not be driven.
/home/vinicius.silva/.ciel/ciel/sky130/versions/0fe599b2afb6708d281543108caf8310912f54af/sky130A/libs.ref/sky130_fd_sc_hd/verilog/sky130_fd_sc_hd.v:139361: warning: Timing checks are not supported and delayed signal "CLK_delayed" will not be driven.
/home/vinicius.silva/.ciel/ciel/sky130/versions/0fe599b2afb6708d281543108caf8310912f54af/sky130A/libs.ref/sky130_fd_sc_hd/verilog/sky130_fd_sc_hd.v:139361: warning: Timing checks are not supported and delayed signal "SCD_delayed" will not be driven.
/home/vinicius.silva/.ciel/ciel/sky130/versions/0fe599b2afb6708d281543108caf8310912f54af/sky130A/libs.ref/sky130_fd_sc_hd/verilog/sky130_fd_sc_hd.v:139362: warning: Timing checks are not supported and delayed signal "CLK_delayed" will not be driven.
/home/vinicius.silva/.ciel/ciel/sky130/versions/0fe599b2afb6708d281543108caf8310912f54af/sky130A/libs.ref/sky130_fd_sc_hd/verilog/sky130_fd_sc_hd.v:139362: warning: Timing checks are not supported and delayed signal "SCE_delayed" will not be driven.
/home/vinicius.silva/.ciel/ciel/sky130/versions/0fe599b2afb6708d281543108caf8310912f54af/sky130A/libs.ref/sky130_fd_sc_hd/verilog/sky130_fd_sc_hd.v:139363: warning: Timing checks are not supported and delayed signal "CLK_delayed" will not be driven.
/home/vinicius.silva/.ciel/ciel/sky130/versions/0fe599b2afb6708d281543108caf8310912f54af/sky130A/libs.ref/sky130_fd_sc_hd/verilog/sky130_fd_sc_hd.v:139363: warning: Timing checks are not supported and delayed signal "SCE_delayed" will not be driven.
/home/vinicius.silva/.ciel/ciel/sky130/versions/0fe599b2afb6708d281543108caf8310912f54af/sky130A/libs.ref/sky130_fd_sc_hd/verilog/sky130_fd_sc_hd.v:139768: warning: Timing checks are not supported and delayed signal "SET_B_delayed" will not be driven.
/home/vinicius.silva/.ciel/ciel/sky130/versions/0fe599b2afb6708d281543108caf8310912f54af/sky130A/libs.ref/sky130_fd_sc_hd/verilog/sky130_fd_sc_hd.v:139768: warning: Timing checks are not supported and delayed signal "CLK_delayed" will not be driven.
/home/vinicius.silva/.ciel/ciel/sky130/versions/0fe599b2afb6708d281543108caf8310912f54af/sky130A/libs.ref/sky130_fd_sc_hd/verilog/sky130_fd_sc_hd.v:139769: warning: Timing checks are not supported and delayed signal "CLK_delayed" will not be driven.
/home/vinicius.silva/.ciel/ciel/sky130/versions/0fe599b2afb6708d281543108caf8310912f54af/sky130A/libs.ref/sky130_fd_sc_hd/verilog/sky130_fd_sc_hd.v:139769: warning: Timing checks are not supported and delayed signal "D_delayed" will not be driven.
/home/vinicius.silva/.ciel/ciel/sky130/versions/0fe599b2afb6708d281543108caf8310912f54af/sky130A/libs.ref/sky130_fd_sc_hd/verilog/sky130_fd_sc_hd.v:139770: warning: Timing checks are not supported and delayed signal "CLK_delayed" will not be driven.
/home/vinicius.silva/.ciel/ciel/sky130/versions/0fe599b2afb6708d281543108caf8310912f54af/sky130A/libs.ref/sky130_fd_sc_hd/verilog/sky130_fd_sc_hd.v:139770: warning: Timing checks are not supported and delayed signal "D_delayed" will not be driven.
/home/vinicius.silva/.ciel/ciel/sky130/versions/0fe599b2afb6708d281543108caf8310912f54af/sky130A/libs.ref/sky130_fd_sc_hd/verilog/sky130_fd_sc_hd.v:139771: warning: Timing checks are not supported and delayed signal "CLK_delayed" will not be driven.
/home/vinicius.silva/.ciel/ciel/sky130/versions/0fe599b2afb6708d281543108caf8310912f54af/sky130A/libs.ref/sky130_fd_sc_hd/verilog/sky130_fd_sc_hd.v:139771: warning: Timing checks are not supported and delayed signal "SCD_delayed" will not be driven.
/home/vinicius.silva/.ciel/ciel/sky130/versions/0fe599b2afb6708d281543108caf8310912f54af/sky130A/libs.ref/sky130_fd_sc_hd/verilog/sky130_fd_sc_hd.v:139772: warning: Timing checks are not supported and delayed signal "CLK_delayed" will not be driven.
/home/vinicius.silva/.ciel/ciel/sky130/versions/0fe599b2afb6708d281543108caf8310912f54af/sky130A/libs.ref/sky130_fd_sc_hd/verilog/sky130_fd_sc_hd.v:139772: warning: Timing checks are not supported and delayed signal "SCD_delayed" will not be driven.
/home/vinicius.silva/.ciel/ciel/sky130/versions/0fe599b2afb6708d281543108caf8310912f54af/sky130A/libs.ref/sky130_fd_sc_hd/verilog/sky130_fd_sc_hd.v:139773: warning: Timing checks are not supported and delayed signal "CLK_delayed" will not be driven.
/home/vinicius.silva/.ciel/ciel/sky130/versions/0fe599b2afb6708d281543108caf8310912f54af/sky130A/libs.ref/sky130_fd_sc_hd/verilog/sky130_fd_sc_hd.v:139773: warning: Timing checks are not supported and delayed signal "SCE_delayed" will not be driven.
/home/vinicius.silva/.ciel/ciel/sky130/versions/0fe599b2afb6708d281543108caf8310912f54af/sky130A/libs.ref/sky130_fd_sc_hd/verilog/sky130_fd_sc_hd.v:139774: warning: Timing checks are not supported and delayed signal "CLK_delayed" will not be driven.
/home/vinicius.silva/.ciel/ciel/sky130/versions/0fe599b2afb6708d281543108caf8310912f54af/sky130A/libs.ref/sky130_fd_sc_hd/verilog/sky130_fd_sc_hd.v:139774: warning: Timing checks are not supported and delayed signal "SCE_delayed" will not be driven.
/home/vinicius.silva/.ciel/ciel/sky130/versions/0fe599b2afb6708d281543108caf8310912f54af/sky130A/libs.ref/sky130_fd_sc_hd/verilog/sky130_fd_sc_hd.v:140179: warning: Timing checks are not supported and delayed signal "SET_B_delayed" will not be driven.
/home/vinicius.silva/.ciel/ciel/sky130/versions/0fe599b2afb6708d281543108caf8310912f54af/sky130A/libs.ref/sky130_fd_sc_hd/verilog/sky130_fd_sc_hd.v:140179: warning: Timing checks are not supported and delayed signal "CLK_delayed" will not be driven.
/home/vinicius.silva/.ciel/ciel/sky130/versions/0fe599b2afb6708d281543108caf8310912f54af/sky130A/libs.ref/sky130_fd_sc_hd/verilog/sky130_fd_sc_hd.v:140180: warning: Timing checks are not supported and delayed signal "CLK_delayed" will not be driven.
/home/vinicius.silva/.ciel/ciel/sky130/versions/0fe599b2afb6708d281543108caf8310912f54af/sky130A/libs.ref/sky130_fd_sc_hd/verilog/sky130_fd_sc_hd.v:140180: warning: Timing checks are not supported and delayed signal "D_delayed" will not be driven.
/home/vinicius.silva/.ciel/ciel/sky130/versions/0fe599b2afb6708d281543108caf8310912f54af/sky130A/libs.ref/sky130_fd_sc_hd/verilog/sky130_fd_sc_hd.v:140181: warning: Timing checks are not supported and delayed signal "CLK_delayed" will not be driven.
/home/vinicius.silva/.ciel/ciel/sky130/versions/0fe599b2afb6708d281543108caf8310912f54af/sky130A/libs.ref/sky130_fd_sc_hd/verilog/sky130_fd_sc_hd.v:140181: warning: Timing checks are not supported and delayed signal "D_delayed" will not be driven.
/home/vinicius.silva/.ciel/ciel/sky130/versions/0fe599b2afb6708d281543108caf8310912f54af/sky130A/libs.ref/sky130_fd_sc_hd/verilog/sky130_fd_sc_hd.v:140182: warning: Timing checks are not supported and delayed signal "CLK_delayed" will not be driven.
/home/vinicius.silva/.ciel/ciel/sky130/versions/0fe599b2afb6708d281543108caf8310912f54af/sky130A/libs.ref/sky130_fd_sc_hd/verilog/sky130_fd_sc_hd.v:140182: warning: Timing checks are not supported and delayed signal "SCD_delayed" will not be driven.
/home/vinicius.silva/.ciel/ciel/sky130/versions/0fe599b2afb6708d281543108caf8310912f54af/sky130A/libs.ref/sky130_fd_sc_hd/verilog/sky130_fd_sc_hd.v:140183: warning: Timing checks are not supported and delayed signal "CLK_delayed" will not be driven.
/home/vinicius.silva/.ciel/ciel/sky130/versions/0fe599b2afb6708d281543108caf8310912f54af/sky130A/libs.ref/sky130_fd_sc_hd/verilog/sky130_fd_sc_hd.v:140183: warning: Timing checks are not supported and delayed signal "SCD_delayed" will not be driven.
/home/vinicius.silva/.ciel/ciel/sky130/versions/0fe599b2afb6708d281543108caf8310912f54af/sky130A/libs.ref/sky130_fd_sc_hd/verilog/sky130_fd_sc_hd.v:140184: warning: Timing checks are not supported and delayed signal "CLK_delayed" will not be driven.
/home/vinicius.silva/.ciel/ciel/sky130/versions/0fe599b2afb6708d281543108caf8310912f54af/sky130A/libs.ref/sky130_fd_sc_hd/verilog/sky130_fd_sc_hd.v:140184: warning: Timing checks are not supported and delayed signal "SCE_delayed" will not be driven.
/home/vinicius.silva/.ciel/ciel/sky130/versions/0fe599b2afb6708d281543108caf8310912f54af/sky130A/libs.ref/sky130_fd_sc_hd/verilog/sky130_fd_sc_hd.v:140185: warning: Timing checks are not supported and delayed signal "CLK_delayed" will not be driven.
/home/vinicius.silva/.ciel/ciel/sky130/versions/0fe599b2afb6708d281543108caf8310912f54af/sky130A/libs.ref/sky130_fd_sc_hd/verilog/sky130_fd_sc_hd.v:140185: warning: Timing checks are not supported and delayed signal "SCE_delayed" will not be driven.
/home/vinicius.silva/.ciel/ciel/sky130/versions/0fe599b2afb6708d281543108caf8310912f54af/sky130A/libs.ref/sky130_fd_sc_hd/verilog/sky130_fd_sc_hd.v:140569: warning: Timing checks are not supported and delayed signal "CLK_delayed" will not be driven.
/home/vinicius.silva/.ciel/ciel/sky130/versions/0fe599b2afb6708d281543108caf8310912f54af/sky130A/libs.ref/sky130_fd_sc_hd/verilog/sky130_fd_sc_hd.v:140569: warning: Timing checks are not supported and delayed signal "D_delayed" will not be driven.
/home/vinicius.silva/.ciel/ciel/sky130/versions/0fe599b2afb6708d281543108caf8310912f54af/sky130A/libs.ref/sky130_fd_sc_hd/verilog/sky130_fd_sc_hd.v:140570: warning: Timing checks are not supported and delayed signal "CLK_delayed" will not be driven.
/home/vinicius.silva/.ciel/ciel/sky130/versions/0fe599b2afb6708d281543108caf8310912f54af/sky130A/libs.ref/sky130_fd_sc_hd/verilog/sky130_fd_sc_hd.v:140570: warning: Timing checks are not supported and delayed signal "D_delayed" will not be driven.
/home/vinicius.silva/.ciel/ciel/sky130/versions/0fe599b2afb6708d281543108caf8310912f54af/sky130A/libs.ref/sky130_fd_sc_hd/verilog/sky130_fd_sc_hd.v:140571: warning: Timing checks are not supported and delayed signal "CLK_delayed" will not be driven.
/home/vinicius.silva/.ciel/ciel/sky130/versions/0fe599b2afb6708d281543108caf8310912f54af/sky130A/libs.ref/sky130_fd_sc_hd/verilog/sky130_fd_sc_hd.v:140571: warning: Timing checks are not supported and delayed signal "SCD_delayed" will not be driven.
/home/vinicius.silva/.ciel/ciel/sky130/versions/0fe599b2afb6708d281543108caf8310912f54af/sky130A/libs.ref/sky130_fd_sc_hd/verilog/sky130_fd_sc_hd.v:140572: warning: Timing checks are not supported and delayed signal "CLK_delayed" will not be driven.
/home/vinicius.silva/.ciel/ciel/sky130/versions/0fe599b2afb6708d281543108caf8310912f54af/sky130A/libs.ref/sky130_fd_sc_hd/verilog/sky130_fd_sc_hd.v:140572: warning: Timing checks are not supported and delayed signal "SCD_delayed" will not be driven.
/home/vinicius.silva/.ciel/ciel/sky130/versions/0fe599b2afb6708d281543108caf8310912f54af/sky130A/libs.ref/sky130_fd_sc_hd/verilog/sky130_fd_sc_hd.v:140573: warning: Timing checks are not supported and delayed signal "CLK_delayed" will not be driven.
/home/vinicius.silva/.ciel/ciel/sky130/versions/0fe599b2afb6708d281543108caf8310912f54af/sky130A/libs.ref/sky130_fd_sc_hd/verilog/sky130_fd_sc_hd.v:140573: warning: Timing checks are not supported and delayed signal "SCE_delayed" will not be driven.
/home/vinicius.silva/.ciel/ciel/sky130/versions/0fe599b2afb6708d281543108caf8310912f54af/sky130A/libs.ref/sky130_fd_sc_hd/verilog/sky130_fd_sc_hd.v:140574: warning: Timing checks are not supported and delayed signal "CLK_delayed" will not be driven.
/home/vinicius.silva/.ciel/ciel/sky130/versions/0fe599b2afb6708d281543108caf8310912f54af/sky130A/libs.ref/sky130_fd_sc_hd/verilog/sky130_fd_sc_hd.v:140574: warning: Timing checks are not supported and delayed signal "SCE_delayed" will not be driven.
/home/vinicius.silva/.ciel/ciel/sky130/versions/0fe599b2afb6708d281543108caf8310912f54af/sky130A/libs.ref/sky130_fd_sc_hd/verilog/sky130_fd_sc_hd.v:140957: warning: Timing checks are not supported and delayed signal "CLK_delayed" will not be driven.
/home/vinicius.silva/.ciel/ciel/sky130/versions/0fe599b2afb6708d281543108caf8310912f54af/sky130A/libs.ref/sky130_fd_sc_hd/verilog/sky130_fd_sc_hd.v:140957: warning: Timing checks are not supported and delayed signal "D_delayed" will not be driven.
/home/vinicius.silva/.ciel/ciel/sky130/versions/0fe599b2afb6708d281543108caf8310912f54af/sky130A/libs.ref/sky130_fd_sc_hd/verilog/sky130_fd_sc_hd.v:140958: warning: Timing checks are not supported and delayed signal "CLK_delayed" will not be driven.
/home/vinicius.silva/.ciel/ciel/sky130/versions/0fe599b2afb6708d281543108caf8310912f54af/sky130A/libs.ref/sky130_fd_sc_hd/verilog/sky130_fd_sc_hd.v:140958: warning: Timing checks are not supported and delayed signal "D_delayed" will not be driven.
/home/vinicius.silva/.ciel/ciel/sky130/versions/0fe599b2afb6708d281543108caf8310912f54af/sky130A/libs.ref/sky130_fd_sc_hd/verilog/sky130_fd_sc_hd.v:140959: warning: Timing checks are not supported and delayed signal "CLK_delayed" will not be driven.
/home/vinicius.silva/.ciel/ciel/sky130/versions/0fe599b2afb6708d281543108caf8310912f54af/sky130A/libs.ref/sky130_fd_sc_hd/verilog/sky130_fd_sc_hd.v:140959: warning: Timing checks are not supported and delayed signal "SCD_delayed" will not be driven.
/home/vinicius.silva/.ciel/ciel/sky130/versions/0fe599b2afb6708d281543108caf8310912f54af/sky130A/libs.ref/sky130_fd_sc_hd/verilog/sky130_fd_sc_hd.v:140960: warning: Timing checks are not supported and delayed signal "CLK_delayed" will not be driven.
/home/vinicius.silva/.ciel/ciel/sky130/versions/0fe599b2afb6708d281543108caf8310912f54af/sky130A/libs.ref/sky130_fd_sc_hd/verilog/sky130_fd_sc_hd.v:140960: warning: Timing checks are not supported and delayed signal "SCD_delayed" will not be driven.
/home/vinicius.silva/.ciel/ciel/sky130/versions/0fe599b2afb6708d281543108caf8310912f54af/sky130A/libs.ref/sky130_fd_sc_hd/verilog/sky130_fd_sc_hd.v:140961: warning: Timing checks are not supported and delayed signal "CLK_delayed" will not be driven.
/home/vinicius.silva/.ciel/ciel/sky130/versions/0fe599b2afb6708d281543108caf8310912f54af/sky130A/libs.ref/sky130_fd_sc_hd/verilog/sky130_fd_sc_hd.v:140961: warning: Timing checks are not supported and delayed signal "SCE_delayed" will not be driven.
/home/vinicius.silva/.ciel/ciel/sky130/versions/0fe599b2afb6708d281543108caf8310912f54af/sky130A/libs.ref/sky130_fd_sc_hd/verilog/sky130_fd_sc_hd.v:140962: warning: Timing checks are not supported and delayed signal "CLK_delayed" will not be driven.
/home/vinicius.silva/.ciel/ciel/sky130/versions/0fe599b2afb6708d281543108caf8310912f54af/sky130A/libs.ref/sky130_fd_sc_hd/verilog/sky130_fd_sc_hd.v:140962: warning: Timing checks are not supported and delayed signal "SCE_delayed" will not be driven.
/home/vinicius.silva/.ciel/ciel/sky130/versions/0fe599b2afb6708d281543108caf8310912f54af/sky130A/libs.ref/sky130_fd_sc_hd/verilog/sky130_fd_sc_hd.v:141331: warning: Timing checks are not supported and delayed signal "CLK_delayed" will not be driven.
/home/vinicius.silva/.ciel/ciel/sky130/versions/0fe599b2afb6708d281543108caf8310912f54af/sky130A/libs.ref/sky130_fd_sc_hd/verilog/sky130_fd_sc_hd.v:141331: warning: Timing checks are not supported and delayed signal "D_delayed" will not be driven.
/home/vinicius.silva/.ciel/ciel/sky130/versions/0fe599b2afb6708d281543108caf8310912f54af/sky130A/libs.ref/sky130_fd_sc_hd/verilog/sky130_fd_sc_hd.v:141332: warning: Timing checks are not supported and delayed signal "CLK_delayed" will not be driven.
/home/vinicius.silva/.ciel/ciel/sky130/versions/0fe599b2afb6708d281543108caf8310912f54af/sky130A/libs.ref/sky130_fd_sc_hd/verilog/sky130_fd_sc_hd.v:141332: warning: Timing checks are not supported and delayed signal "D_delayed" will not be driven.
/home/vinicius.silva/.ciel/ciel/sky130/versions/0fe599b2afb6708d281543108caf8310912f54af/sky130A/libs.ref/sky130_fd_sc_hd/verilog/sky130_fd_sc_hd.v:141333: warning: Timing checks are not supported and delayed signal "CLK_delayed" will not be driven.
/home/vinicius.silva/.ciel/ciel/sky130/versions/0fe599b2afb6708d281543108caf8310912f54af/sky130A/libs.ref/sky130_fd_sc_hd/verilog/sky130_fd_sc_hd.v:141333: warning: Timing checks are not supported and delayed signal "SCD_delayed" will not be driven.
/home/vinicius.silva/.ciel/ciel/sky130/versions/0fe599b2afb6708d281543108caf8310912f54af/sky130A/libs.ref/sky130_fd_sc_hd/verilog/sky130_fd_sc_hd.v:141334: warning: Timing checks are not supported and delayed signal "CLK_delayed" will not be driven.
/home/vinicius.silva/.ciel/ciel/sky130/versions/0fe599b2afb6708d281543108caf8310912f54af/sky130A/libs.ref/sky130_fd_sc_hd/verilog/sky130_fd_sc_hd.v:141334: warning: Timing checks are not supported and delayed signal "SCD_delayed" will not be driven.
/home/vinicius.silva/.ciel/ciel/sky130/versions/0fe599b2afb6708d281543108caf8310912f54af/sky130A/libs.ref/sky130_fd_sc_hd/verilog/sky130_fd_sc_hd.v:141335: warning: Timing checks are not supported and delayed signal "CLK_delayed" will not be driven.
/home/vinicius.silva/.ciel/ciel/sky130/versions/0fe599b2afb6708d281543108caf8310912f54af/sky130A/libs.ref/sky130_fd_sc_hd/verilog/sky130_fd_sc_hd.v:141335: warning: Timing checks are not supported and delayed signal "SCE_delayed" will not be driven.
/home/vinicius.silva/.ciel/ciel/sky130/versions/0fe599b2afb6708d281543108caf8310912f54af/sky130A/libs.ref/sky130_fd_sc_hd/verilog/sky130_fd_sc_hd.v:141336: warning: Timing checks are not supported and delayed signal "CLK_delayed" will not be driven.
/home/vinicius.silva/.ciel/ciel/sky130/versions/0fe599b2afb6708d281543108caf8310912f54af/sky130A/libs.ref/sky130_fd_sc_hd/verilog/sky130_fd_sc_hd.v:141336: warning: Timing checks are not supported and delayed signal "SCE_delayed" will not be driven.
/home/vinicius.silva/.ciel/ciel/sky130/versions/0fe599b2afb6708d281543108caf8310912f54af/sky130A/libs.ref/sky130_fd_sc_hd/verilog/sky130_fd_sc_hd.v:141705: warning: Timing checks are not supported and delayed signal "CLK_delayed" will not be driven.
/home/vinicius.silva/.ciel/ciel/sky130/versions/0fe599b2afb6708d281543108caf8310912f54af/sky130A/libs.ref/sky130_fd_sc_hd/verilog/sky130_fd_sc_hd.v:141705: warning: Timing checks are not supported and delayed signal "D_delayed" will not be driven.
/home/vinicius.silva/.ciel/ciel/sky130/versions/0fe599b2afb6708d281543108caf8310912f54af/sky130A/libs.ref/sky130_fd_sc_hd/verilog/sky130_fd_sc_hd.v:141706: warning: Timing checks are not supported and delayed signal "CLK_delayed" will not be driven.
/home/vinicius.silva/.ciel/ciel/sky130/versions/0fe599b2afb6708d281543108caf8310912f54af/sky130A/libs.ref/sky130_fd_sc_hd/verilog/sky130_fd_sc_hd.v:141706: warning: Timing checks are not supported and delayed signal "D_delayed" will not be driven.
/home/vinicius.silva/.ciel/ciel/sky130/versions/0fe599b2afb6708d281543108caf8310912f54af/sky130A/libs.ref/sky130_fd_sc_hd/verilog/sky130_fd_sc_hd.v:141707: warning: Timing checks are not supported and delayed signal "CLK_delayed" will not be driven.
/home/vinicius.silva/.ciel/ciel/sky130/versions/0fe599b2afb6708d281543108caf8310912f54af/sky130A/libs.ref/sky130_fd_sc_hd/verilog/sky130_fd_sc_hd.v:141707: warning: Timing checks are not supported and delayed signal "SCD_delayed" will not be driven.
/home/vinicius.silva/.ciel/ciel/sky130/versions/0fe599b2afb6708d281543108caf8310912f54af/sky130A/libs.ref/sky130_fd_sc_hd/verilog/sky130_fd_sc_hd.v:141708: warning: Timing checks are not supported and delayed signal "CLK_delayed" will not be driven.
/home/vinicius.silva/.ciel/ciel/sky130/versions/0fe599b2afb6708d281543108caf8310912f54af/sky130A/libs.ref/sky130_fd_sc_hd/verilog/sky130_fd_sc_hd.v:141708: warning: Timing checks are not supported and delayed signal "SCD_delayed" will not be driven.
/home/vinicius.silva/.ciel/ciel/sky130/versions/0fe599b2afb6708d281543108caf8310912f54af/sky130A/libs.ref/sky130_fd_sc_hd/verilog/sky130_fd_sc_hd.v:141709: warning: Timing checks are not supported and delayed signal "CLK_delayed" will not be driven.
/home/vinicius.silva/.ciel/ciel/sky130/versions/0fe599b2afb6708d281543108caf8310912f54af/sky130A/libs.ref/sky130_fd_sc_hd/verilog/sky130_fd_sc_hd.v:141709: warning: Timing checks are not supported and delayed signal "SCE_delayed" will not be driven.
/home/vinicius.silva/.ciel/ciel/sky130/versions/0fe599b2afb6708d281543108caf8310912f54af/sky130A/libs.ref/sky130_fd_sc_hd/verilog/sky130_fd_sc_hd.v:141710: warning: Timing checks are not supported and delayed signal "CLK_delayed" will not be driven.
/home/vinicius.silva/.ciel/ciel/sky130/versions/0fe599b2afb6708d281543108caf8310912f54af/sky130A/libs.ref/sky130_fd_sc_hd/verilog/sky130_fd_sc_hd.v:141710: warning: Timing checks are not supported and delayed signal "SCE_delayed" will not be driven.
/home/vinicius.silva/.ciel/ciel/sky130/versions/0fe599b2afb6708d281543108caf8310912f54af/sky130A/libs.ref/sky130_fd_sc_hd/verilog/sky130_fd_sc_hd.v:142079: warning: Timing checks are not supported and delayed signal "CLK_delayed" will not be driven.
/home/vinicius.silva/.ciel/ciel/sky130/versions/0fe599b2afb6708d281543108caf8310912f54af/sky130A/libs.ref/sky130_fd_sc_hd/verilog/sky130_fd_sc_hd.v:142079: warning: Timing checks are not supported and delayed signal "D_delayed" will not be driven.
/home/vinicius.silva/.ciel/ciel/sky130/versions/0fe599b2afb6708d281543108caf8310912f54af/sky130A/libs.ref/sky130_fd_sc_hd/verilog/sky130_fd_sc_hd.v:142080: warning: Timing checks are not supported and delayed signal "CLK_delayed" will not be driven.
/home/vinicius.silva/.ciel/ciel/sky130/versions/0fe599b2afb6708d281543108caf8310912f54af/sky130A/libs.ref/sky130_fd_sc_hd/verilog/sky130_fd_sc_hd.v:142080: warning: Timing checks are not supported and delayed signal "D_delayed" will not be driven.
/home/vinicius.silva/.ciel/ciel/sky130/versions/0fe599b2afb6708d281543108caf8310912f54af/sky130A/libs.ref/sky130_fd_sc_hd/verilog/sky130_fd_sc_hd.v:142081: warning: Timing checks are not supported and delayed signal "CLK_delayed" will not be driven.
/home/vinicius.silva/.ciel/ciel/sky130/versions/0fe599b2afb6708d281543108caf8310912f54af/sky130A/libs.ref/sky130_fd_sc_hd/verilog/sky130_fd_sc_hd.v:142081: warning: Timing checks are not supported and delayed signal "SCD_delayed" will not be driven.
/home/vinicius.silva/.ciel/ciel/sky130/versions/0fe599b2afb6708d281543108caf8310912f54af/sky130A/libs.ref/sky130_fd_sc_hd/verilog/sky130_fd_sc_hd.v:142082: warning: Timing checks are not supported and delayed signal "CLK_delayed" will not be driven.
/home/vinicius.silva/.ciel/ciel/sky130/versions/0fe599b2afb6708d281543108caf8310912f54af/sky130A/libs.ref/sky130_fd_sc_hd/verilog/sky130_fd_sc_hd.v:142082: warning: Timing checks are not supported and delayed signal "SCD_delayed" will not be driven.
/home/vinicius.silva/.ciel/ciel/sky130/versions/0fe599b2afb6708d281543108caf8310912f54af/sky130A/libs.ref/sky130_fd_sc_hd/verilog/sky130_fd_sc_hd.v:142083: warning: Timing checks are not supported and delayed signal "CLK_delayed" will not be driven.
/home/vinicius.silva/.ciel/ciel/sky130/versions/0fe599b2afb6708d281543108caf8310912f54af/sky130A/libs.ref/sky130_fd_sc_hd/verilog/sky130_fd_sc_hd.v:142083: warning: Timing checks are not supported and delayed signal "SCE_delayed" will not be driven.
/home/vinicius.silva/.ciel/ciel/sky130/versions/0fe599b2afb6708d281543108caf8310912f54af/sky130A/libs.ref/sky130_fd_sc_hd/verilog/sky130_fd_sc_hd.v:142084: warning: Timing checks are not supported and delayed signal "CLK_delayed" will not be driven.
/home/vinicius.silva/.ciel/ciel/sky130/versions/0fe599b2afb6708d281543108caf8310912f54af/sky130A/libs.ref/sky130_fd_sc_hd/verilog/sky130_fd_sc_hd.v:142084: warning: Timing checks are not supported and delayed signal "SCE_delayed" will not be driven.
/home/vinicius.silva/.ciel/ciel/sky130/versions/0fe599b2afb6708d281543108caf8310912f54af/sky130A/libs.ref/sky130_fd_sc_hd/verilog/sky130_fd_sc_hd.v:142452: warning: Timing checks are not supported and delayed signal "CLK_delayed" will not be driven.
/home/vinicius.silva/.ciel/ciel/sky130/versions/0fe599b2afb6708d281543108caf8310912f54af/sky130A/libs.ref/sky130_fd_sc_hd/verilog/sky130_fd_sc_hd.v:142452: warning: Timing checks are not supported and delayed signal "SCE_delayed" will not be driven.
/home/vinicius.silva/.ciel/ciel/sky130/versions/0fe599b2afb6708d281543108caf8310912f54af/sky130A/libs.ref/sky130_fd_sc_hd/verilog/sky130_fd_sc_hd.v:142453: warning: Timing checks are not supported and delayed signal "CLK_delayed" will not be driven.
/home/vinicius.silva/.ciel/ciel/sky130/versions/0fe599b2afb6708d281543108caf8310912f54af/sky130A/libs.ref/sky130_fd_sc_hd/verilog/sky130_fd_sc_hd.v:142453: warning: Timing checks are not supported and delayed signal "SCE_delayed" will not be driven.
/home/vinicius.silva/.ciel/ciel/sky130/versions/0fe599b2afb6708d281543108caf8310912f54af/sky130A/libs.ref/sky130_fd_sc_hd/verilog/sky130_fd_sc_hd.v:142454: warning: Timing checks are not supported and delayed signal "CLK_delayed" will not be driven.
/home/vinicius.silva/.ciel/ciel/sky130/versions/0fe599b2afb6708d281543108caf8310912f54af/sky130A/libs.ref/sky130_fd_sc_hd/verilog/sky130_fd_sc_hd.v:142454: warning: Timing checks are not supported and delayed signal "GATE_delayed" will not be driven.
/home/vinicius.silva/.ciel/ciel/sky130/versions/0fe599b2afb6708d281543108caf8310912f54af/sky130A/libs.ref/sky130_fd_sc_hd/verilog/sky130_fd_sc_hd.v:142455: warning: Timing checks are not supported and delayed signal "CLK_delayed" will not be driven.
/home/vinicius.silva/.ciel/ciel/sky130/versions/0fe599b2afb6708d281543108caf8310912f54af/sky130A/libs.ref/sky130_fd_sc_hd/verilog/sky130_fd_sc_hd.v:142455: warning: Timing checks are not supported and delayed signal "GATE_delayed" will not be driven.
/home/vinicius.silva/.ciel/ciel/sky130/versions/0fe599b2afb6708d281543108caf8310912f54af/sky130A/libs.ref/sky130_fd_sc_hd/verilog/sky130_fd_sc_hd.v:142822: warning: Timing checks are not supported and delayed signal "CLK_delayed" will not be driven.
/home/vinicius.silva/.ciel/ciel/sky130/versions/0fe599b2afb6708d281543108caf8310912f54af/sky130A/libs.ref/sky130_fd_sc_hd/verilog/sky130_fd_sc_hd.v:142822: warning: Timing checks are not supported and delayed signal "SCE_delayed" will not be driven.
/home/vinicius.silva/.ciel/ciel/sky130/versions/0fe599b2afb6708d281543108caf8310912f54af/sky130A/libs.ref/sky130_fd_sc_hd/verilog/sky130_fd_sc_hd.v:142823: warning: Timing checks are not supported and delayed signal "CLK_delayed" will not be driven.
/home/vinicius.silva/.ciel/ciel/sky130/versions/0fe599b2afb6708d281543108caf8310912f54af/sky130A/libs.ref/sky130_fd_sc_hd/verilog/sky130_fd_sc_hd.v:142823: warning: Timing checks are not supported and delayed signal "SCE_delayed" will not be driven.
/home/vinicius.silva/.ciel/ciel/sky130/versions/0fe599b2afb6708d281543108caf8310912f54af/sky130A/libs.ref/sky130_fd_sc_hd/verilog/sky130_fd_sc_hd.v:142824: warning: Timing checks are not supported and delayed signal "CLK_delayed" will not be driven.
/home/vinicius.silva/.ciel/ciel/sky130/versions/0fe599b2afb6708d281543108caf8310912f54af/sky130A/libs.ref/sky130_fd_sc_hd/verilog/sky130_fd_sc_hd.v:142824: warning: Timing checks are not supported and delayed signal "GATE_delayed" will not be driven.
/home/vinicius.silva/.ciel/ciel/sky130/versions/0fe599b2afb6708d281543108caf8310912f54af/sky130A/libs.ref/sky130_fd_sc_hd/verilog/sky130_fd_sc_hd.v:142825: warning: Timing checks are not supported and delayed signal "CLK_delayed" will not be driven.
/home/vinicius.silva/.ciel/ciel/sky130/versions/0fe599b2afb6708d281543108caf8310912f54af/sky130A/libs.ref/sky130_fd_sc_hd/verilog/sky130_fd_sc_hd.v:142825: warning: Timing checks are not supported and delayed signal "GATE_delayed" will not be driven.
/home/vinicius.silva/.ciel/ciel/sky130/versions/0fe599b2afb6708d281543108caf8310912f54af/sky130A/libs.ref/sky130_fd_sc_hd/verilog/sky130_fd_sc_hd.v:143192: warning: Timing checks are not supported and delayed signal "CLK_delayed" will not be driven.
/home/vinicius.silva/.ciel/ciel/sky130/versions/0fe599b2afb6708d281543108caf8310912f54af/sky130A/libs.ref/sky130_fd_sc_hd/verilog/sky130_fd_sc_hd.v:143192: warning: Timing checks are not supported and delayed signal "SCE_delayed" will not be driven.
/home/vinicius.silva/.ciel/ciel/sky130/versions/0fe599b2afb6708d281543108caf8310912f54af/sky130A/libs.ref/sky130_fd_sc_hd/verilog/sky130_fd_sc_hd.v:143193: warning: Timing checks are not supported and delayed signal "CLK_delayed" will not be driven.
/home/vinicius.silva/.ciel/ciel/sky130/versions/0fe599b2afb6708d281543108caf8310912f54af/sky130A/libs.ref/sky130_fd_sc_hd/verilog/sky130_fd_sc_hd.v:143193: warning: Timing checks are not supported and delayed signal "SCE_delayed" will not be driven.
/home/vinicius.silva/.ciel/ciel/sky130/versions/0fe599b2afb6708d281543108caf8310912f54af/sky130A/libs.ref/sky130_fd_sc_hd/verilog/sky130_fd_sc_hd.v:143194: warning: Timing checks are not supported and delayed signal "CLK_delayed" will not be driven.
/home/vinicius.silva/.ciel/ciel/sky130/versions/0fe599b2afb6708d281543108caf8310912f54af/sky130A/libs.ref/sky130_fd_sc_hd/verilog/sky130_fd_sc_hd.v:143194: warning: Timing checks are not supported and delayed signal "GATE_delayed" will not be driven.
/home/vinicius.silva/.ciel/ciel/sky130/versions/0fe599b2afb6708d281543108caf8310912f54af/sky130A/libs.ref/sky130_fd_sc_hd/verilog/sky130_fd_sc_hd.v:143195: warning: Timing checks are not supported and delayed signal "CLK_delayed" will not be driven.
/home/vinicius.silva/.ciel/ciel/sky130/versions/0fe599b2afb6708d281543108caf8310912f54af/sky130A/libs.ref/sky130_fd_sc_hd/verilog/sky130_fd_sc_hd.v:143195: warning: Timing checks are not supported and delayed signal "GATE_delayed" will not be driven.
/home/vinicius.silva/.ciel/ciel/sky130/versions/0fe599b2afb6708d281543108caf8310912f54af/sky130A/libs.ref/sky130_fd_sc_hd/verilog/sky130_fd_sc_hd.v:143602: warning: Timing checks are not supported and delayed signal "CLK_delayed" will not be driven.
/home/vinicius.silva/.ciel/ciel/sky130/versions/0fe599b2afb6708d281543108caf8310912f54af/sky130A/libs.ref/sky130_fd_sc_hd/verilog/sky130_fd_sc_hd.v:143602: warning: Timing checks are not supported and delayed signal "DE_delayed" will not be driven.
/home/vinicius.silva/.ciel/ciel/sky130/versions/0fe599b2afb6708d281543108caf8310912f54af/sky130A/libs.ref/sky130_fd_sc_hd/verilog/sky130_fd_sc_hd.v:143603: warning: Timing checks are not supported and delayed signal "CLK_delayed" will not be driven.
/home/vinicius.silva/.ciel/ciel/sky130/versions/0fe599b2afb6708d281543108caf8310912f54af/sky130A/libs.ref/sky130_fd_sc_hd/verilog/sky130_fd_sc_hd.v:143603: warning: Timing checks are not supported and delayed signal "DE_delayed" will not be driven.
/home/vinicius.silva/.ciel/ciel/sky130/versions/0fe599b2afb6708d281543108caf8310912f54af/sky130A/libs.ref/sky130_fd_sc_hd/verilog/sky130_fd_sc_hd.v:143604: warning: Timing checks are not supported and delayed signal "CLK_delayed" will not be driven.
/home/vinicius.silva/.ciel/ciel/sky130/versions/0fe599b2afb6708d281543108caf8310912f54af/sky130A/libs.ref/sky130_fd_sc_hd/verilog/sky130_fd_sc_hd.v:143604: warning: Timing checks are not supported and delayed signal "D_delayed" will not be driven.
/home/vinicius.silva/.ciel/ciel/sky130/versions/0fe599b2afb6708d281543108caf8310912f54af/sky130A/libs.ref/sky130_fd_sc_hd/verilog/sky130_fd_sc_hd.v:143605: warning: Timing checks are not supported and delayed signal "CLK_delayed" will not be driven.
/home/vinicius.silva/.ciel/ciel/sky130/versions/0fe599b2afb6708d281543108caf8310912f54af/sky130A/libs.ref/sky130_fd_sc_hd/verilog/sky130_fd_sc_hd.v:143605: warning: Timing checks are not supported and delayed signal "D_delayed" will not be driven.
/home/vinicius.silva/.ciel/ciel/sky130/versions/0fe599b2afb6708d281543108caf8310912f54af/sky130A/libs.ref/sky130_fd_sc_hd/verilog/sky130_fd_sc_hd.v:143606: warning: Timing checks are not supported and delayed signal "CLK_delayed" will not be driven.
/home/vinicius.silva/.ciel/ciel/sky130/versions/0fe599b2afb6708d281543108caf8310912f54af/sky130A/libs.ref/sky130_fd_sc_hd/verilog/sky130_fd_sc_hd.v:143606: warning: Timing checks are not supported and delayed signal "SCD_delayed" will not be driven.
/home/vinicius.silva/.ciel/ciel/sky130/versions/0fe599b2afb6708d281543108caf8310912f54af/sky130A/libs.ref/sky130_fd_sc_hd/verilog/sky130_fd_sc_hd.v:143607: warning: Timing checks are not supported and delayed signal "CLK_delayed" will not be driven.
/home/vinicius.silva/.ciel/ciel/sky130/versions/0fe599b2afb6708d281543108caf8310912f54af/sky130A/libs.ref/sky130_fd_sc_hd/verilog/sky130_fd_sc_hd.v:143607: warning: Timing checks are not supported and delayed signal "SCD_delayed" will not be driven.
/home/vinicius.silva/.ciel/ciel/sky130/versions/0fe599b2afb6708d281543108caf8310912f54af/sky130A/libs.ref/sky130_fd_sc_hd/verilog/sky130_fd_sc_hd.v:143608: warning: Timing checks are not supported and delayed signal "CLK_delayed" will not be driven.
/home/vinicius.silva/.ciel/ciel/sky130/versions/0fe599b2afb6708d281543108caf8310912f54af/sky130A/libs.ref/sky130_fd_sc_hd/verilog/sky130_fd_sc_hd.v:143608: warning: Timing checks are not supported and delayed signal "SCE_delayed" will not be driven.
/home/vinicius.silva/.ciel/ciel/sky130/versions/0fe599b2afb6708d281543108caf8310912f54af/sky130A/libs.ref/sky130_fd_sc_hd/verilog/sky130_fd_sc_hd.v:143609: warning: Timing checks are not supported and delayed signal "CLK_delayed" will not be driven.
/home/vinicius.silva/.ciel/ciel/sky130/versions/0fe599b2afb6708d281543108caf8310912f54af/sky130A/libs.ref/sky130_fd_sc_hd/verilog/sky130_fd_sc_hd.v:143609: warning: Timing checks are not supported and delayed signal "SCE_delayed" will not be driven.
/home/vinicius.silva/.ciel/ciel/sky130/versions/0fe599b2afb6708d281543108caf8310912f54af/sky130A/libs.ref/sky130_fd_sc_hd/verilog/sky130_fd_sc_hd.v:144017: warning: Timing checks are not supported and delayed signal "CLK_delayed" will not be driven.
/home/vinicius.silva/.ciel/ciel/sky130/versions/0fe599b2afb6708d281543108caf8310912f54af/sky130A/libs.ref/sky130_fd_sc_hd/verilog/sky130_fd_sc_hd.v:144017: warning: Timing checks are not supported and delayed signal "DE_delayed" will not be driven.
/home/vinicius.silva/.ciel/ciel/sky130/versions/0fe599b2afb6708d281543108caf8310912f54af/sky130A/libs.ref/sky130_fd_sc_hd/verilog/sky130_fd_sc_hd.v:144018: warning: Timing checks are not supported and delayed signal "CLK_delayed" will not be driven.
/home/vinicius.silva/.ciel/ciel/sky130/versions/0fe599b2afb6708d281543108caf8310912f54af/sky130A/libs.ref/sky130_fd_sc_hd/verilog/sky130_fd_sc_hd.v:144018: warning: Timing checks are not supported and delayed signal "DE_delayed" will not be driven.
/home/vinicius.silva/.ciel/ciel/sky130/versions/0fe599b2afb6708d281543108caf8310912f54af/sky130A/libs.ref/sky130_fd_sc_hd/verilog/sky130_fd_sc_hd.v:144019: warning: Timing checks are not supported and delayed signal "CLK_delayed" will not be driven.
/home/vinicius.silva/.ciel/ciel/sky130/versions/0fe599b2afb6708d281543108caf8310912f54af/sky130A/libs.ref/sky130_fd_sc_hd/verilog/sky130_fd_sc_hd.v:144019: warning: Timing checks are not supported and delayed signal "D_delayed" will not be driven.
/home/vinicius.silva/.ciel/ciel/sky130/versions/0fe599b2afb6708d281543108caf8310912f54af/sky130A/libs.ref/sky130_fd_sc_hd/verilog/sky130_fd_sc_hd.v:144020: warning: Timing checks are not supported and delayed signal "CLK_delayed" will not be driven.
/home/vinicius.silva/.ciel/ciel/sky130/versions/0fe599b2afb6708d281543108caf8310912f54af/sky130A/libs.ref/sky130_fd_sc_hd/verilog/sky130_fd_sc_hd.v:144020: warning: Timing checks are not supported and delayed signal "D_delayed" will not be driven.
/home/vinicius.silva/.ciel/ciel/sky130/versions/0fe599b2afb6708d281543108caf8310912f54af/sky130A/libs.ref/sky130_fd_sc_hd/verilog/sky130_fd_sc_hd.v:144021: warning: Timing checks are not supported and delayed signal "CLK_delayed" will not be driven.
/home/vinicius.silva/.ciel/ciel/sky130/versions/0fe599b2afb6708d281543108caf8310912f54af/sky130A/libs.ref/sky130_fd_sc_hd/verilog/sky130_fd_sc_hd.v:144021: warning: Timing checks are not supported and delayed signal "SCD_delayed" will not be driven.
/home/vinicius.silva/.ciel/ciel/sky130/versions/0fe599b2afb6708d281543108caf8310912f54af/sky130A/libs.ref/sky130_fd_sc_hd/verilog/sky130_fd_sc_hd.v:144022: warning: Timing checks are not supported and delayed signal "CLK_delayed" will not be driven.
/home/vinicius.silva/.ciel/ciel/sky130/versions/0fe599b2afb6708d281543108caf8310912f54af/sky130A/libs.ref/sky130_fd_sc_hd/verilog/sky130_fd_sc_hd.v:144022: warning: Timing checks are not supported and delayed signal "SCD_delayed" will not be driven.
/home/vinicius.silva/.ciel/ciel/sky130/versions/0fe599b2afb6708d281543108caf8310912f54af/sky130A/libs.ref/sky130_fd_sc_hd/verilog/sky130_fd_sc_hd.v:144023: warning: Timing checks are not supported and delayed signal "CLK_delayed" will not be driven.
/home/vinicius.silva/.ciel/ciel/sky130/versions/0fe599b2afb6708d281543108caf8310912f54af/sky130A/libs.ref/sky130_fd_sc_hd/verilog/sky130_fd_sc_hd.v:144023: warning: Timing checks are not supported and delayed signal "SCE_delayed" will not be driven.
/home/vinicius.silva/.ciel/ciel/sky130/versions/0fe599b2afb6708d281543108caf8310912f54af/sky130A/libs.ref/sky130_fd_sc_hd/verilog/sky130_fd_sc_hd.v:144024: warning: Timing checks are not supported and delayed signal "CLK_delayed" will not be driven.
/home/vinicius.silva/.ciel/ciel/sky130/versions/0fe599b2afb6708d281543108caf8310912f54af/sky130A/libs.ref/sky130_fd_sc_hd/verilog/sky130_fd_sc_hd.v:144024: warning: Timing checks are not supported and delayed signal "SCE_delayed" will not be driven.
/home/vinicius.silva/.ciel/ciel/sky130/versions/0fe599b2afb6708d281543108caf8310912f54af/sky130A/libs.ref/sky130_fd_sc_hd/verilog/sky130_fd_sc_hd.v:144418: warning: Timing checks are not supported and delayed signal "CLK_delayed" will not be driven.
/home/vinicius.silva/.ciel/ciel/sky130/versions/0fe599b2afb6708d281543108caf8310912f54af/sky130A/libs.ref/sky130_fd_sc_hd/verilog/sky130_fd_sc_hd.v:144418: warning: Timing checks are not supported and delayed signal "DE_delayed" will not be driven.
/home/vinicius.silva/.ciel/ciel/sky130/versions/0fe599b2afb6708d281543108caf8310912f54af/sky130A/libs.ref/sky130_fd_sc_hd/verilog/sky130_fd_sc_hd.v:144419: warning: Timing checks are not supported and delayed signal "CLK_delayed" will not be driven.
/home/vinicius.silva/.ciel/ciel/sky130/versions/0fe599b2afb6708d281543108caf8310912f54af/sky130A/libs.ref/sky130_fd_sc_hd/verilog/sky130_fd_sc_hd.v:144419: warning: Timing checks are not supported and delayed signal "DE_delayed" will not be driven.
/home/vinicius.silva/.ciel/ciel/sky130/versions/0fe599b2afb6708d281543108caf8310912f54af/sky130A/libs.ref/sky130_fd_sc_hd/verilog/sky130_fd_sc_hd.v:144420: warning: Timing checks are not supported and delayed signal "CLK_delayed" will not be driven.
/home/vinicius.silva/.ciel/ciel/sky130/versions/0fe599b2afb6708d281543108caf8310912f54af/sky130A/libs.ref/sky130_fd_sc_hd/verilog/sky130_fd_sc_hd.v:144420: warning: Timing checks are not supported and delayed signal "D_delayed" will not be driven.
/home/vinicius.silva/.ciel/ciel/sky130/versions/0fe599b2afb6708d281543108caf8310912f54af/sky130A/libs.ref/sky130_fd_sc_hd/verilog/sky130_fd_sc_hd.v:144421: warning: Timing checks are not supported and delayed signal "CLK_delayed" will not be driven.
/home/vinicius.silva/.ciel/ciel/sky130/versions/0fe599b2afb6708d281543108caf8310912f54af/sky130A/libs.ref/sky130_fd_sc_hd/verilog/sky130_fd_sc_hd.v:144421: warning: Timing checks are not supported and delayed signal "D_delayed" will not be driven.
/home/vinicius.silva/.ciel/ciel/sky130/versions/0fe599b2afb6708d281543108caf8310912f54af/sky130A/libs.ref/sky130_fd_sc_hd/verilog/sky130_fd_sc_hd.v:144422: warning: Timing checks are not supported and delayed signal "CLK_delayed" will not be driven.
/home/vinicius.silva/.ciel/ciel/sky130/versions/0fe599b2afb6708d281543108caf8310912f54af/sky130A/libs.ref/sky130_fd_sc_hd/verilog/sky130_fd_sc_hd.v:144422: warning: Timing checks are not supported and delayed signal "SCD_delayed" will not be driven.
/home/vinicius.silva/.ciel/ciel/sky130/versions/0fe599b2afb6708d281543108caf8310912f54af/sky130A/libs.ref/sky130_fd_sc_hd/verilog/sky130_fd_sc_hd.v:144423: warning: Timing checks are not supported and delayed signal "CLK_delayed" will not be driven.
/home/vinicius.silva/.ciel/ciel/sky130/versions/0fe599b2afb6708d281543108caf8310912f54af/sky130A/libs.ref/sky130_fd_sc_hd/verilog/sky130_fd_sc_hd.v:144423: warning: Timing checks are not supported and delayed signal "SCD_delayed" will not be driven.
/home/vinicius.silva/.ciel/ciel/sky130/versions/0fe599b2afb6708d281543108caf8310912f54af/sky130A/libs.ref/sky130_fd_sc_hd/verilog/sky130_fd_sc_hd.v:144424: warning: Timing checks are not supported and delayed signal "CLK_delayed" will not be driven.
/home/vinicius.silva/.ciel/ciel/sky130/versions/0fe599b2afb6708d281543108caf8310912f54af/sky130A/libs.ref/sky130_fd_sc_hd/verilog/sky130_fd_sc_hd.v:144424: warning: Timing checks are not supported and delayed signal "SCE_delayed" will not be driven.
/home/vinicius.silva/.ciel/ciel/sky130/versions/0fe599b2afb6708d281543108caf8310912f54af/sky130A/libs.ref/sky130_fd_sc_hd/verilog/sky130_fd_sc_hd.v:144425: warning: Timing checks are not supported and delayed signal "CLK_delayed" will not be driven.
/home/vinicius.silva/.ciel/ciel/sky130/versions/0fe599b2afb6708d281543108caf8310912f54af/sky130A/libs.ref/sky130_fd_sc_hd/verilog/sky130_fd_sc_hd.v:144425: warning: Timing checks are not supported and delayed signal "SCE_delayed" will not be driven.
/home/vinicius.silva/.ciel/ciel/sky130/versions/0fe599b2afb6708d281543108caf8310912f54af/sky130A/libs.ref/sky130_fd_sc_hd/verilog/sky130_fd_sc_hd.v:144819: warning: Timing checks are not supported and delayed signal "CLK_delayed" will not be driven.
/home/vinicius.silva/.ciel/ciel/sky130/versions/0fe599b2afb6708d281543108caf8310912f54af/sky130A/libs.ref/sky130_fd_sc_hd/verilog/sky130_fd_sc_hd.v:144819: warning: Timing checks are not supported and delayed signal "DE_delayed" will not be driven.
/home/vinicius.silva/.ciel/ciel/sky130/versions/0fe599b2afb6708d281543108caf8310912f54af/sky130A/libs.ref/sky130_fd_sc_hd/verilog/sky130_fd_sc_hd.v:144820: warning: Timing checks are not supported and delayed signal "CLK_delayed" will not be driven.
/home/vinicius.silva/.ciel/ciel/sky130/versions/0fe599b2afb6708d281543108caf8310912f54af/sky130A/libs.ref/sky130_fd_sc_hd/verilog/sky130_fd_sc_hd.v:144820: warning: Timing checks are not supported and delayed signal "DE_delayed" will not be driven.
/home/vinicius.silva/.ciel/ciel/sky130/versions/0fe599b2afb6708d281543108caf8310912f54af/sky130A/libs.ref/sky130_fd_sc_hd/verilog/sky130_fd_sc_hd.v:144821: warning: Timing checks are not supported and delayed signal "CLK_delayed" will not be driven.
/home/vinicius.silva/.ciel/ciel/sky130/versions/0fe599b2afb6708d281543108caf8310912f54af/sky130A/libs.ref/sky130_fd_sc_hd/verilog/sky130_fd_sc_hd.v:144821: warning: Timing checks are not supported and delayed signal "D_delayed" will not be driven.
/home/vinicius.silva/.ciel/ciel/sky130/versions/0fe599b2afb6708d281543108caf8310912f54af/sky130A/libs.ref/sky130_fd_sc_hd/verilog/sky130_fd_sc_hd.v:144822: warning: Timing checks are not supported and delayed signal "CLK_delayed" will not be driven.
/home/vinicius.silva/.ciel/ciel/sky130/versions/0fe599b2afb6708d281543108caf8310912f54af/sky130A/libs.ref/sky130_fd_sc_hd/verilog/sky130_fd_sc_hd.v:144822: warning: Timing checks are not supported and delayed signal "D_delayed" will not be driven.
/home/vinicius.silva/.ciel/ciel/sky130/versions/0fe599b2afb6708d281543108caf8310912f54af/sky130A/libs.ref/sky130_fd_sc_hd/verilog/sky130_fd_sc_hd.v:144823: warning: Timing checks are not supported and delayed signal "CLK_delayed" will not be driven.
/home/vinicius.silva/.ciel/ciel/sky130/versions/0fe599b2afb6708d281543108caf8310912f54af/sky130A/libs.ref/sky130_fd_sc_hd/verilog/sky130_fd_sc_hd.v:144823: warning: Timing checks are not supported and delayed signal "SCD_delayed" will not be driven.
/home/vinicius.silva/.ciel/ciel/sky130/versions/0fe599b2afb6708d281543108caf8310912f54af/sky130A/libs.ref/sky130_fd_sc_hd/verilog/sky130_fd_sc_hd.v:144824: warning: Timing checks are not supported and delayed signal "CLK_delayed" will not be driven.
/home/vinicius.silva/.ciel/ciel/sky130/versions/0fe599b2afb6708d281543108caf8310912f54af/sky130A/libs.ref/sky130_fd_sc_hd/verilog/sky130_fd_sc_hd.v:144824: warning: Timing checks are not supported and delayed signal "SCD_delayed" will not be driven.
/home/vinicius.silva/.ciel/ciel/sky130/versions/0fe599b2afb6708d281543108caf8310912f54af/sky130A/libs.ref/sky130_fd_sc_hd/verilog/sky130_fd_sc_hd.v:144825: warning: Timing checks are not supported and delayed signal "CLK_delayed" will not be driven.
/home/vinicius.silva/.ciel/ciel/sky130/versions/0fe599b2afb6708d281543108caf8310912f54af/sky130A/libs.ref/sky130_fd_sc_hd/verilog/sky130_fd_sc_hd.v:144825: warning: Timing checks are not supported and delayed signal "SCE_delayed" will not be driven.
/home/vinicius.silva/.ciel/ciel/sky130/versions/0fe599b2afb6708d281543108caf8310912f54af/sky130A/libs.ref/sky130_fd_sc_hd/verilog/sky130_fd_sc_hd.v:144826: warning: Timing checks are not supported and delayed signal "CLK_delayed" will not be driven.
/home/vinicius.silva/.ciel/ciel/sky130/versions/0fe599b2afb6708d281543108caf8310912f54af/sky130A/libs.ref/sky130_fd_sc_hd/verilog/sky130_fd_sc_hd.v:144826: warning: Timing checks are not supported and delayed signal "SCE_delayed" will not be driven.
/home/vinicius.silva/.ciel/ciel/sky130/versions/0fe599b2afb6708d281543108caf8310912f54af/sky130A/libs.ref/sky130_fd_sc_hd/verilog/sky130_fd_sc_hd.v:145220: warning: Timing checks are not supported and delayed signal "CLK_delayed" will not be driven.
/home/vinicius.silva/.ciel/ciel/sky130/versions/0fe599b2afb6708d281543108caf8310912f54af/sky130A/libs.ref/sky130_fd_sc_hd/verilog/sky130_fd_sc_hd.v:145220: warning: Timing checks are not supported and delayed signal "DE_delayed" will not be driven.
/home/vinicius.silva/.ciel/ciel/sky130/versions/0fe599b2afb6708d281543108caf8310912f54af/sky130A/libs.ref/sky130_fd_sc_hd/verilog/sky130_fd_sc_hd.v:145221: warning: Timing checks are not supported and delayed signal "CLK_delayed" will not be driven.
/home/vinicius.silva/.ciel/ciel/sky130/versions/0fe599b2afb6708d281543108caf8310912f54af/sky130A/libs.ref/sky130_fd_sc_hd/verilog/sky130_fd_sc_hd.v:145221: warning: Timing checks are not supported and delayed signal "DE_delayed" will not be driven.
/home/vinicius.silva/.ciel/ciel/sky130/versions/0fe599b2afb6708d281543108caf8310912f54af/sky130A/libs.ref/sky130_fd_sc_hd/verilog/sky130_fd_sc_hd.v:145222: warning: Timing checks are not supported and delayed signal "CLK_delayed" will not be driven.
/home/vinicius.silva/.ciel/ciel/sky130/versions/0fe599b2afb6708d281543108caf8310912f54af/sky130A/libs.ref/sky130_fd_sc_hd/verilog/sky130_fd_sc_hd.v:145222: warning: Timing checks are not supported and delayed signal "D_delayed" will not be driven.
/home/vinicius.silva/.ciel/ciel/sky130/versions/0fe599b2afb6708d281543108caf8310912f54af/sky130A/libs.ref/sky130_fd_sc_hd/verilog/sky130_fd_sc_hd.v:145223: warning: Timing checks are not supported and delayed signal "CLK_delayed" will not be driven.
/home/vinicius.silva/.ciel/ciel/sky130/versions/0fe599b2afb6708d281543108caf8310912f54af/sky130A/libs.ref/sky130_fd_sc_hd/verilog/sky130_fd_sc_hd.v:145223: warning: Timing checks are not supported and delayed signal "D_delayed" will not be driven.
/home/vinicius.silva/.ciel/ciel/sky130/versions/0fe599b2afb6708d281543108caf8310912f54af/sky130A/libs.ref/sky130_fd_sc_hd/verilog/sky130_fd_sc_hd.v:145224: warning: Timing checks are not supported and delayed signal "CLK_delayed" will not be driven.
/home/vinicius.silva/.ciel/ciel/sky130/versions/0fe599b2afb6708d281543108caf8310912f54af/sky130A/libs.ref/sky130_fd_sc_hd/verilog/sky130_fd_sc_hd.v:145224: warning: Timing checks are not supported and delayed signal "SCD_delayed" will not be driven.
/home/vinicius.silva/.ciel/ciel/sky130/versions/0fe599b2afb6708d281543108caf8310912f54af/sky130A/libs.ref/sky130_fd_sc_hd/verilog/sky130_fd_sc_hd.v:145225: warning: Timing checks are not supported and delayed signal "CLK_delayed" will not be driven.
/home/vinicius.silva/.ciel/ciel/sky130/versions/0fe599b2afb6708d281543108caf8310912f54af/sky130A/libs.ref/sky130_fd_sc_hd/verilog/sky130_fd_sc_hd.v:145225: warning: Timing checks are not supported and delayed signal "SCD_delayed" will not be driven.
/home/vinicius.silva/.ciel/ciel/sky130/versions/0fe599b2afb6708d281543108caf8310912f54af/sky130A/libs.ref/sky130_fd_sc_hd/verilog/sky130_fd_sc_hd.v:145226: warning: Timing checks are not supported and delayed signal "CLK_delayed" will not be driven.
/home/vinicius.silva/.ciel/ciel/sky130/versions/0fe599b2afb6708d281543108caf8310912f54af/sky130A/libs.ref/sky130_fd_sc_hd/verilog/sky130_fd_sc_hd.v:145226: warning: Timing checks are not supported and delayed signal "SCE_delayed" will not be driven.
/home/vinicius.silva/.ciel/ciel/sky130/versions/0fe599b2afb6708d281543108caf8310912f54af/sky130A/libs.ref/sky130_fd_sc_hd/verilog/sky130_fd_sc_hd.v:145227: warning: Timing checks are not supported and delayed signal "CLK_delayed" will not be driven.
/home/vinicius.silva/.ciel/ciel/sky130/versions/0fe599b2afb6708d281543108caf8310912f54af/sky130A/libs.ref/sky130_fd_sc_hd/verilog/sky130_fd_sc_hd.v:145227: warning: Timing checks are not supported and delayed signal "SCE_delayed" will not be driven.
warning: Some design elements have no explicit time unit and/or
       : time precision. This may cause confusing timing results.
       : Affected design elements are:
       :   -- package dma_pkg declared here: /home/vinicius.silva/axi_dma/rtl/dma_pkg.sv:3
